pass,warmup,order,version,position,phase,depth,time_ms,bestmove,search_eval,static_eval,completed_depth
0,1,0,v1_baseline,P01,opening,4,84.522,a7a5,,-53,4
0,1,0,v1_baseline,P01,opening,5,379.857,b8c6,,-53,5
0,1,0,v1_baseline,P01,opening,6,1815.596,b8c6,,-53,6
0,1,0,v1_baseline,P02,opening,4,226.366,e8g8,,20,4
0,1,0,v1_baseline,P02,opening,5,1245.727,e8g8,,20,5
0,1,0,v1_baseline,P02,opening,6,5607.706,c5b4,,20,6
0,1,0,v1_baseline,P03,opening,4,91.848,a7a5,,27,4
0,1,0,v1_baseline,P03,opening,5,379.426,c8e6,,27,5
0,1,0,v1_baseline,P03,opening,6,2192.172,c8e6,,27,6
0,1,0,v1_baseline,P04,opening,4,126.537,d4e5,,18,4
0,1,0,v1_baseline,P04,opening,5,397.906,d4e5,,18,5
0,1,0,v1_baseline,P04,opening,6,1803.409,d4e5,,18,6
0,1,0,v1_baseline,P05,opening,4,154.915,e1g1,,-11,4
0,1,0,v1_baseline,P05,opening,5,828.211,e1g1,,-11,5
0,1,0,v1_baseline,P05,opening,6,3409.722,e1g1,,-11,6
0,1,0,v1_baseline,P06,opening,4,87.475,f1c4,,-19,4
0,1,0,v1_baseline,P06,opening,5,479.377,f1c4,,-19,5
0,1,0,v1_baseline,P06,opening,6,1655.886,f1c4,,-19,6
0,1,0,v1_baseline,P07,opening,4,58.305,g8f6,,-26,4
0,1,0,v1_baseline,P07,opening,5,278.396,g8f6,,-26,5
0,1,0,v1_baseline,P07,opening,6,1327.539,g8f6,,-26,6
0,1,0,v1_baseline,P08,opening,4,90.454,g8f6,,19,4
0,1,0,v1_baseline,P08,opening,5,461.207,g8f6,,19,5
0,1,0,v1_baseline,P08,opening,6,2552.756,b8c6,,19,6
0,1,0,v1_baseline,P09,opening,4,117.906,e3e4,,158,4
0,1,0,v1_baseline,P09,opening,5,733.530,d3c2,,158,5
0,1,0,v1_baseline,P09,opening,6,3175.507,d3c2,,158,6
0,1,0,v1_baseline,P10,opening,4,66.041,g8f6,,13,4
0,1,0,v1_baseline,P10,opening,5,300.641,e7e5,,13,5
0,1,0,v1_baseline,P10,opening,6,1193.951,d6d5,,13,6
0,1,0,v1_baseline,P11,opening,4,56.523,f1d3,,-55,4
0,1,0,v1_baseline,P11,opening,5,251.469,e4e5,,-55,5
0,1,0,v1_baseline,P11,opening,6,1068.029,e4e5,,-55,6
0,1,0,v1_baseline,P12,opening,4,115.417,c8d7,,-14,4
0,1,0,v1_baseline,P12,opening,5,315.880,c8d7,,-14,5
0,1,0,v1_baseline,P12,opening,6,1310.477,c8d7,,-14,6
0,1,0,v1_baseline,P13,opening,4,13.678,b8c6,,-1,4
0,1,0,v1_baseline,P13,opening,5,104.643,e7e6,,-1,5
0,1,0,v1_baseline,P13,opening,6,505.924,e7e6,,-1,6
0,1,0,v1_baseline,P14,opening,4,39.876,c6d4,,-37,4
0,1,0,v1_baseline,P14,opening,5,193.245,c6d4,,-37,5
0,1,0,v1_baseline,P14,opening,6,1037.367,c6d4,,-37,6
0,1,0,v1_baseline,P15,middlegame,4,96.512,h4g3,,76,4
0,1,0,v1_baseline,P15,middlegame,5,557.988,h4g3,,76,5
0,1,0,v1_baseline,P15,middlegame,6,2497.492,h4g3,,76,6
0,1,0,v1_baseline,P16,middlegame,4,182.100,a6a5,,-97,4
0,1,0,v1_baseline,P16,middlegame,5,649.409,a6a5,,-97,5
0,1,0,v1_baseline,P16,middlegame,6,3972.483,c8b7,,-97,6
0,1,0,v1_baseline,P17,middlegame,4,259.446,c6b4,,-124,4
0,1,0,v1_baseline,P17,middlegame,5,1222.279,e7g6,,-124,5
0,1,0,v1_baseline,P17,middlegame,6,6288.268,c6b4,,-124,6
0,1,0,v1_baseline,P18,middlegame,4,90.509,c1e3,,117,4
0,1,0,v1_baseline,P18,middlegame,5,453.464,c1e3,,117,5
0,1,0,v1_baseline,P18,middlegame,6,2062.521,c1e3,,117,6
0,1,0,v1_baseline,P19,middlegame,4,3.758,c4d5,,-197,4
0,1,0,v1_baseline,P19,middlegame,5,18.236,c4d5,,-197,5
0,1,0,v1_baseline,P19,middlegame,6,59.968,c4d5,,-197,6
0,1,0,v1_baseline,P20,middlegame,4,135.738,h7h6,,40,4
0,1,0,v1_baseline,P20,middlegame,5,554.560,h7h6,,40,5
0,1,0,v1_baseline,P20,middlegame,6,2242.623,h7h6,,40,6
0,1,0,v1_baseline,P21,middlegame,4,117.844,e7d5,,-46,4
0,1,0,v1_baseline,P21,middlegame,5,428.834,e7d5,,-46,5
0,1,0,v1_baseline,P21,middlegame,6,2403.770,e7d5,,-46,6
0,1,0,v1_baseline,P22,middlegame,4,107.759,g1h1,,69,4
0,1,0,v1_baseline,P22,middlegame,5,339.580,g1h1,,69,5
0,1,0,v1_baseline,P22,middlegame,6,1751.266,g1h1,,69,6
0,1,0,v1_baseline,P23,middlegame,4,170.757,f8e8,,33,4
0,1,0,v1_baseline,P23,middlegame,5,894.745,f8e8,,33,5
0,1,0,v1_baseline,P23,middlegame,6,3905.650,e7f6,,33,6
0,1,0,v1_baseline,P24,middlegame,4,189.040,b5c6,,156,4
0,1,0,v1_baseline,P24,middlegame,5,1469.990,b5c6,,156,5
0,1,0,v1_baseline,P24,middlegame,6,5456.101,f4e3,,156,6
0,1,0,v1_baseline,P25,middlegame,4,315.543,d7f6,,-100,4
0,1,0,v1_baseline,P25,middlegame,5,1345.293,d7b6,,-100,5
0,1,0,v1_baseline,P25,middlegame,6,5691.619,d7b6,,-100,6
0,1,0,v1_baseline,P26,middlegame,4,85.481,g8g7,,-298,4
0,1,0,v1_baseline,P26,middlegame,5,601.732,g8g7,,-298,5
0,1,0,v1_baseline,P26,middlegame,6,2907.655,g8g7,,-298,6
0,1,0,v1_baseline,P27,middlegame,4,43.699,b4c6,,-98,4
0,1,0,v1_baseline,P27,middlegame,5,208.367,b4c6,,-98,5
0,1,0,v1_baseline,P27,middlegame,6,829.427,b4c6,,-98,6
0,1,0,v1_baseline,P28,middlegame,4,109.078,c3d3,,-86,4
0,1,0,v1_baseline,P28,middlegame,5,428.137,c3d3,,-86,5
0,1,0,v1_baseline,P28,middlegame,6,1296.935,c3d3,,-86,6
0,1,0,v1_baseline,P29,middlegame,4,92.503,d8e8,,-52,4
0,1,0,v1_baseline,P29,middlegame,5,472.213,c8b8,,-52,5
0,1,0,v1_baseline,P29,middlegame,6,2395.904,c8b8,,-52,6
0,1,0,v1_baseline,P30,middlegame,4,226.878,f5f4,,-100,4
0,1,0,v1_baseline,P30,middlegame,5,1105.297,f5f4,,-100,5
0,1,0,v1_baseline,P30,middlegame,6,4037.027,f5f4,,-100,6
0,1,0,v1_baseline,P31,endgame,4,59.910,c5g1,,-280,4
0,1,0,v1_baseline,P31,endgame,5,196.959,c5g1,,-280,5
0,1,0,v1_baseline,P31,endgame,6,303.145,c5g1,,-280,6
0,1,0,v1_baseline,P32,endgame,4,16.623,f2e3,,156,4
0,1,0,v1_baseline,P32,endgame,5,42.089,f2e3,,156,5
0,1,0,v1_baseline,P32,endgame,6,104.992,f2e3,,156,6
0,1,0,v1_baseline,P33,endgame,4,42.425,b4a4,,-113,4
0,1,0,v1_baseline,P33,endgame,5,127.497,b4a4,,-113,5
0,1,0,v1_baseline,P33,endgame,6,587.055,b4a4,,-113,6
0,1,0,v1_baseline,P34,endgame,4,4.794,a5a6,,341,4
0,1,0,v1_baseline,P34,endgame,5,16.182,a5a7,,341,5
0,1,0,v1_baseline,P34,endgame,6,52.379,a5a6,,341,6
0,1,0,v1_baseline,P35,endgame,4,49.546,f2g1,,36,4
0,1,0,v1_baseline,P35,endgame,5,154.278,f2g1,,36,5
0,1,0,v1_baseline,P35,endgame,6,542.818,f2g1,,36,6
0,1,0,v1_baseline,P36,endgame,4,30.324,g1f2,,-23,4
0,1,0,v1_baseline,P36,endgame,5,80.534,g1f2,,-23,5
0,1,0,v1_baseline,P36,endgame,6,202.730,g1f2,,-23,6
0,1,0,v1_baseline,P37,endgame,4,33.253,g3g7,,23,4
0,1,0,v1_baseline,P37,endgame,5,91.467,g8g7,,23,5
0,1,0,v1_baseline,P37,endgame,6,306.070,g3g7,,23,6
0,1,0,v1_baseline,P38,endgame,4,11.012,a4b5,,-15,4
0,1,0,v1_baseline,P38,endgame,5,46.241,a4b5,,-15,5
0,1,0,v1_baseline,P38,endgame,6,155.948,a4b5,,-15,6
0,1,0,v1_baseline,P39,endgame,4,29.540,d2g2,,-37,4
0,1,0,v1_baseline,P39,endgame,5,114.161,d2g2,,-37,5
0,1,0,v1_baseline,P39,endgame,6,514.884,d2a2,,-37,6
0,1,0,v1_baseline,P40,endgame,4,33.981,e3e8,,99,4
0,1,0,v1_baseline,P40,endgame,5,124.162,e3e8,,99,5
0,1,0,v1_baseline,P40,endgame,6,322.944,a4a5,,99,6
0,1,1,v2_tablebase,P01,opening,4,77.185,a7a5,,-53,4
0,1,1,v2_tablebase,P01,opening,5,294.281,b8c6,,-53,5
0,1,1,v2_tablebase,P01,opening,6,1450.990,b8c6,,-53,6
0,1,1,v2_tablebase,P02,opening,4,171.924,e8g8,,20,4
0,1,1,v2_tablebase,P02,opening,5,1047.413,e8g8,,20,5
0,1,1,v2_tablebase,P02,opening,6,3923.490,c5b4,,20,6
0,1,1,v2_tablebase,P03,opening,4,85.719,a7a5,,27,4
0,1,1,v2_tablebase,P03,opening,5,369.669,c8e6,,27,5
0,1,1,v2_tablebase,P03,opening,6,1524.875,c8e6,,27,6
0,1,1,v2_tablebase,P04,opening,4,86.095,d4e5,,18,4
0,1,1,v2_tablebase,P04,opening,5,308.616,d4e5,,18,5
0,1,1,v2_tablebase,P04,opening,6,1397.160,d4e5,,18,6
0,1,1,v2_tablebase,P05,opening,4,173.314,e1g1,,-11,4
0,1,1,v2_tablebase,P05,opening,5,783.007,e1g1,,-11,5
0,1,1,v2_tablebase,P05,opening,6,2763.512,e1g1,,-11,6
0,1,1,v2_tablebase,P06,opening,4,62.271,f1c4,,-19,4
0,1,1,v2_tablebase,P06,opening,5,310.961,f1c4,,-19,5
0,1,1,v2_tablebase,P06,opening,6,1080.749,f1c4,,-19,6
0,1,1,v2_tablebase,P07,opening,4,59.626,g8f6,,-26,4
0,1,1,v2_tablebase,P07,opening,5,342.236,g8f6,,-26,5
0,1,1,v2_tablebase,P07,opening,6,1160.245,g8f6,,-26,6
0,1,1,v2_tablebase,P08,opening,4,54.138,g8f6,,19,4
0,1,1,v2_tablebase,P08,opening,5,215.664,g8f6,,19,5
0,1,1,v2_tablebase,P08,opening,6,1711.764,b8c6,,19,6
0,1,1,v2_tablebase,P09,opening,4,88.937,e3e4,,158,4
0,1,1,v2_tablebase,P09,opening,5,511.138,d3c2,,158,5
0,1,1,v2_tablebase,P09,opening,6,1867.237,d3c2,,158,6
0,1,1,v2_tablebase,P10,opening,4,50.735,g8f6,,13,4
0,1,1,v2_tablebase,P10,opening,5,250.769,e7e5,,13,5
0,1,1,v2_tablebase,P10,opening,6,1003.385,d6d5,,13,6
0,1,1,v2_tablebase,P11,opening,4,45.886,f1d3,,-55,4
0,1,1,v2_tablebase,P11,opening,5,187.345,e4e5,,-55,5
0,1,1,v2_tablebase,P11,opening,6,886.517,e4e5,,-55,6
0,1,1,v2_tablebase,P12,opening,4,78.016,c8d7,,-14,4
0,1,1,v2_tablebase,P12,opening,5,252.354,c8d7,,-14,5
0,1,1,v2_tablebase,P12,opening,6,686.450,c8d7,,-14,6
0,1,1,v2_tablebase,P13,opening,4,18.844,b8c6,,-1,4
0,1,1,v2_tablebase,P13,opening,5,102.884,e7e6,,-1,5
0,1,1,v2_tablebase,P13,opening,6,408.732,e7e6,,-1,6
0,1,1,v2_tablebase,P14,opening,4,32.940,c6d4,,-37,4
0,1,1,v2_tablebase,P14,opening,5,161.650,c6d4,,-37,5
0,1,1,v2_tablebase,P14,opening,6,873.231,c6d4,,-37,6
0,1,1,v2_tablebase,P15,middlegame,4,88.836,h4g3,,76,4
0,1,1,v2_tablebase,P15,middlegame,5,454.008,h4g3,,76,5
0,1,1,v2_tablebase,P15,middlegame,6,2269.489,h4g3,,76,6
0,1,1,v2_tablebase,P16,middlegame,4,113.031,a6a5,,-97,4
0,1,1,v2_tablebase,P16,middlegame,5,518.406,a6a5,,-97,5
0,1,1,v2_tablebase,P16,middlegame,6,2811.697,c8b7,,-97,6
0,1,1,v2_tablebase,P17,middlegame,4,188.277,c6b4,,-124,4
0,1,1,v2_tablebase,P17,middlegame,5,1021.188,e7g6,,-124,5
0,1,1,v2_tablebase,P17,middlegame,6,4985.468,c6b4,,-124,6
0,1,1,v2_tablebase,P18,middlegame,4,92.841,c1e3,,117,4
0,1,1,v2_tablebase,P18,middlegame,5,376.813,c1e3,,117,5
0,1,1,v2_tablebase,P18,middlegame,6,1655.939,c1e3,,117,6
0,1,1,v2_tablebase,P19,middlegame,4,3.320,c4d5,,-197,4
0,1,1,v2_tablebase,P19,middlegame,5,14.167,c4d5,,-197,5
0,1,1,v2_tablebase,P19,middlegame,6,35.516,c4d5,,-197,6
0,1,1,v2_tablebase,P20,middlegame,4,89.405,h7h6,,40,4
0,1,1,v2_tablebase,P20,middlegame,5,466.144,h7h6,,40,5
0,1,1,v2_tablebase,P20,middlegame,6,1950.522,h7h6,,40,6
0,1,1,v2_tablebase,P21,middlegame,4,101.696,e7d5,,-46,4
0,1,1,v2_tablebase,P21,middlegame,5,371.913,e7d5,,-46,5
0,1,1,v2_tablebase,P21,middlegame,6,2042.622,e7d5,,-46,6
0,1,1,v2_tablebase,P22,middlegame,4,92.132,g1h1,,69,4
0,1,1,v2_tablebase,P22,middlegame,5,301.871,g1h1,,69,5
0,1,1,v2_tablebase,P22,middlegame,6,1447.497,g1h1,,69,6
0,1,1,v2_tablebase,P23,middlegame,4,146.716,f8e8,,33,4
0,1,1,v2_tablebase,P23,middlegame,5,661.480,f8e8,,33,5
0,1,1,v2_tablebase,P23,middlegame,6,3549.434,e7f6,,33,6
0,1,1,v2_tablebase,P24,middlegame,4,157.051,b5c6,,156,4
0,1,1,v2_tablebase,P24,middlegame,5,1159.459,b5c6,,156,5
0,1,1,v2_tablebase,P24,middlegame,6,4598.715,f4e3,,156,6
0,1,1,v2_tablebase,P25,middlegame,4,201.051,d7f6,,-100,4
0,1,1,v2_tablebase,P25,middlegame,5,981.307,d7b6,,-100,5
0,1,1,v2_tablebase,P25,middlegame,6,4770.164,d7b6,,-100,6
0,1,1,v2_tablebase,P26,middlegame,4,74.131,g8g7,,-298,4
0,1,1,v2_tablebase,P26,middlegame,5,482.065,g8g7,,-298,5
0,1,1,v2_tablebase,P26,middlegame,6,2342.256,g8g7,,-298,6
0,1,1,v2_tablebase,P27,middlegame,4,39.227,b4c6,,-98,4
0,1,1,v2_tablebase,P27,middlegame,5,149.433,b4c6,,-98,5
0,1,1,v2_tablebase,P27,middlegame,6,673.331,b4c6,,-98,6
0,1,1,v2_tablebase,P28,middlegame,4,133.318,c3d3,,-86,4
0,1,1,v2_tablebase,P28,middlegame,5,429.922,c3d3,,-86,5
0,1,1,v2_tablebase,P28,middlegame,6,1272.093,c3d3,,-86,6
0,1,1,v2_tablebase,P29,middlegame,4,79.520,d8e8,,-52,4
0,1,1,v2_tablebase,P29,middlegame,5,467.980,d8e8,,-52,5
0,1,1,v2_tablebase,P29,middlegame,6,1719.989,c8b8,,-52,6
0,1,1,v2_tablebase,P30,middlegame,4,164.462,f5f4,,-100,4
0,1,1,v2_tablebase,P30,middlegame,5,844.280,f5f4,,-100,5
0,1,1,v2_tablebase,P30,middlegame,6,3243.571,f5f4,,-100,6
0,1,1,v2_tablebase,P31,endgame,4,51.503,c5g1,,-280,4
0,1,1,v2_tablebase,P31,endgame,5,130.593,c5g1,,-280,5
0,1,1,v2_tablebase,P31,endgame,6,254.423,c5g1,,-280,6
0,1,1,v2_tablebase,P32,endgame,4,13.487,f2e3,,156,4
0,1,1,v2_tablebase,P32,endgame,5,36.784,f2e3,,156,5
0,1,1,v2_tablebase,P32,endgame,6,91.512,f2e3,,156,6
0,1,1,v2_tablebase,P33,endgame,4,27.134,b4a4,,-113,4
0,1,1,v2_tablebase,P33,endgame,5,65.445,b4a4,,-113,5
0,1,1,v2_tablebase,P33,endgame,6,406.300,b4a4,,-113,6
0,1,1,v2_tablebase,P34,endgame,4,3.672,a5a6,,341,4
0,1,1,v2_tablebase,P34,endgame,5,14.242,a5a7,,341,5
0,1,1,v2_tablebase,P34,endgame,6,35.333,a5a6,,341,6
0,1,1,v2_tablebase,P35,endgame,4,41.913,f2g1,,36,4
0,1,1,v2_tablebase,P35,endgame,5,146.415,f2g1,,36,5
0,1,1,v2_tablebase,P35,endgame,6,362.000,f2g1,,36,6
0,1,1,v2_tablebase,P36,endgame,4,24.875,g1f2,,-23,4
0,1,1,v2_tablebase,P36,endgame,5,70.055,g1f2,,-23,5
0,1,1,v2_tablebase,P36,endgame,6,180.250,g1f2,,-23,6
0,1,1,v2_tablebase,P37,endgame,4,44.050,g3g7,,23,4
0,1,1,v2_tablebase,P37,endgame,5,117.164,g3g7,,23,5
0,1,1,v2_tablebase,P37,endgame,6,310.373,g8g7,,23,6
0,1,1,v2_tablebase,P38,endgame,4,9.228,a4b5,,-15,4
0,1,1,v2_tablebase,P38,endgame,5,37.782,a4b5,,-15,5
0,1,1,v2_tablebase,P38,endgame,6,139.239,a4b5,,-15,6
0,1,1,v2_tablebase,P39,endgame,4,18.813,d2g2,,-37,4
0,1,1,v2_tablebase,P39,endgame,5,64.502,d2g2,,-37,5
0,1,1,v2_tablebase,P39,endgame,6,287.986,d2a2,,-37,6
0,1,1,v2_tablebase,P40,endgame,4,31.978,e3e8,,99,4
0,1,1,v2_tablebase,P40,endgame,5,113.466,e3e8,,99,5
0,1,1,v2_tablebase,P40,endgame,6,292.698,a4a5,,99,6
0,1,2,v3_engine,P01,opening,4,18.589,a7a5,,-53,4
0,1,2,v3_engine,P01,opening,5,65.700,b8c6,,-53,5
0,1,2,v3_engine,P01,opening,6,309.585,b8c6,,-53,6
0,1,2,v3_engine,P02,opening,4,24.658,e8g8,,20,4
0,1,2,v3_engine,P02,opening,5,147.077,e8g8,,20,5
0,1,2,v3_engine,P02,opening,6,643.402,c5b4,,20,6
0,1,2,v3_engine,P03,opening,4,16.499,a7a5,,27,4
0,1,2,v3_engine,P03,opening,5,72.020,c8e6,,27,5
0,1,2,v3_engine,P03,opening,6,296.936,c8e6,,27,6
0,1,2,v3_engine,P04,opening,4,14.124,d4e5,,18,4
0,1,2,v3_engine,P04,opening,5,58.144,d4e5,,18,5
0,1,2,v3_engine,P04,opening,6,251.136,d4e5,,18,6
0,1,2,v3_engine,P05,opening,4,21.617,e1g1,,-11,4
0,1,2,v3_engine,P05,opening,5,120.362,e1g1,,-11,5
0,1,2,v3_engine,P05,opening,6,403.090,e1g1,,-11,6
0,1,2,v3_engine,P06,opening,4,12.786,f1c4,,-19,4
0,1,2,v3_engine,P06,opening,5,72.769,f1c4,,-19,5
0,1,2,v3_engine,P06,opening,6,217.733,f1c4,,-19,6
0,1,2,v3_engine,P07,opening,4,14.063,g8f6,,-26,4
0,1,2,v3_engine,P07,opening,5,76.010,g8f6,,-26,5
0,1,2,v3_engine,P07,opening,6,263.286,g8f6,,-26,6
0,1,2,v3_engine,P08,opening,4,8.807,g8f6,,19,4
0,1,2,v3_engine,P08,opening,5,42.172,g8f6,,19,5
0,1,2,v3_engine,P08,opening,6,302.090,b8c6,,19,6
0,1,2,v3_engine,P09,opening,4,17.536,e3e4,,158,4
0,1,2,v3_engine,P09,opening,5,103.719,d3c2,,158,5
0,1,2,v3_engine,P09,opening,6,353.649,d3c2,,158,6
0,1,2,v3_engine,P10,opening,4,9.708,g8f6,,13,4
0,1,2,v3_engine,P10,opening,5,50.632,e7e5,,13,5
0,1,2,v3_engine,P10,opening,6,211.110,d6d5,,13,6
0,1,2,v3_engine,P11,opening,4,10.602,f1d3,,-55,4
0,1,2,v3_engine,P11,opening,5,43.865,e4e5,,-55,5
0,1,2,v3_engine,P11,opening,6,201.746,e4e5,,-55,6
0,1,2,v3_engine,P12,opening,4,15.857,c8d7,,-14,4
0,1,2,v3_engine,P12,opening,5,48.175,c8d7,,-14,5
0,1,2,v3_engine,P12,opening,6,136.836,c8d7,,-14,6
0,1,2,v3_engine,P13,opening,4,4.512,b8c6,,-1,4
0,1,2,v3_engine,P13,opening,5,26.088,e7e6,,-1,5
0,1,2,v3_engine,P13,opening,6,96.895,e7e6,,-1,6
0,1,2,v3_engine,P14,opening,4,7.911,c6d4,,-37,4
0,1,2,v3_engine,P14,opening,5,36.570,c6d4,,-37,5
0,1,2,v3_engine,P14,opening,6,163.605,c6d4,,-37,6
0,1,2,v3_engine,P15,middlegame,4,13.327,h4g3,,76,4
0,1,2,v3_engine,P15,middlegame,5,78.400,h4g3,,76,5
0,1,2,v3_engine,P15,middlegame,6,314.217,h4g3,,76,6
0,1,2,v3_engine,P16,middlegame,4,19.890,a6a5,,-97,4
0,1,2,v3_engine,P16,middlegame,5,93.324,a6a5,,-97,5
0,1,2,v3_engine,P16,middlegame,6,513.773,c8b7,,-97,6
0,1,2,v3_engine,P17,middlegame,4,26.847,c6b4,,-124,4
0,1,2,v3_engine,P17,middlegame,5,158.316,e7g6,,-124,5
0,1,2,v3_engine,P17,middlegame,6,769.147,c6b4,,-124,6
0,1,2,v3_engine,P18,middlegame,4,16.949,c1e3,,117,4
0,1,2,v3_engine,P18,middlegame,5,83.752,c1e3,,117,5
0,1,2,v3_engine,P18,middlegame,6,311.928,c1e3,,117,6
0,1,2,v3_engine,P19,middlegame,4,1.147,c4d5,,-197,4
0,1,2,v3_engine,P19,middlegame,5,4.730,c4d5,,-197,5
0,1,2,v3_engine,P19,middlegame,6,11.571,c4d5,,-197,6
0,1,2,v3_engine,P20,middlegame,4,17.706,h7h6,,40,4
0,1,2,v3_engine,P20,middlegame,5,98.270,h7h6,,40,5
0,1,2,v3_engine,P20,middlegame,6,377.485,h7h6,,40,6
0,1,2,v3_engine,P21,middlegame,4,11.447,e7d5,,-46,4
0,1,2,v3_engine,P21,middlegame,5,49.857,e7d5,,-46,5
0,1,2,v3_engine,P21,middlegame,6,245.021,e7d5,,-46,6
0,1,2,v3_engine,P22,middlegame,4,13.659,g1h1,,69,4
0,1,2,v3_engine,P22,middlegame,5,49.565,g1h1,,69,5
0,1,2,v3_engine,P22,middlegame,6,244.418,g1h1,,69,6
0,1,2,v3_engine,P23,middlegame,4,24.446,f8e8,,33,4
0,1,2,v3_engine,P23,middlegame,5,120.542,f8e8,,33,5
0,1,2,v3_engine,P23,middlegame,6,612.556,e7f6,,33,6
0,1,2,v3_engine,P24,middlegame,4,22.828,b5c6,,156,4
0,1,2,v3_engine,P24,middlegame,5,190.441,b5c6,,156,5
0,1,2,v3_engine,P24,middlegame,6,677.362,f4e3,,156,6
0,1,2,v3_engine,P25,middlegame,4,28.888,d7f6,,-100,4
0,1,2,v3_engine,P25,middlegame,5,153.001,d7b6,,-100,5
0,1,2,v3_engine,P25,middlegame,6,770.902,d7b6,,-100,6
0,1,2,v3_engine,P26,middlegame,4,14.232,g8g7,,-298,4
0,1,2,v3_engine,P26,middlegame,5,80.263,g8g7,,-298,5
0,1,2,v3_engine,P26,middlegame,6,407.339,g8g7,,-298,6
0,1,2,v3_engine,P27,middlegame,4,7.357,b4c6,,-98,4
0,1,2,v3_engine,P27,middlegame,5,30.385,b4c6,,-98,5
0,1,2,v3_engine,P27,middlegame,6,121.036,b4c6,,-98,6
0,1,2,v3_engine,P28,middlegame,4,27.753,c3d3,,-86,4
0,1,2,v3_engine,P28,middlegame,5,88.908,c3d3,,-86,5
0,1,2,v3_engine,P28,middlegame,6,262.325,c3d3,,-86,6
0,1,2,v3_engine,P29,middlegame,4,14.172,d8e8,,-52,4
0,1,2,v3_engine,P29,middlegame,5,82.175,d8e8,,-52,5
0,1,2,v3_engine,P29,middlegame,6,329.024,c8b8,,-52,6
0,1,2,v3_engine,P30,middlegame,4,26.800,f5f4,,-100,4
0,1,2,v3_engine,P30,middlegame,5,138.833,f5f4,,-100,5
0,1,2,v3_engine,P30,middlegame,6,555.716,f5f4,,-100,6
0,1,2,v3_engine,P31,endgame,4,11.132,c5g1,,-280,4
0,1,2,v3_engine,P31,endgame,5,29.030,c5g1,,-280,5
0,1,2,v3_engine,P31,endgame,6,60.217,c5g1,,-280,6
0,1,2,v3_engine,P32,endgame,4,3.930,f2e3,,156,4
0,1,2,v3_engine,P32,endgame,5,10.485,f2e3,,156,5
0,1,2,v3_engine,P32,endgame,6,24.973,f2e3,,156,6
0,1,2,v3_engine,P33,endgame,4,5.784,b4a4,,-113,4
0,1,2,v3_engine,P33,endgame,5,16.131,b4a4,,-113,5
0,1,2,v3_engine,P33,endgame,6,85.074,b4a4,,-113,6
0,1,2,v3_engine,P34,endgame,4,1.347,a5a6,,341,4
0,1,2,v3_engine,P34,endgame,5,4.667,a5a7,,341,5
0,1,2,v3_engine,P34,endgame,6,11.320,a5a6,,341,6
0,1,2,v3_engine,P35,endgame,4,7.406,f2g1,,36,4
0,1,2,v3_engine,P35,endgame,5,24.604,f2g1,,36,5
0,1,2,v3_engine,P35,endgame,6,56.096,f2g1,,36,6
0,1,2,v3_engine,P36,endgame,4,5.374,g1f2,,-23,4
0,1,2,v3_engine,P36,endgame,5,16.078,g1f2,,-23,5
0,1,2,v3_engine,P36,endgame,6,36.553,g1f2,,-23,6
0,1,2,v3_engine,P37,endgame,4,8.642,g3g7,,23,4
0,1,2,v3_engine,P37,endgame,5,23.436,g3g7,,23,5
0,1,2,v3_engine,P37,endgame,6,61.676,g8g7,,23,6
0,1,2,v3_engine,P38,endgame,4,2.452,a4b5,,-15,4
0,1,2,v3_engine,P38,endgame,5,9.426,a4b5,,-15,5
0,1,2,v3_engine,P38,endgame,6,36.575,a4b5,,-15,6
0,1,2,v3_engine,P39,endgame,4,4.737,d2g2,,-37,4
0,1,2,v3_engine,P39,endgame,5,15.375,d2g2,,-37,5
0,1,2,v3_engine,P39,endgame,6,67.121,d2a2,,-37,6
0,1,2,v3_engine,P40,endgame,4,7.258,e3e8,,99,4
0,1,2,v3_engine,P40,endgame,5,25.032,e3e8,,99,5
0,1,2,v3_engine,P40,endgame,6,64.665,a4a5,,99,6
0,1,3,v4_LMR,P01,opening,4,14.603,a7a5,,-53,4
0,1,3,v4_LMR,P01,opening,5,38.716,g8f6,,-53,5
0,1,3,v4_LMR,P01,opening,6,239.661,e7e5,,-53,6
0,1,3,v4_LMR,P02,opening,4,19.504,d8a5,,20,4
0,1,3,v4_LMR,P02,opening,5,66.353,e8g8,,20,5
0,1,3,v4_LMR,P02,opening,6,336.570,d8a5,,20,6
0,1,3,v4_LMR,P03,opening,4,12.615,a7a5,,27,4
0,1,3,v4_LMR,P03,opening,5,77.858,c8e6,,27,5
0,1,3,v4_LMR,P03,opening,6,292.294,c8e6,,27,6
0,1,3,v4_LMR,P04,opening,4,11.154,d4e5,,18,4
0,1,3,v4_LMR,P04,opening,5,33.598,d4e5,,18,5
0,1,3,v4_LMR,P04,opening,6,156.588,d4e5,,18,6
0,1,3,v4_LMR,P05,opening,4,16.152,e1g1,,-11,4
0,1,3,v4_LMR,P05,opening,5,63.486,e1g1,,-11,5
0,1,3,v4_LMR,P05,opening,6,255.059,e1g1,,-11,6
0,1,3,v4_LMR,P06,opening,4,13.271,f1c4,,-19,4
0,1,3,v4_LMR,P06,opening,5,53.610,f1c4,,-19,5
0,1,3,v4_LMR,P06,opening,6,195.204,f1c4,,-19,6
0,1,3,v4_LMR,P07,opening,4,13.025,g8f6,,-26,4
0,1,3,v4_LMR,P07,opening,5,62.736,g8f6,,-26,5
0,1,3,v4_LMR,P07,opening,6,213.724,g8f6,,-26,6
0,1,3,v4_LMR,P08,opening,4,6.452,g8f6,,19,4
0,1,3,v4_LMR,P08,opening,5,25.469,b8c6,,19,5
0,1,3,v4_LMR,P08,opening,6,185.612,b8c6,,19,6
0,1,3,v4_LMR,P09,opening,4,16.899,e3e4,,158,4
0,1,3,v4_LMR,P09,opening,5,46.045,e3e4,,158,5
0,1,3,v4_LMR,P09,opening,6,209.325,d3c2,,158,6
0,1,3,v4_LMR,P10,opening,4,7.026,g8f6,,13,4
0,1,3,v4_LMR,P10,opening,5,35.180,e7e5,,13,5
0,1,3,v4_LMR,P10,opening,6,140.754,d6d5,,13,6
0,1,3,v4_LMR,P11,opening,4,8.906,f1d3,,-55,4
0,1,3,v4_LMR,P11,opening,5,31.552,e4e5,,-55,5
0,1,3,v4_LMR,P11,opening,6,158.166,e4e5,,-55,6
0,1,3,v4_LMR,P12,opening,4,12.867,c8d7,,-14,4
0,1,3,v4_LMR,P12,opening,5,33.491,c8d7,,-14,5
0,1,3,v4_LMR,P12,opening,6,159.416,c8d7,,-14,6
0,1,3,v4_LMR,P13,opening,4,3.573,b8c6,,-1,4
0,1,3,v4_LMR,P13,opening,5,21.627,d7d5,,-1,5
0,1,3,v4_LMR,P13,opening,6,88.327,e7e6,,-1,6
0,1,3,v4_LMR,P14,opening,4,8.354,c6d4,,-37,4
0,1,3,v4_LMR,P14,opening,5,26.159,c6d4,,-37,5
0,1,3,v4_LMR,P14,opening,6,121.527,c6d4,,-37,6
0,1,3,v4_LMR,P15,middlegame,4,13.138,h4g3,,76,4
0,1,3,v4_LMR,P15,middlegame,5,46.105,h4g3,,76,5
0,1,3,v4_LMR,P15,middlegame,6,163.809,h4g3,,76,6
0,1,3,v4_LMR,P16,middlegame,4,15.096,a6a5,,-97,4
0,1,3,v4_LMR,P16,middlegame,5,45.390,a6a5,,-97,5
0,1,3,v4_LMR,P16,middlegame,6,315.526,e6e5,,-97,6
0,1,3,v4_LMR,P17,middlegame,4,23.745,c6b4,,-124,4
0,1,3,v4_LMR,P17,middlegame,5,72.895,c6b4,,-124,5
0,1,3,v4_LMR,P17,middlegame,6,310.253,e7f5,,-124,6
0,1,3,v4_LMR,P18,middlegame,4,17.126,c1e3,,117,4
0,1,3,v4_LMR,P18,middlegame,5,45.421,c1e3,,117,5
0,1,3,v4_LMR,P18,middlegame,6,139.183,c1e3,,117,6
0,1,3,v4_LMR,P19,middlegame,4,1.158,c4d5,,-197,4
0,1,3,v4_LMR,P19,middlegame,5,3.399,c4d5,,-197,5
0,1,3,v4_LMR,P19,middlegame,6,10.956,c4d5,,-197,6
0,1,3,v4_LMR,P20,middlegame,4,15.709,a8c8,,40,4
0,1,3,v4_LMR,P20,middlegame,5,69.062,h7h6,,40,5
0,1,3,v4_LMR,P20,middlegame,6,257.753,h7h6,,40,6
0,1,3,v4_LMR,P21,middlegame,4,9.513,e7d5,,-46,4
0,1,3,v4_LMR,P21,middlegame,5,32.163,e7d5,,-46,5
0,1,3,v4_LMR,P21,middlegame,6,134.124,e7d5,,-46,6
0,1,3,v4_LMR,P22,middlegame,4,14.795,f1g2,,69,4
0,1,3,v4_LMR,P22,middlegame,5,33.587,g1h1,,69,5
0,1,3,v4_LMR,P22,middlegame,6,98.159,g1h1,,69,6
0,1,3,v4_LMR,P23,middlegame,4,13.230,f8e8,,33,4
0,1,3,v4_LMR,P23,middlegame,5,50.623,e7f6,,33,5
0,1,3,v4_LMR,P23,middlegame,6,275.643,e7f6,,33,6
0,1,3,v4_LMR,P24,middlegame,4,15.165,b5c6,,156,4
0,1,3,v4_LMR,P24,middlegame,5,51.042,b5c6,,156,5
0,1,3,v4_LMR,P24,middlegame,6,244.228,f4e3,,156,6
0,1,3,v4_LMR,P25,middlegame,4,24.414,d7f6,,-100,4
0,1,3,v4_LMR,P25,middlegame,5,84.310,d7b6,,-100,5
0,1,3,v4_LMR,P25,middlegame,6,372.215,d7b6,,-100,6
0,1,3,v4_LMR,P26,middlegame,4,10.425,g8g7,,-298,4
0,1,3,v4_LMR,P26,middlegame,5,45.054,g8g7,,-298,5
0,1,3,v4_LMR,P26,middlegame,6,164.721,g8g7,,-298,6
0,1,3,v4_LMR,P27,middlegame,4,6.395,b4c6,,-98,4
0,1,3,v4_LMR,P27,middlegame,5,16.577,b4c6,,-98,5
0,1,3,v4_LMR,P27,middlegame,6,69.955,g5e6,,-98,6
0,1,3,v4_LMR,P28,middlegame,4,15.207,c3d3,,-86,4
0,1,3,v4_LMR,P28,middlegame,5,41.483,c3d3,,-86,5
0,1,3,v4_LMR,P28,middlegame,6,141.438,c3d3,,-86,6
0,1,3,v4_LMR,P29,middlegame,4,14.180,d8e8,,-52,4
0,1,3,v4_LMR,P29,middlegame,5,66.179,d8e8,,-52,5
0,1,3,v4_LMR,P29,middlegame,6,226.147,c8b8,,-52,6
0,1,3,v4_LMR,P30,middlegame,4,35.829,f5f4,,-100,4
0,1,3,v4_LMR,P30,middlegame,5,108.520,f5f4,,-100,5
0,1,3,v4_LMR,P30,middlegame,6,349.663,f5f4,,-100,6
0,1,3,v4_LMR,P31,endgame,4,4.228,c5g1,,-280,4
0,1,3,v4_LMR,P31,endgame,5,7.474,c5g1,,-280,5
0,1,3,v4_LMR,P31,endgame,6,17.966,c5g1,,-280,6
0,1,3,v4_LMR,P32,endgame,4,4.388,f2e3,,156,4
0,1,3,v4_LMR,P32,endgame,5,9.282,f2e3,,156,5
0,1,3,v4_LMR,P32,endgame,6,16.988,f2e3,,156,6
0,1,3,v4_LMR,P33,endgame,4,6.603,b4a4,,-113,4
0,1,3,v4_LMR,P33,endgame,5,16.487,b4a4,,-113,5
0,1,3,v4_LMR,P33,endgame,6,41.534,b4a4,,-113,6
0,1,3,v4_LMR,P34,endgame,4,1.599,a5a6,,341,4
0,1,3,v4_LMR,P34,endgame,5,4.177,a5a7,,341,5
0,1,3,v4_LMR,P34,endgame,6,8.972,a5a6,,341,6
0,1,3,v4_LMR,P35,endgame,4,6.726,f2g1,,36,4
0,1,3,v4_LMR,P35,endgame,5,20.560,f2g1,,36,5
0,1,3,v4_LMR,P35,endgame,6,37.061,f2g1,,36,6
0,1,3,v4_LMR,P36,endgame,4,6.411,g1f2,,-23,4
0,1,3,v4_LMR,P36,endgame,5,14.210,g1f2,,-23,5
0,1,3,v4_LMR,P36,endgame,6,35.401,g1f2,,-23,6
0,1,3,v4_LMR,P37,endgame,4,6.291,g3g7,,23,4
0,1,3,v4_LMR,P37,endgame,5,10.841,g3g7,,23,5
0,1,3,v4_LMR,P37,endgame,6,23.270,g8g7,,23,6
0,1,3,v4_LMR,P38,endgame,4,3.188,a4a5,,-15,4
0,1,3,v4_LMR,P38,endgame,5,6.338,a4b5,,-15,5
0,1,3,v4_LMR,P38,endgame,6,19.940,a4b5,,-15,6
0,1,3,v4_LMR,P39,endgame,4,3.503,d2g2,,-37,4
0,1,3,v4_LMR,P39,endgame,5,8.219,d2g2,,-37,5
0,1,3,v4_LMR,P39,endgame,6,39.521,d2a2,,-37,6
0,1,3,v4_LMR,P40,endgame,4,5.995,e3e8,,99,4
0,1,3,v4_LMR,P40,endgame,5,13.653,e3e8,,99,5
0,1,3,v4_LMR,P40,endgame,6,37.230,a4a5,,99,6
0,1,4,v4.1_LMR,P01,opening,4,10.774,b8c6,,-53,4
0,1,4,v4.1_LMR,P01,opening,5,23.192,g8f6,,-53,5
0,1,4,v4.1_LMR,P01,opening,6,74.822,b8c6,,-53,6
0,1,4,v4.1_LMR,P02,opening,4,15.918,d8b6,,20,4
0,1,4,v4.1_LMR,P02,opening,5,39.407,e8g8,,20,5
0,1,4,v4.1_LMR,P02,opening,6,163.290,d8a5,,20,6
0,1,4,v4.1_LMR,P03,opening,4,9.338,a7a5,,27,4
0,1,4,v4.1_LMR,P03,opening,5,32.042,c8e6,,27,5
0,1,4,v4.1_LMR,P03,opening,6,118.175,c8f5,,27,6
0,1,4,v4.1_LMR,P04,opening,4,9.542,d4e5,,18,4
0,1,4,v4.1_LMR,P04,opening,5,18.671,d4e5,,18,5
0,1,4,v4.1_LMR,P04,opening,6,70.311,d4e5,,18,6
0,1,4,v4.1_LMR,P05,opening,4,13.681,e1g1,,-11,4
0,1,4,v4.1_LMR,P05,opening,5,34.427,e1g1,,-11,5
0,1,4,v4.1_LMR,P05,opening,6,129.457,e1g1,,-11,6
0,1,4,v4.1_LMR,P06,opening,4,10.744,f1c4,,-19,4
0,1,4,v4.1_LMR,P06,opening,5,22.647,f1b5,,-19,5
0,1,4,v4.1_LMR,P06,opening,6,98.506,f1c4,,-19,6
0,1,4,v4.1_LMR,P07,opening,4,9.646,d6b6,,-26,4
0,1,4,v4.1_LMR,P07,opening,5,23.385,g8f6,,-26,5
0,1,4,v4.1_LMR,P07,opening,6,76.888,g8f6,,-26,6
0,1,4,v4.1_LMR,P08,opening,4,5.507,g8f6,,19,4
0,1,4,v4.1_LMR,P08,opening,5,14.269,g8f6,,19,5
0,1,4,v4.1_LMR,P08,opening,6,58.868,c8f5,,19,6
0,1,4,v4.1_LMR,P09,opening,4,13.141,e3e4,,158,4
0,1,4,v4.1_LMR,P09,opening,5,24.605,d3c2,,158,5
0,1,4,v4.1_LMR,P09,opening,6,93.032,c1d2,,158,6
0,1,4,v4.1_LMR,P10,opening,4,5.360,e7e5,,13,4
0,1,4,v4.1_LMR,P10,opening,5,16.987,e7e5,,13,5
0,1,4,v4.1_LMR,P10,opening,6,48.379,e7e5,,13,6
0,1,4,v4.1_LMR,P11,opening,4,6.369,b1c3,,-55,4
0,1,4,v4.1_LMR,P11,opening,5,11.313,e4d5,,-55,5
0,1,4,v4.1_LMR,P11,opening,6,55.203,e4e5,,-55,6
0,1,4,v4.1_LMR,P12,opening,4,10.004,c8d7,,-14,4
0,1,4,v4.1_LMR,P12,opening,5,28.031,c8d7,,-14,5
0,1,4,v4.1_LMR,P12,opening,6,80.413,c8d7,,-14,6
0,1,4,v4.1_LMR,P13,opening,4,3.211,b8c6,,-1,4
0,1,4,v4.1_LMR,P13,opening,5,6.766,d7d5,,-1,5
0,1,4,v4.1_LMR,P13,opening,6,50.463,e7e6,,-1,6
0,1,4,v4.1_LMR,P14,opening,4,7.579,c6d4,,-37,4
0,1,4,v4.1_LMR,P14,opening,5,14.805,c6d4,,-37,5
0,1,4,v4.1_LMR,P14,opening,6,61.500,c6d4,,-37,6
0,1,4,v4.1_LMR,P15,middlegame,4,10.742,h4g3,,76,4
0,1,4,v4.1_LMR,P15,middlegame,5,22.719,h4g3,,76,5
0,1,4,v4.1_LMR,P15,middlegame,6,93.993,h4g3,,76,6
0,1,4,v4.1_LMR,P16,middlegame,4,11.528,a6a5,,-97,4
0,1,4,v4.1_LMR,P16,middlegame,5,29.867,a6a5,,-97,5
0,1,4,v4.1_LMR,P16,middlegame,6,115.620,c8b7,,-97,6
0,1,4,v4.1_LMR,P17,middlegame,4,16.318,c6b4,,-124,4
0,1,4,v4.1_LMR,P17,middlegame,5,39.249,c6b4,,-124,5
0,1,4,v4.1_LMR,P17,middlegame,6,152.384,e7g6,,-124,6
0,1,4,v4.1_LMR,P18,middlegame,4,13.139,c1e3,,117,4
0,1,4,v4.1_LMR,P18,middlegame,5,34.395,c1e3,,117,5
0,1,4,v4.1_LMR,P18,middlegame,6,145.201,c1a3,,117,6
0,1,4,v4.1_LMR,P19,middlegame,4,0.895,c4d5,,-197,4
0,1,4,v4.1_LMR,P19,middlegame,5,3.014,c4d5,,-197,5
0,1,4,v4.1_LMR,P19,middlegame,6,5.304,c4d5,,-197,6
0,1,4,v4.1_LMR,P20,middlegame,4,10.776,a8c8,,40,4
0,1,4,v4.1_LMR,P20,middlegame,5,41.372,h7h6,,40,5
0,1,4,v4.1_LMR,P20,middlegame,6,178.575,d8d7,,40,6
0,1,4,v4.1_LMR,P21,middlegame,4,8.682,e7d5,,-46,4
0,1,4,v4.1_LMR,P21,middlegame,5,21.088,e7d5,,-46,5
0,1,4,v4.1_LMR,P21,middlegame,6,80.893,e7d5,,-46,6
0,1,4,v4.1_LMR,P22,middlegame,4,8.593,e2e3,,69,4
0,1,4,v4.1_LMR,P22,middlegame,5,18.849,g1h1,,69,5
0,1,4,v4.1_LMR,P22,middlegame,6,63.536,g1h1,,69,6
0,1,4,v4.1_LMR,P23,middlegame,4,11.201,f8e8,,33,4
0,1,4,v4.1_LMR,P23,middlegame,5,26.266,f8e8,,33,5
0,1,4,v4.1_LMR,P23,middlegame,6,97.902,e7f6,,33,6
0,1,4,v4.1_LMR,P24,middlegame,4,15.084,b5c6,,156,4
0,1,4,v4.1_LMR,P24,middlegame,5,31.031,b5c6,,156,5
0,1,4,v4.1_LMR,P24,middlegame,6,140.891,b5c6,,156,6
0,1,4,v4.1_LMR,P25,middlegame,4,14.842,d7f6,,-100,4
0,1,4,v4.1_LMR,P25,middlegame,5,51.640,d7f6,,-100,5
0,1,4,v4.1_LMR,P25,middlegame,6,175.070,d7b6,,-100,6
0,1,4,v4.1_LMR,P26,middlegame,4,6.348,g8g7,,-298,4
0,1,4,v4.1_LMR,P26,middlegame,5,20.248,g8g7,,-298,5
0,1,4,v4.1_LMR,P26,middlegame,6,82.997,g8g7,,-298,6
0,1,4,v4.1_LMR,P27,middlegame,4,6.020,b4c6,,-98,4
0,1,4,v4.1_LMR,P27,middlegame,5,13.385,b4c6,,-98,5
0,1,4,v4.1_LMR,P27,middlegame,6,47.565,b4c6,,-98,6
0,1,4,v4.1_LMR,P28,middlegame,4,14.122,c3d3,,-86,4
0,1,4,v4.1_LMR,P28,middlegame,5,34.249,c3d3,,-86,5
0,1,4,v4.1_LMR,P28,middlegame,6,115.899,c3d3,,-86,6
0,1,4,v4.1_LMR,P29,middlegame,4,9.318,d8e8,,-52,4
0,1,4,v4.1_LMR,P29,middlegame,5,35.774,c8b8,,-52,5
0,1,4,v4.1_LMR,P29,middlegame,6,109.212,d8e8,,-52,6
0,1,4,v4.1_LMR,P30,middlegame,4,16.184,f5f4,,-100,4
0,1,4,v4.1_LMR,P30,middlegame,5,59.517,f5f4,,-100,5
0,1,4,v4.1_LMR,P30,middlegame,6,176.804,f5f4,,-100,6
0,1,4,v4.1_LMR,P31,endgame,4,3.727,c5g1,,-280,4
0,1,4,v4.1_LMR,P31,endgame,5,5.410,c5g1,,-280,5
0,1,4,v4.1_LMR,P31,endgame,6,21.751,c5g1,,-280,6
0,1,4,v4.1_LMR,P32,endgame,4,3.748,a1a6,,156,4
0,1,4,v4.1_LMR,P32,endgame,5,6.103,f2e3,,156,5
0,1,4,v4.1_LMR,P32,endgame,6,11.795,f2e3,,156,6
0,1,4,v4.1_LMR,P33,endgame,4,5.542,b4a4,,-113,4
0,1,4,v4.1_LMR,P33,endgame,5,12.885,b4a4,,-113,5
0,1,4,v4.1_LMR,P33,endgame,6,27.151,b4a4,,-113,6
0,1,4,v4.1_LMR,P34,endgame,4,1.273,a5a6,,341,4
0,1,4,v4.1_LMR,P34,endgame,5,2.183,a5a6,,341,5
0,1,4,v4.1_LMR,P34,endgame,6,5.650,a5a7,,341,6
0,1,4,v4.1_LMR,P35,endgame,4,5.032,f2g1,,36,4
0,1,4,v4.1_LMR,P35,endgame,5,14.563,f2g1,,36,5
0,1,4,v4.1_LMR,P35,endgame,6,27.009,f2g1,,36,6
0,1,4,v4.1_LMR,P36,endgame,4,5.720,g1f2,,-23,4
0,1,4,v4.1_LMR,P36,endgame,5,9.072,g1f2,,-23,5
0,1,4,v4.1_LMR,P36,endgame,6,31.058,g1f2,,-23,6
0,1,4,v4.1_LMR,P37,endgame,4,6.043,g3g7,,23,4
0,1,4,v4.1_LMR,P37,endgame,5,9.946,g3g7,,23,5
0,1,4,v4.1_LMR,P37,endgame,6,21.487,g8g7,,23,6
0,1,4,v4.1_LMR,P38,endgame,4,3.319,a4a5,,-15,4
0,1,4,v4.1_LMR,P38,endgame,5,5.053,a4b5,,-15,5
0,1,4,v4.1_LMR,P38,endgame,6,15.686,a4b5,,-15,6
0,1,4,v4.1_LMR,P39,endgame,4,3.331,d2g2,,-37,4
0,1,4,v4.1_LMR,P39,endgame,5,6.614,d2g2,,-37,5
0,1,4,v4.1_LMR,P39,endgame,6,24.622,d2a2,,-37,6
0,1,4,v4.1_LMR,P40,endgame,4,5.791,e3e8,,99,4
0,1,4,v4.1_LMR,P40,endgame,5,16.557,e3e8,,99,5
0,1,4,v4.1_LMR,P40,endgame,6,39.689,a4a5,,99,6
0,1,5,v4.2_null,P01,opening,4,7.054,b8c6,,-53,4
0,1,5,v4.2_null,P01,opening,5,16.266,g8f6,,-53,5
0,1,5,v4.2_null,P01,opening,6,46.012,b8c6,,-53,6
0,1,5,v4.2_null,P02,opening,4,8.005,d8b6,,20,4
0,1,5,v4.2_null,P02,opening,5,30.879,e8g8,,20,5
0,1,5,v4.2_null,P02,opening,6,99.250,d8a5,,20,6
0,1,5,v4.2_null,P03,opening,4,7.025,a7a5,,27,4
0,1,5,v4.2_null,P03,opening,5,26.017,c8e6,,27,5
0,1,5,v4.2_null,P03,opening,6,81.262,e7e6,,27,6
0,1,5,v4.2_null,P04,opening,4,4.063,d4e5,,18,4
0,1,5,v4.2_null,P04,opening,5,10.476,d4e5,,18,5
0,1,5,v4.2_null,P04,opening,6,25.199,d4e5,,18,6
0,1,5,v4.2_null,P05,opening,4,7.008,e1g1,,-11,4
0,1,5,v4.2_null,P05,opening,5,23.573,e1g1,,-11,5
0,1,5,v4.2_null,P05,opening,6,54.802,e1g1,,-11,6
0,1,5,v4.2_null,P06,opening,4,8.139,f1c4,,-19,4
0,1,5,v4.2_null,P06,opening,5,24.806,f1c4,,-19,5
0,1,5,v4.2_null,P06,opening,6,60.013,f1c4,,-19,6
0,1,5,v4.2_null,P07,opening,4,6.455,d6b6,,-26,4
0,1,5,v4.2_null,P07,opening,5,12.615,g8f6,,-26,5
0,1,5,v4.2_null,P07,opening,6,30.931,g8f6,,-26,6
0,1,5,v4.2_null,P08,opening,4,3.824,g8f6,,19,4
0,1,5,v4.2_null,P08,opening,5,10.821,g8f6,,19,5
0,1,5,v4.2_null,P08,opening,6,36.843,c8f5,,19,6
0,1,5,v4.2_null,P09,opening,4,11.207,e3e4,,158,4
0,1,5,v4.2_null,P09,opening,5,20.141,d3c2,,158,5
0,1,5,v4.2_null,P09,opening,6,64.989,c1d2,,158,6
0,1,5,v4.2_null,P10,opening,4,3.784,e7e5,,13,4
0,1,5,v4.2_null,P10,opening,5,13.710,e7e5,,13,5
0,1,5,v4.2_null,P10,opening,6,30.700,e7e5,,13,6
0,1,5,v4.2_null,P11,opening,4,4.721,b1c3,,-55,4
0,1,5,v4.2_null,P11,opening,5,9.421,e4d5,,-55,5
0,1,5,v4.2_null,P11,opening,6,35.132,e4e5,,-55,6
0,1,5,v4.2_null,P12,opening,4,8.946,c8d7,,-14,4
0,1,5,v4.2_null,P12,opening,5,23.881,c8d7,,-14,5
0,1,5,v4.2_null,P12,opening,6,59.663,c8d7,,-14,6
0,1,5,v4.2_null,P13,opening,4,2.585,b8c6,,-1,4
0,1,5,v4.2_null,P13,opening,5,4.925,b8c6,,-1,5
0,1,5,v4.2_null,P13,opening,6,35.723,e7e6,,-1,6
0,1,5,v4.2_null,P14,opening,4,4.429,c6d4,,-37,4
0,1,5,v4.2_null,P14,opening,5,12.224,c6d4,,-37,5
0,1,5,v4.2_null,P14,opening,6,45.321,c5d4,,-37,6
0,1,5,v4.2_null,P15,middlegame,4,7.991,h4g3,,76,4
0,1,5,v4.2_null,P15,middlegame,5,19.735,h4g3,,76,5
0,1,5,v4.2_null,P15,middlegame,6,51.885,h4g3,,76,6
0,1,5,v4.2_null,P16,middlegame,4,4.249,a6a5,,-97,4
0,1,5,v4.2_null,P16,middlegame,5,16.385,a6a5,,-97,5
0,1,5,v4.2_null,P16,middlegame,6,51.894,c8b7,,-97,6
0,1,5,v4.2_null,P17,middlegame,4,9.955,c6b4,,-124,4
0,1,5,v4.2_null,P17,middlegame,5,23.225,c6b4,,-124,5
0,1,5,v4.2_null,P17,middlegame,6,77.930,c6b4,,-124,6
0,1,5,v4.2_null,P18,middlegame,4,7.369,c1e3,,117,4
0,1,5,v4.2_null,P18,middlegame,5,20.841,c1e3,,117,5
0,1,5,v4.2_null,P18,middlegame,6,79.330,c1a3,,117,6
0,1,5,v4.2_null,P19,middlegame,4,0.612,c4d5,,-197,4
0,1,5,v4.2_null,P19,middlegame,5,2.076,c4d5,,-197,5
0,1,5,v4.2_null,P19,middlegame,6,2.785,c4d5,,-197,6
0,1,5,v4.2_null,P20,middlegame,4,8.759,a8c8,,40,4
0,1,5,v4.2_null,P20,middlegame,5,33.660,h7h6,,40,5
0,1,5,v4.2_null,P20,middlegame,6,109.126,h7h6,,40,6
0,1,5,v4.2_null,P21,middlegame,4,4.268,e7d5,,-46,4
0,1,5,v4.2_null,P21,middlegame,5,14.036,e7d5,,-46,5
0,1,5,v4.2_null,P21,middlegame,6,43.408,e7d5,,-46,6
0,1,5,v4.2_null,P22,middlegame,4,7.280,e2e3,,69,4
0,1,5,v4.2_null,P22,middlegame,5,17.660,g1h1,,69,5
0,1,5,v4.2_null,P22,middlegame,6,45.343,g1h1,,69,6
0,1,5,v4.2_null,P23,middlegame,4,7.361,f8e8,,33,4
0,1,5,v4.2_null,P23,middlegame,5,20.148,c8e6,,33,5
0,1,5,v4.2_null,P23,middlegame,6,71.241,e7f6,,33,6
0,1,5,v4.2_null,P24,middlegame,4,10.217,b5c6,,156,4
0,1,5,v4.2_null,P24,middlegame,5,23.896,b5c6,,156,5
0,1,5,v4.2_null,P24,middlegame,6,88.687,b5c6,,156,6
0,1,5,v4.2_null,P25,middlegame,4,8.243,d7f6,,-100,4
0,1,5,v4.2_null,P25,middlegame,5,24.196,d7b6,,-100,5
0,1,5,v4.2_null,P25,middlegame,6,54.726,d7f6,,-100,6
0,1,5,v4.2_null,P26,middlegame,4,4.950,g8g7,,-298,4
0,1,5,v4.2_null,P26,middlegame,5,16.134,g8g7,,-298,5
0,1,5,v4.2_null,P26,middlegame,6,41.950,g8g7,,-298,6
0,1,5,v4.2_null,P27,middlegame,4,4.327,b4c6,,-98,4
0,1,5,v4.2_null,P27,middlegame,5,10.461,b4c6,,-98,5
0,1,5,v4.2_null,P27,middlegame,6,30.643,b4c6,,-98,6
0,1,5,v4.2_null,P28,middlegame,4,11.255,c3d3,,-86,4
0,1,5,v4.2_null,P28,middlegame,5,31.438,c3d3,,-86,5
0,1,5,v4.2_null,P28,middlegame,6,83.133,c3d3,,-86,6
0,1,5,v4.2_null,P29,middlegame,4,7.314,d8e8,,-52,4
0,1,5,v4.2_null,P29,middlegame,5,30.764,c8b8,,-52,5
0,1,5,v4.2_null,P29,middlegame,6,64.647,c8b8,,-52,6
0,1,5,v4.2_null,P30,middlegame,4,10.724,f5f4,,-100,4
0,1,5,v4.2_null,P30,middlegame,5,40.939,f5f4,,-100,5
0,1,5,v4.2_null,P30,middlegame,6,99.308,f5f4,,-100,6
0,1,5,v4.2_null,P31,endgame,4,2.177,c5g1,,-280,4
0,1,5,v4.2_null,P31,endgame,5,2.596,c5g1,,-280,5
0,1,5,v4.2_null,P31,endgame,6,4.988,c5g1,,-280,6
0,1,5,v4.2_null,P32,endgame,4,2.595,a1a6,,156,4
0,1,5,v4.2_null,P32,endgame,5,4.501,f2e3,,156,5
0,1,5,v4.2_null,P32,endgame,6,9.838,f2e3,,156,6
0,1,5,v4.2_null,P33,endgame,4,4.882,b4a4,,-113,4
0,1,5,v4.2_null,P33,endgame,5,11.595,b4a4,,-113,5
0,1,5,v4.2_null,P33,endgame,6,34.360,b4a4,,-113,6
0,1,5,v4.2_null,P34,endgame,4,1.091,a5a6,,341,4
0,1,5,v4.2_null,P34,endgame,5,2.496,a5a7,,341,5
0,1,5,v4.2_null,P34,endgame,6,4.366,a5a7,,341,6
0,1,5,v4.2_null,P35,endgame,4,4.387,f2g1,,36,4
0,1,5,v4.2_null,P35,endgame,5,14.818,f2g1,,36,5
0,1,5,v4.2_null,P35,endgame,6,24.837,f2g1,,36,6
0,1,5,v4.2_null,P36,endgame,4,3.736,g1f2,,-23,4
0,1,5,v4.2_null,P36,endgame,5,6.457,g1f2,,-23,5
0,1,5,v4.2_null,P36,endgame,6,14.648,g1f2,,-23,6
0,1,5,v4.2_null,P37,endgame,4,3.678,g3g7,,23,4
0,1,5,v4.2_null,P37,endgame,5,6.265,g3g7,,23,5
0,1,5,v4.2_null,P37,endgame,6,10.700,g8g7,,23,6
0,1,5,v4.2_null,P38,endgame,4,2.757,a4a5,,-15,4
0,1,5,v4.2_null,P38,endgame,5,3.343,a4b5,,-15,5
0,1,5,v4.2_null,P38,endgame,6,7.697,a4b5,,-15,6
0,1,5,v4.2_null,P39,endgame,4,2.162,d2g2,,-37,4
0,1,5,v4.2_null,P39,endgame,5,4.499,d2g2,,-37,5
0,1,5,v4.2_null,P39,endgame,6,24.006,d2a2,,-37,6
0,1,5,v4.2_null,P40,endgame,4,4.961,e3e8,,99,4
0,1,5,v4.2_null,P40,endgame,5,11.147,e3e8,,99,5
0,1,5,v4.2_null,P40,endgame,6,28.235,a4a5,,99,6
0,1,6,v4.3-counter,P01,opening,4,6.759,b8c6,,-53,4
0,1,6,v4.3-counter,P01,opening,5,13.784,g8f6,,-53,5
0,1,6,v4.3-counter,P01,opening,6,40.123,b8c6,,-53,6
0,1,6,v4.3-counter,P02,opening,4,5.817,b8c6,,20,4
0,1,6,v4.3-counter,P02,opening,5,25.969,e8g8,,20,5
0,1,6,v4.3-counter,P02,opening,6,95.828,d8a5,,20,6
0,1,6,v4.3-counter,P03,opening,4,9.199,b8a6,,27,4
0,1,6,v4.3-counter,P03,opening,5,35.210,c8e6,,27,5
0,1,6,v4.3-counter,P03,opening,6,93.093,e7e6,,27,6
0,1,6,v4.3-counter,P04,opening,4,4.155,d4e5,,18,4
0,1,6,v4.3-counter,P04,opening,5,10.480,d4e5,,18,5
0,1,6,v4.3-counter,P04,opening,6,24.265,d4e5,,18,6
0,1,6,v4.3-counter,P05,opening,4,7.703,e1g1,,-11,4
0,1,6,v4.3-counter,P05,opening,5,23.292,e1g1,,-11,5
0,1,6,v4.3-counter,P05,opening,6,52.306,e1g1,,-11,6
0,1,6,v4.3-counter,P06,opening,4,7.272,f1c4,,-19,4
0,1,6,v4.3-counter,P06,opening,5,15.008,f1b5,,-19,5
0,1,6,v4.3-counter,P06,opening,6,53.961,f1c4,,-19,6
0,1,6,v4.3-counter,P07,opening,4,5.866,d6b6,,-26,4
0,1,6,v4.3-counter,P07,opening,5,12.155,g8f6,,-26,5
0,1,6,v4.3-counter,P07,opening,6,28.132,g8f6,,-26,6
0,1,6,v4.3-counter,P08,opening,4,3.583,g8f6,,19,4
0,1,6,v4.3-counter,P08,opening,5,10.855,g8f6,,19,5
0,1,6,v4.3-counter,P08,opening,6,32.512,b8c6,,19,6
0,1,6,v4.3-counter,P09,opening,4,11.598,e3e4,,158,4
0,1,6,v4.3-counter,P09,opening,5,22.644,d3c2,,158,5
0,1,6,v4.3-counter,P09,opening,6,72.489,d3c2,,158,6
0,1,6,v4.3-counter,P10,opening,4,4.622,e7e5,,13,4
0,1,6,v4.3-counter,P10,opening,5,14.985,e7e5,,13,5
0,1,6,v4.3-counter,P10,opening,6,25.957,e7e5,,13,6
0,1,6,v4.3-counter,P11,opening,4,4.627,b1c3,,-55,4
0,1,6,v4.3-counter,P11,opening,5,10.975,f1d3,,-55,5
0,1,6,v4.3-counter,P11,opening,6,32.058,e4e5,,-55,6
0,1,6,v4.3-counter,P12,opening,4,10.408,c8d7,,-14,4
0,1,6,v4.3-counter,P12,opening,5,20.684,c8d7,,-14,5
0,1,6,v4.3-counter,P12,opening,6,45.270,c8d7,,-14,6
0,1,6,v4.3-counter,P13,opening,4,2.379,b8c6,,-1,4
0,1,6,v4.3-counter,P13,opening,5,4.182,b8c6,,-1,5
0,1,6,v4.3-counter,P13,opening,6,28.060,e7e6,,-1,6
0,1,6,v4.3-counter,P14,opening,4,4.319,c6d4,,-37,4
0,1,6,v4.3-counter,P14,opening,5,11.730,c6d4,,-37,5
0,1,6,v4.3-counter,P14,opening,6,43.596,c5d4,,-37,6
0,1,6,v4.3-counter,P15,middlegame,4,7.875,h4g3,,76,4
0,1,6,v4.3-counter,P15,middlegame,5,18.197,h4g3,,76,5
0,1,6,v4.3-counter,P15,middlegame,6,65.588,h4g3,,76,6
0,1,6,v4.3-counter,P16,middlegame,4,7.582,a6a5,,-97,4
0,1,6,v4.3-counter,P16,middlegame,5,22.398,a6a5,,-97,5
0,1,6,v4.3-counter,P16,middlegame,6,51.161,c8b7,,-97,6
0,1,6,v4.3-counter,P17,middlegame,4,7.477,c6b4,,-124,4
0,1,6,v4.3-counter,P17,middlegame,5,20.367,c6b4,,-124,5
0,1,6,v4.3-counter,P17,middlegame,6,68.550,c6b4,,-124,6
0,1,6,v4.3-counter,P18,middlegame,4,7.209,c1e3,,117,4
0,1,6,v4.3-counter,P18,middlegame,5,21.360,c1e3,,117,5
0,1,6,v4.3-counter,P18,middlegame,6,47.449,c1e3,,117,6
0,1,6,v4.3-counter,P19,middlegame,4,0.615,c4d5,,-197,4
0,1,6,v4.3-counter,P19,middlegame,5,1.868,c4d5,,-197,5
0,1,6,v4.3-counter,P19,middlegame,6,3.634,c4d5,,-197,6
0,1,6,v4.3-counter,P20,middlegame,4,7.111,h7h6,,40,4
0,1,6,v4.3-counter,P20,middlegame,5,27.400,h7h6,,40,5
0,1,6,v4.3-counter,P20,middlegame,6,93.631,d8d7,,40,6
0,1,6,v4.3-counter,P21,middlegame,4,4.209,e7d5,,-46,4
0,1,6,v4.3-counter,P21,middlegame,5,10.720,e7d5,,-46,5
0,1,6,v4.3-counter,P21,middlegame,6,42.436,e7d5,,-46,6
0,1,6,v4.3-counter,P22,middlegame,4,7.803,e2e3,,69,4
0,1,6,v4.3-counter,P22,middlegame,5,18.974,g1h1,,69,5
0,1,6,v4.3-counter,P22,middlegame,6,49.450,g1h1,,69,6
0,1,6,v4.3-counter,P23,middlegame,4,7.826,f8e8,,33,4
0,1,6,v4.3-counter,P23,middlegame,5,17.624,e7f6,,33,5
0,1,6,v4.3-counter,P23,middlegame,6,49.399,e7d6,,33,6
0,1,6,v4.3-counter,P24,middlegame,4,9.105,b5c6,,156,4
0,1,6,v4.3-counter,P24,middlegame,5,17.698,b5c6,,156,5
0,1,6,v4.3-counter,P24,middlegame,6,46.214,b5c6,,156,6
0,1,6,v4.3-counter,P25,middlegame,4,7.585,d7f6,,-100,4
0,1,6,v4.3-counter,P25,middlegame,5,20.924,d7b6,,-100,5
0,1,6,v4.3-counter,P25,middlegame,6,42.563,d7f6,,-100,6
0,1,6,v4.3-counter,P26,middlegame,4,4.946,g8g7,,-298,4
0,1,6,v4.3-counter,P26,middlegame,5,15.757,g8g7,,-298,5
0,1,6,v4.3-counter,P26,middlegame,6,49.444,g8g7,,-298,6
0,1,6,v4.3-counter,P27,middlegame,4,3.837,b4c6,,-98,4
0,1,6,v4.3-counter,P27,middlegame,5,9.970,b4c6,,-98,5
0,1,6,v4.3-counter,P27,middlegame,6,32.266,b4c6,,-98,6
0,1,6,v4.3-counter,P28,middlegame,4,12.623,c3d3,,-86,4
0,1,6,v4.3-counter,P28,middlegame,5,22.304,c3d3,,-86,5
0,1,6,v4.3-counter,P28,middlegame,6,55.752,c3d3,,-86,6
0,1,6,v4.3-counter,P29,middlegame,4,7.394,d8e8,,-52,4
0,1,6,v4.3-counter,P29,middlegame,5,26.355,c8b8,,-52,5
0,1,6,v4.3-counter,P29,middlegame,6,59.536,c8b8,,-52,6
0,1,6,v4.3-counter,P30,middlegame,4,10.553,f5f4,,-100,4
0,1,6,v4.3-counter,P30,middlegame,5,35.374,f5f4,,-100,5
0,1,6,v4.3-counter,P30,middlegame,6,87.707,f5f4,,-100,6
0,1,6,v4.3-counter,P31,endgame,4,3.394,c5g1,,-280,4
0,1,6,v4.3-counter,P31,endgame,5,4.221,c5g1,,-280,5
0,1,6,v4.3-counter,P31,endgame,6,11.643,c5g1,,-280,6
0,1,6,v4.3-counter,P32,endgame,4,2.527,f2e3,,156,4
0,1,6,v4.3-counter,P32,endgame,5,5.813,f2f3,,156,5
0,1,6,v4.3-counter,P32,endgame,6,12.399,f2e3,,156,6
0,1,6,v4.3-counter,P33,endgame,4,4.042,b4a4,,-113,4
0,1,6,v4.3-counter,P33,endgame,5,9.943,b4a4,,-113,5
0,1,6,v4.3-counter,P33,endgame,6,31.749,b4a4,,-113,6
0,1,6,v4.3-counter,P34,endgame,4,1.005,a5a6,,341,4
0,1,6,v4.3-counter,P34,endgame,5,2.397,a5a7,,341,5
0,1,6,v4.3-counter,P34,endgame,6,4.808,a5a7,,341,6
0,1,6,v4.3-counter,P35,endgame,4,4.300,f2g1,,36,4
0,1,6,v4.3-counter,P35,endgame,5,15.441,f2g1,,36,5
0,1,6,v4.3-counter,P35,endgame,6,24.463,f2g1,,36,6
0,1,6,v4.3-counter,P36,endgame,4,3.452,g1f1,,-23,4
0,1,6,v4.3-counter,P36,endgame,5,5.613,g1f2,,-23,5
0,1,6,v4.3-counter,P36,endgame,6,17.536,g1f2,,-23,6
0,1,6,v4.3-counter,P37,endgame,4,3.515,g3g7,,23,4
0,1,6,v4.3-counter,P37,endgame,5,5.520,g3g7,,23,5
0,1,6,v4.3-counter,P37,endgame,6,10.052,g8g7,,23,6
0,1,6,v4.3-counter,P38,endgame,4,0.979,a4b5,,-15,4
0,1,6,v4.3-counter,P38,endgame,5,1.684,a4b5,,-15,5
0,1,6,v4.3-counter,P38,endgame,6,4.697,a4b5,,-15,6
0,1,6,v4.3-counter,P39,endgame,4,2.124,d2g2,,-37,4
0,1,6,v4.3-counter,P39,endgame,5,4.310,d2g2,,-37,5
0,1,6,v4.3-counter,P39,endgame,6,22.994,d2a2,,-37,6
0,1,6,v4.3-counter,P40,endgame,4,5.136,e3e8,,99,4
0,1,6,v4.3-counter,P40,endgame,5,9.792,e3e8,,99,5
0,1,6,v4.3-counter,P40,endgame,6,28.085,a4a5,,99,6
0,1,7,v5-engine,P01,opening,4,9.619,a7a6,,-53,4
0,1,7,v5-engine,P01,opening,5,19.370,g8f6,,-53,5
0,1,7,v5-engine,P01,opening,6,40.548,b8c6,,-53,6
0,1,7,v5-engine,P02,opening,4,6.078,b8c6,,20,4
0,1,7,v5-engine,P02,opening,5,23.296,e8g8,,20,5
0,1,7,v5-engine,P02,opening,6,81.443,d8a5,,20,6
0,1,7,v5-engine,P03,opening,4,8.889,a7a5,,27,4
0,1,7,v5-engine,P03,opening,5,22.079,c8e6,,27,5
0,1,7,v5-engine,P03,opening,6,66.526,e7e6,,27,6
0,1,7,v5-engine,P04,opening,4,5.975,e1g1,,18,4
0,1,7,v5-engine,P04,opening,5,21.405,d4e5,,18,5
0,1,7,v5-engine,P04,opening,6,39.421,d4e5,,18,6
0,1,7,v5-engine,P05,opening,4,5.392,e1g1,,-11,4
0,1,7,v5-engine,P05,opening,5,14.239,e1g1,,-11,5
0,1,7,v5-engine,P05,opening,6,40.939,e1g1,,-11,6
0,1,7,v5-engine,P06,opening,4,6.811,f1c4,,-19,4
0,1,7,v5-engine,P06,opening,5,11.453,f1c4,,-19,5
0,1,7,v5-engine,P06,opening,6,39.627,f1c4,,-19,6
0,1,7,v5-engine,P07,opening,4,5.831,d6b6,,-26,4
0,1,7,v5-engine,P07,opening,5,16.578,g8f6,,-26,5
0,1,7,v5-engine,P07,opening,6,25.021,g8f6,,-26,6
0,1,7,v5-engine,P08,opening,4,4.612,g8f6,,19,4
0,1,7,v5-engine,P08,opening,5,11.857,g8f6,,19,5
0,1,7,v5-engine,P08,opening,6,36.444,g8f6,,19,6
0,1,7,v5-engine,P09,opening,4,10.180,e3e4,,158,4
0,1,7,v5-engine,P09,opening,5,16.888,d3c2,,158,5
0,1,7,v5-engine,P09,opening,6,61.089,a2a3,,158,6
0,1,7,v5-engine,P10,opening,4,6.373,e7e5,,13,4
0,1,7,v5-engine,P10,opening,5,13.853,e7e5,,13,5
0,1,7,v5-engine,P10,opening,6,25.290,e7e5,,13,6
0,1,7,v5-engine,P11,opening,4,5.384,f1d3,,-55,4
0,1,7,v5-engine,P11,opening,5,11.896,e4d5,,-55,5
0,1,7,v5-engine,P11,opening,6,39.931,e4e5,,-55,6
0,1,7,v5-engine,P12,opening,4,7.483,c8d7,,-14,4
0,1,7,v5-engine,P12,opening,5,13.690,c8d7,,-14,5
0,1,7,v5-engine,P12,opening,6,28.003,c8d7,,-14,6
0,1,7,v5-engine,P13,opening,4,3.240,b8c6,,-1,4
0,1,7,v5-engine,P13,opening,5,4.658,b8c6,,-1,5
0,1,7,v5-engine,P13,opening,6,22.678,e7e6,,-1,6
0,1,7,v5-engine,P14,opening,4,3.954,c6d4,,-37,4
0,1,7,v5-engine,P14,opening,5,10.014,c6d4,,-37,5
0,1,7,v5-engine,P14,opening,6,30.533,c6d4,,-37,6
0,1,7,v5-engine,P15,middlegame,4,8.366,h4g3,,76,4
0,1,7,v5-engine,P15,middlegame,5,17.281,h4g3,,76,5
0,1,7,v5-engine,P15,middlegame,6,36.110,h4g3,,76,6
0,1,7,v5-engine,P16,middlegame,4,4.187,a6a5,,-97,4
0,1,7,v5-engine,P16,middlegame,5,14.191,a6a5,,-97,5
0,1,7,v5-engine,P16,middlegame,6,61.815,c8b7,,-97,6
0,1,7,v5-engine,P17,middlegame,4,8.974,c6b4,,-124,4
0,1,7,v5-engine,P17,middlegame,5,13.884,c6b4,,-124,5
0,1,7,v5-engine,P17,middlegame,6,28.173,c6b4,,-124,6
0,1,7,v5-engine,P18,middlegame,4,6.570,c1a3,,117,4
0,1,7,v5-engine,P18,middlegame,5,24.764,c1e3,,117,5
0,1,7,v5-engine,P18,middlegame,6,53.410,c1e3,,117,6
0,1,7,v5-engine,P19,middlegame,4,2.289,c4d5,,-197,4
0,1,7,v5-engine,P19,middlegame,5,3.107,c4d5,,-197,5
0,1,7,v5-engine,P19,middlegame,6,4.804,c4d5,,-197,6
0,1,7,v5-engine,P20,middlegame,4,4.630,h7h6,,40,4
0,1,7,v5-engine,P20,middlegame,5,17.863,h7h6,,40,5
0,1,7,v5-engine,P20,middlegame,6,61.771,d8d7,,40,6
0,1,7,v5-engine,P21,middlegame,4,6.631,e7d5,,-46,4
0,1,7,v5-engine,P21,middlegame,5,11.520,e7d5,,-46,5
0,1,7,v5-engine,P21,middlegame,6,43.180,e7d5,,-46,6
0,1,7,v5-engine,P22,middlegame,4,11.274,e2e3,,69,4
0,1,7,v5-engine,P22,middlegame,5,25.335,g1h1,,69,5
0,1,7,v5-engine,P22,middlegame,6,46.274,g1h1,,69,6
0,1,7,v5-engine,P23,middlegame,4,6.302,e7d6,,33,4
0,1,7,v5-engine,P23,middlegame,5,16.857,f8e8,,33,5
0,1,7,v5-engine,P23,middlegame,6,43.624,f8e8,,33,6
0,1,7,v5-engine,P24,middlegame,4,11.019,b5c6,,156,4
0,1,7,v5-engine,P24,middlegame,5,19.649,b5c6,,156,5
0,1,7,v5-engine,P24,middlegame,6,47.374,b5c6,,156,6
0,1,7,v5-engine,P25,middlegame,4,6.440,d7f6,,-100,4
0,1,7,v5-engine,P25,middlegame,5,17.497,d7f6,,-100,5
0,1,7,v5-engine,P25,middlegame,6,38.838,d7f6,,-100,6
0,1,7,v5-engine,P26,middlegame,4,5.176,g8g7,,-298,4
0,1,7,v5-engine,P26,middlegame,5,10.954,g8g7,,-298,5
0,1,7,v5-engine,P26,middlegame,6,22.202,g8g7,,-298,6
0,1,7,v5-engine,P27,middlegame,4,4.913,b4c6,,-98,4
0,1,7,v5-engine,P27,middlegame,5,8.441,b4c6,,-98,5
0,1,7,v5-engine,P27,middlegame,6,30.114,g5e6,,-98,6
0,1,7,v5-engine,P28,middlegame,4,7.689,c3d3,,-86,4
0,1,7,v5-engine,P28,middlegame,5,13.602,c3d3,,-86,5
0,1,7,v5-engine,P28,middlegame,6,38.180,c3d3,,-86,6
0,1,7,v5-engine,P29,middlegame,4,7.628,d8e8,,-52,4
0,1,7,v5-engine,P29,middlegame,5,24.863,c8b8,,-52,5
0,1,7,v5-engine,P29,middlegame,6,45.012,d8e8,,-52,6
0,1,7,v5-engine,P30,middlegame,4,9.932,f5f4,,-100,4
0,1,7,v5-engine,P30,middlegame,5,17.602,f5f4,,-100,5
0,1,7,v5-engine,P30,middlegame,6,36.692,f5f4,,-100,6
0,1,7,v5-engine,P31,endgame,4,2.581,c5g1,,-280,4
0,1,7,v5-engine,P31,endgame,5,2.692,c5g1,,-280,5
0,1,7,v5-engine,P31,endgame,6,5.259,c5g1,,-280,6
0,1,7,v5-engine,P32,endgame,4,2.843,f2e3,,156,4
0,1,7,v5-engine,P32,endgame,5,5.437,f2e3,,156,5
0,1,7,v5-engine,P32,endgame,6,10.023,f2e3,,156,6
0,1,7,v5-engine,P33,endgame,4,4.276,b4a4,,-113,4
0,1,7,v5-engine,P33,endgame,5,6.152,b4a4,,-113,5
0,1,7,v5-engine,P33,endgame,6,14.453,b4a4,,-113,6
0,1,7,v5-engine,P34,endgame,4,1.697,a5a8,,341,4
0,1,7,v5-engine,P34,endgame,5,1.978,a5a8,,341,5
0,1,7,v5-engine,P34,endgame,6,2.610,a5a8,,341,6
0,1,7,v5-engine,P35,endgame,4,3.934,f2g1,,36,4
0,1,7,v5-engine,P35,endgame,5,10.680,f2g1,,36,5
0,1,7,v5-engine,P35,endgame,6,20.465,f2g1,,36,6
0,1,7,v5-engine,P36,endgame,4,2.937,g1f2,,-23,4
0,1,7,v5-engine,P36,endgame,5,3.940,g1f2,,-23,5
0,1,7,v5-engine,P36,endgame,6,8.643,g1f2,,-23,6
0,1,7,v5-engine,P37,endgame,4,3.016,g3g7,,23,4
0,1,7,v5-engine,P37,endgame,5,5.338,g3g7,,23,5
0,1,7,v5-engine,P37,endgame,6,11.195,g3g7,,23,6
0,1,7,v5-engine,P38,endgame,4,2.456,a4b5,,-15,4
0,1,7,v5-engine,P38,endgame,5,2.953,a4b5,,-15,5
0,1,7,v5-engine,P38,endgame,6,6.296,a4b5,,-15,6
0,1,7,v5-engine,P39,endgame,4,2.917,d2g2,,-37,4
0,1,7,v5-engine,P39,endgame,5,5.357,d2g2,,-37,5
0,1,7,v5-engine,P39,endgame,6,18.668,d2a2,,-37,6
0,1,7,v5-engine,P40,endgame,4,5.730,e3e8,,99,4
0,1,7,v5-engine,P40,endgame,5,8.458,e3e8,,99,5
0,1,7,v5-engine,P40,endgame,6,23.456,a4a5,,99,6
0,1,8,v6-ordering,P01,opening,4,8.231,g8f6,,-53,4
0,1,8,v6-ordering,P01,opening,5,11.605,g8f6,,-53,5
0,1,8,v6-ordering,P01,opening,6,28.398,b8c6,,-53,6
0,1,8,v6-ordering,P02,opening,4,5.417,b8c6,,20,4
0,1,8,v6-ordering,P02,opening,5,20.206,e8g8,,20,5
0,1,8,v6-ordering,P02,opening,6,57.976,d8a5,,20,6
0,1,8,v6-ordering,P03,opening,4,7.790,a7a5,,27,4
0,1,8,v6-ordering,P03,opening,5,20.098,c8e6,,27,5
0,1,8,v6-ordering,P03,opening,6,47.487,a7a5,,27,6
0,1,8,v6-ordering,P04,opening,4,5.919,e1g1,,18,4
0,1,8,v6-ordering,P04,opening,5,19.814,d4e5,,18,5
0,1,8,v6-ordering,P04,opening,6,31.856,d4e5,,18,6
0,1,8,v6-ordering,P05,opening,4,4.876,e1g1,,-11,4
0,1,8,v6-ordering,P05,opening,5,12.228,e1g1,,-11,5
0,1,8,v6-ordering,P05,opening,6,43.931,e1g1,,-11,6
0,1,8,v6-ordering,P06,opening,4,6.937,f1c4,,-19,4
0,1,8,v6-ordering,P06,opening,5,11.001,f1c4,,-19,5
0,1,8,v6-ordering,P06,opening,6,36.611,f1c4,,-19,6
0,1,8,v6-ordering,P07,opening,4,4.960,d6b6,,-26,4
0,1,8,v6-ordering,P07,opening,5,23.037,g8f6,,-26,5
0,1,8,v6-ordering,P07,opening,6,29.758,g8f6,,-26,6
0,1,8,v6-ordering,P08,opening,4,4.111,g8f6,,19,4
0,1,8,v6-ordering,P08,opening,5,10.321,g8f6,,19,5
0,1,8,v6-ordering,P08,opening,6,37.732,b8c6,,19,6
0,1,8,v6-ordering,P09,opening,4,7.704,e3e4,,158,4
0,1,8,v6-ordering,P09,opening,5,12.698,d3c2,,158,5
0,1,8,v6-ordering,P09,opening,6,47.741,d3c2,,158,6
0,1,8,v6-ordering,P10,opening,4,5.502,e7e5,,13,4
0,1,8,v6-ordering,P10,opening,5,15.724,e7e5,,13,5
0,1,8,v6-ordering,P10,opening,6,27.889,e7e5,,13,6
0,1,8,v6-ordering,P11,opening,4,4.803,f1d3,,-55,4
0,1,8,v6-ordering,P11,opening,5,10.024,e4d5,,-55,5
0,1,8,v6-ordering,P11,opening,6,32.966,e4e5,,-55,6
0,1,8,v6-ordering,P12,opening,4,7.372,c8d7,,-14,4
0,1,8,v6-ordering,P12,opening,5,11.412,c8d7,,-14,5
0,1,8,v6-ordering,P12,opening,6,23.531,c8d7,,-14,6
0,1,8,v6-ordering,P13,opening,4,3.035,b8c6,,-1,4
0,1,8,v6-ordering,P13,opening,5,4.045,b8c6,,-1,5
0,1,8,v6-ordering,P13,opening,6,20.895,e7e6,,-1,6
0,1,8,v6-ordering,P14,opening,4,3.950,c6d4,,-37,4
0,1,8,v6-ordering,P14,opening,5,11.222,c6d4,,-37,5
0,1,8,v6-ordering,P14,opening,6,32.437,c6d4,,-37,6
0,1,8,v6-ordering,P15,middlegame,4,7.490,h4g3,,76,4
0,1,8,v6-ordering,P15,middlegame,5,15.299,h4g3,,76,5
0,1,8,v6-ordering,P15,middlegame,6,39.602,h4g3,,76,6
0,1,8,v6-ordering,P16,middlegame,4,3.712,a6a5,,-97,4
0,1,8,v6-ordering,P16,middlegame,5,10.687,a6a5,,-97,5
0,1,8,v6-ordering,P16,middlegame,6,34.472,c8b7,,-97,6
0,1,8,v6-ordering,P17,middlegame,4,6.202,c6b4,,-124,4
0,1,8,v6-ordering,P17,middlegame,5,13.334,c6b4,,-124,5
0,1,8,v6-ordering,P17,middlegame,6,47.362,e7f5,,-124,6
0,1,8,v6-ordering,P18,middlegame,4,5.847,c1a3,,117,4
0,1,8,v6-ordering,P18,middlegame,5,18.187,c1e3,,117,5
0,1,8,v6-ordering,P18,middlegame,6,41.740,c1e3,,117,6
0,1,8,v6-ordering,P19,middlegame,4,2.244,c4d5,,-197,4
0,1,8,v6-ordering,P19,middlegame,5,3.250,c4d5,,-197,5
0,1,8,v6-ordering,P19,middlegame,6,4.706,c4d5,,-197,6
0,1,8,v6-ordering,P20,middlegame,4,4.975,h7h6,,40,4
0,1,8,v6-ordering,P20,middlegame,5,15.906,h7h6,,40,5
0,1,8,v6-ordering,P20,middlegame,6,58.675,d8d7,,40,6
0,1,8,v6-ordering,P21,middlegame,4,7.378,e7d5,,-46,4
0,1,8,v6-ordering,P21,middlegame,5,13.172,e7d5,,-46,5
0,1,8,v6-ordering,P21,middlegame,6,43.732,e7d5,,-46,6
0,1,8,v6-ordering,P22,middlegame,4,9.856,g1h1,,69,4
0,1,8,v6-ordering,P22,middlegame,5,18.294,g1h1,,69,5
0,1,8,v6-ordering,P22,middlegame,6,39.799,g1h1,,69,6
0,1,8,v6-ordering,P23,middlegame,4,5.138,e7f6,,33,4
0,1,8,v6-ordering,P23,middlegame,5,10.176,f8e8,,33,5
0,1,8,v6-ordering,P23,middlegame,6,35.373,e7d6,,33,6
0,1,8,v6-ordering,P24,middlegame,4,9.764,b5c6,,156,4
0,1,8,v6-ordering,P24,middlegame,5,16.550,b5c6,,156,5
0,1,8,v6-ordering,P24,middlegame,6,44.462,b5c6,,156,6
0,1,8,v6-ordering,P25,middlegame,4,5.067,d7f6,,-100,4
0,1,8,v6-ordering,P25,middlegame,5,14.991,d7b6,,-100,5
0,1,8,v6-ordering,P25,middlegame,6,23.711,d7b6,,-100,6
0,1,8,v6-ordering,P26,middlegame,4,4.038,g8g7,,-298,4
0,1,8,v6-ordering,P26,middlegame,5,7.901,g8g7,,-298,5
0,1,8,v6-ordering,P26,middlegame,6,20.456,g8g7,,-298,6
0,1,8,v6-ordering,P27,middlegame,4,4.514,b4c6,,-98,4
0,1,8,v6-ordering,P27,middlegame,5,7.287,b4c6,,-98,5
0,1,8,v6-ordering,P27,middlegame,6,23.402,b4c6,,-98,6
0,1,8,v6-ordering,P28,middlegame,4,5.382,c3d3,,-86,4
0,1,8,v6-ordering,P28,middlegame,5,8.815,c3d3,,-86,5
0,1,8,v6-ordering,P28,middlegame,6,19.568,c3d3,,-86,6
0,1,8,v6-ordering,P29,middlegame,4,6.306,d8e8,,-52,4
0,1,8,v6-ordering,P29,middlegame,5,14.741,c8b8,,-52,5
0,1,8,v6-ordering,P29,middlegame,6,28.277,d8e8,,-52,6
0,1,8,v6-ordering,P30,middlegame,4,5.800,a6b4,,-100,4
0,1,8,v6-ordering,P30,middlegame,5,20.145,f5f4,,-100,5
0,1,8,v6-ordering,P30,middlegame,6,38.339,f5f4,,-100,6
0,1,8,v6-ordering,P31,endgame,4,2.516,c5g1,,-280,4
0,1,8,v6-ordering,P31,endgame,5,2.681,c5g1,,-280,5
0,1,8,v6-ordering,P31,endgame,6,4.639,c5g1,,-280,6
0,1,8,v6-ordering,P32,endgame,4,2.444,f2e3,,156,4
0,1,8,v6-ordering,P32,endgame,5,4.334,f2e3,,156,5
0,1,8,v6-ordering,P32,endgame,6,8.661,f2e3,,156,6
0,1,8,v6-ordering,P33,endgame,4,3.398,b4a4,,-113,4
0,1,8,v6-ordering,P33,endgame,5,4.656,b4a4,,-113,5
0,1,8,v6-ordering,P33,endgame,6,9.380,b4a4,,-113,6
0,1,8,v6-ordering,P34,endgame,4,1.651,a5a8,,341,4
0,1,8,v6-ordering,P34,endgame,5,1.959,a5a8,,341,5
0,1,8,v6-ordering,P34,endgame,6,2.670,a5a8,,341,6
0,1,8,v6-ordering,P35,endgame,4,3.845,f2g1,,36,4
0,1,8,v6-ordering,P35,endgame,5,9.537,f2g1,,36,5
0,1,8,v6-ordering,P35,endgame,6,16.057,f2g1,,36,6
0,1,8,v6-ordering,P36,endgame,4,2.801,g1f2,,-23,4
0,1,8,v6-ordering,P36,endgame,5,3.889,g1f2,,-23,5
0,1,8,v6-ordering,P36,endgame,6,7.960,g1f2,,-23,6
0,1,8,v6-ordering,P37,endgame,4,2.394,g3g7,,23,4
0,1,8,v6-ordering,P37,endgame,5,3.650,g3g7,,23,5
0,1,8,v6-ordering,P37,endgame,6,6.941,g3g7,,23,6
0,1,8,v6-ordering,P38,endgame,4,2.264,a4b5,,-15,4
0,1,8,v6-ordering,P38,endgame,5,2.915,a4b5,,-15,5
0,1,8,v6-ordering,P38,endgame,6,4.907,a4b5,,-15,6
0,1,8,v6-ordering,P39,endgame,4,2.396,d2g2,,-37,4
0,1,8,v6-ordering,P39,endgame,5,3.538,d2g2,,-37,5
0,1,8,v6-ordering,P39,endgame,6,12.506,d2a2,,-37,6
0,1,8,v6-ordering,P40,endgame,4,6.019,e3e8,,99,4
0,1,8,v6-ordering,P40,endgame,5,7.971,e3e8,,99,5
0,1,8,v6-ordering,P40,endgame,6,24.256,a4a5,,99,6
0,1,9,v6.1-stack,P01,opening,4,7.700,g8f6,,-53,4
0,1,9,v6.1-stack,P01,opening,5,9.954,g8f6,,-53,5
0,1,9,v6.1-stack,P01,opening,6,24.108,b8c6,,-53,6
0,1,9,v6.1-stack,P02,opening,4,4.606,b8c6,,20,4
0,1,9,v6.1-stack,P02,opening,5,17.023,e8g8,,20,5
0,1,9,v6.1-stack,P02,opening,6,49.238,d8a5,,20,6
0,1,9,v6.1-stack,P03,opening,4,6.727,a7a5,,27,4
0,1,9,v6.1-stack,P03,opening,5,17.014,c8e6,,27,5
0,1,9,v6.1-stack,P03,opening,6,39.841,a7a5,,27,6
0,1,9,v6.1-stack,P04,opening,4,5.007,e1g1,,18,4
0,1,9,v6.1-stack,P04,opening,5,16.499,d4e5,,18,5
0,1,9,v6.1-stack,P04,opening,6,26.526,d4e5,,18,6
0,1,9,v6.1-stack,P05,opening,4,4.379,e1g1,,-11,4
0,1,9,v6.1-stack,P05,opening,5,10.389,e1g1,,-11,5
0,1,9,v6.1-stack,P05,opening,6,36.778,e1g1,,-11,6
0,1,9,v6.1-stack,P06,opening,4,8.254,f1c4,,-19,4
0,1,9,v6.1-stack,P06,opening,5,9.246,f1c4,,-19,5
0,1,9,v6.1-stack,P06,opening,6,31.003,f1c4,,-19,6
0,1,9,v6.1-stack,P07,opening,4,4.198,d6b6,,-26,4
0,1,9,v6.1-stack,P07,opening,5,19.195,g8f6,,-26,5
0,1,9,v6.1-stack,P07,opening,6,24.278,g8f6,,-26,6
0,1,9,v6.1-stack,P08,opening,4,3.573,g8f6,,19,4
0,1,9,v6.1-stack,P08,opening,5,8.590,g8f6,,19,5
0,1,9,v6.1-stack,P08,opening,6,31.039,b8c6,,19,6
0,1,9,v6.1-stack,P09,opening,4,6.679,e3e4,,158,4
0,1,9,v6.1-stack,P09,opening,5,10.664,d3c2,,158,5
0,1,9,v6.1-stack,P09,opening,6,40.693,d3c2,,158,6
0,1,9,v6.1-stack,P10,opening,4,4.733,e7e5,,13,4
0,1,9,v6.1-stack,P10,opening,5,12.932,e7e5,,13,5
0,1,9,v6.1-stack,P10,opening,6,22.970,e7e5,,13,6
0,1,9,v6.1-stack,P11,opening,4,4.145,f1d3,,-55,4
0,1,9,v6.1-stack,P11,opening,5,8.495,e4d5,,-55,5
0,1,9,v6.1-stack,P11,opening,6,27.702,e4e5,,-55,6
0,1,9,v6.1-stack,P12,opening,4,6.215,c8d7,,-14,4
0,1,9,v6.1-stack,P12,opening,5,9.443,c8d7,,-14,5
0,1,9,v6.1-stack,P12,opening,6,19.013,c8d7,,-14,6
0,1,9,v6.1-stack,P13,opening,4,2.719,b8c6,,-1,4
0,1,9,v6.1-stack,P13,opening,5,3.736,b8c6,,-1,5
0,1,9,v6.1-stack,P13,opening,6,17.165,e7e6,,-1,6
0,1,9,v6.1-stack,P14,opening,4,3.749,c6d4,,-37,4
0,1,9,v6.1-stack,P14,opening,5,9.125,c6d4,,-37,5
0,1,9,v6.1-stack,P14,opening,6,26.386,c6d4,,-37,6
0,1,9,v6.1-stack,P15,middlegame,4,6.437,h4g3,,76,4
0,1,9,v6.1-stack,P15,middlegame,5,12.706,h4g3,,76,5
0,1,9,v6.1-stack,P15,middlegame,6,33.297,h4g3,,76,6
0,1,9,v6.1-stack,P16,middlegame,4,3.595,a6a5,,-97,4
0,1,9,v6.1-stack,P16,middlegame,5,8.773,a6a5,,-97,5
0,1,9,v6.1-stack,P16,middlegame,6,28.184,c8b7,,-97,6
0,1,9,v6.1-stack,P17,middlegame,4,5.352,c6b4,,-124,4
0,1,9,v6.1-stack,P17,middlegame,5,11.325,c6b4,,-124,5
0,1,9,v6.1-stack,P17,middlegame,6,39.795,e7f5,,-124,6
0,1,9,v6.1-stack,P18,middlegame,4,4.861,c1a3,,117,4
0,1,9,v6.1-stack,P18,middlegame,5,15.043,c1e3,,117,5
0,1,9,v6.1-stack,P18,middlegame,6,32.955,c1e3,,117,6
0,1,9,v6.1-stack,P19,middlegame,4,2.109,c4d5,,-197,4
0,1,9,v6.1-stack,P19,middlegame,5,2.764,c4d5,,-197,5
0,1,9,v6.1-stack,P19,middlegame,6,4.145,c4d5,,-197,6
0,1,9,v6.1-stack,P20,middlegame,4,4.272,h7h6,,40,4
0,1,9,v6.1-stack,P20,middlegame,5,13.610,h7h6,,40,5
0,1,9,v6.1-stack,P20,middlegame,6,49.276,d8d7,,40,6
0,1,9,v6.1-stack,P21,middlegame,4,6.184,e7d5,,-46,4
0,1,9,v6.1-stack,P21,middlegame,5,10.785,e7d5,,-46,5
0,1,9,v6.1-stack,P21,middlegame,6,35.574,e7d5,,-46,6
0,1,9,v6.1-stack,P22,middlegame,4,8.214,g1h1,,69,4
0,1,9,v6.1-stack,P22,middlegame,5,14.992,g1h1,,69,5
0,1,9,v6.1-stack,P22,middlegame,6,32.659,g1h1,,69,6
0,1,9,v6.1-stack,P23,middlegame,4,4.591,e7f6,,33,4
0,1,9,v6.1-stack,P23,middlegame,5,8.560,f8e8,,33,5
0,1,9,v6.1-stack,P23,middlegame,6,28.844,e7d6,,33,6
0,1,9,v6.1-stack,P24,middlegame,4,8.275,b5c6,,156,4
0,1,9,v6.1-stack,P24,middlegame,5,14.181,b5c6,,156,5
0,1,9,v6.1-stack,P24,middlegame,6,38.078,b5c6,,156,6
0,1,9,v6.1-stack,P25,middlegame,4,4.361,d7f6,,-100,4
0,1,9,v6.1-stack,P25,middlegame,5,12.658,d7b6,,-100,5
0,1,9,v6.1-stack,P25,middlegame,6,19.687,d7b6,,-100,6
0,1,9,v6.1-stack,P26,middlegame,4,3.654,g8g7,,-298,4
0,1,9,v6.1-stack,P26,middlegame,5,7.205,g8g7,,-298,5
0,1,9,v6.1-stack,P26,middlegame,6,17.450,g8g7,,-298,6
0,1,9,v6.1-stack,P27,middlegame,4,3.757,b4c6,,-98,4
0,1,9,v6.1-stack,P27,middlegame,5,6.162,b4c6,,-98,5
0,1,9,v6.1-stack,P27,middlegame,6,18.539,b4c6,,-98,6
0,1,9,v6.1-stack,P28,middlegame,4,4.470,c3d3,,-86,4
0,1,9,v6.1-stack,P28,middlegame,5,7.081,c3d3,,-86,5
0,1,9,v6.1-stack,P28,middlegame,6,15.049,c3d3,,-86,6
0,1,9,v6.1-stack,P29,middlegame,4,5.349,d8e8,,-52,4
0,1,9,v6.1-stack,P29,middlegame,5,12.185,c8b8,,-52,5
0,1,9,v6.1-stack,P29,middlegame,6,23.316,d8e8,,-52,6
0,1,9,v6.1-stack,P30,middlegame,4,5.165,a6b4,,-100,4
0,1,9,v6.1-stack,P30,middlegame,5,16.933,f5f4,,-100,5
0,1,9,v6.1-stack,P30,middlegame,6,31.563,f5f4,,-100,6
0,1,9,v6.1-stack,P31,endgame,4,2.278,c5g1,,-280,4
0,1,9,v6.1-stack,P31,endgame,5,2.280,c5g1,,-280,5
0,1,9,v6.1-stack,P31,endgame,6,3.769,c5g1,,-280,6
0,1,9,v6.1-stack,P32,endgame,4,2.111,f2e3,,156,4
0,1,9,v6.1-stack,P32,endgame,5,3.398,f2e3,,156,5
0,1,9,v6.1-stack,P32,endgame,6,6.816,f2e3,,156,6
0,1,9,v6.1-stack,P33,endgame,4,2.832,b4a4,,-113,4
0,1,9,v6.1-stack,P33,endgame,5,3.715,b4a4,,-113,5
0,1,9,v6.1-stack,P33,endgame,6,7.432,b4a4,,-113,6
0,1,9,v6.1-stack,P34,endgame,4,1.577,a5a8,,341,4
0,1,9,v6.1-stack,P34,endgame,5,1.805,a5a8,,341,5
0,1,9,v6.1-stack,P34,endgame,6,2.312,a5a8,,341,6
0,1,9,v6.1-stack,P35,endgame,4,3.055,f2g1,,36,4
0,1,9,v6.1-stack,P35,endgame,5,6.924,f2g1,,36,5
0,1,9,v6.1-stack,P35,endgame,6,11.730,f2g1,,36,6
0,1,9,v6.1-stack,P36,endgame,4,2.350,g1f2,,-23,4
0,1,9,v6.1-stack,P36,endgame,5,3.137,g1f2,,-23,5
0,1,9,v6.1-stack,P36,endgame,6,6.153,g1f2,,-23,6
0,1,9,v6.1-stack,P37,endgame,4,2.064,g3g7,,23,4
0,1,9,v6.1-stack,P37,endgame,5,2.863,g3g7,,23,5
0,1,9,v6.1-stack,P37,endgame,6,5.169,g3g7,,23,6
0,1,9,v6.1-stack,P38,endgame,4,2.136,a4b5,,-15,4
0,1,9,v6.1-stack,P38,endgame,5,2.425,a4b5,,-15,5
0,1,9,v6.1-stack,P38,endgame,6,4.062,a4b5,,-15,6
0,1,9,v6.1-stack,P39,endgame,4,2.097,d2g2,,-37,4
0,1,9,v6.1-stack,P39,endgame,5,3.258,d2g2,,-37,5
0,1,9,v6.1-stack,P39,endgame,6,9.411,d2a2,,-37,6
0,1,9,v6.1-stack,P40,endgame,4,4.727,e3e8,,99,4
0,1,9,v6.1-stack,P40,endgame,5,5.979,e3e8,,99,5
0,1,9,v6.1-stack,P40,endgame,6,16.932,a4a5,,99,6
0,1,10,v7,P01,opening,4,8.787,g8f6,-63,-75,4
0,1,10,v7,P01,opening,5,8.174,g8f6,-63,-75,5
0,1,10,v7,P01,opening,6,23.906,b8d7,-69,-75,6
0,1,10,v7,P02,opening,4,5.722,d8b6,82,36,4
0,1,10,v7,P02,opening,5,11.253,b8c6,65,36,5
0,1,10,v7,P02,opening,6,40.430,d8a5,64,36,6
0,1,10,v7,P03,opening,4,4.973,e7e6,47,41,4
0,1,10,v7,P03,opening,5,10.501,e7e6,89,41,5
0,1,10,v7,P03,opening,6,29.552,e7e6,59,41,6
0,1,10,v7,P04,opening,4,5.294,d4e5,98,73,4
0,1,10,v7,P04,opening,5,8.468,d4e5,116,73,5
0,1,10,v7,P04,opening,6,23.596,b1c3,96,73,6
0,1,10,v7,P05,opening,4,7.615,e1g1,76,-22,4
0,1,10,v7,P05,opening,5,12.102,e1g1,100,-22,5
0,1,10,v7,P05,opening,6,32.702,e1g1,76,-22,6
0,1,10,v7,P06,opening,4,4.147,f1c4,80,24,4
0,1,10,v7,P06,opening,5,7.190,f1c4,63,24,5
0,1,10,v7,P06,opening,6,21.594,f1c4,49,24,6
0,1,10,v7,P07,opening,4,2.532,d6b6,73,17,4
0,1,10,v7,P07,opening,5,9.910,g8f6,44,17,5
0,1,10,v7,P07,opening,6,21.890,d6b6,23,17,6
0,1,10,v7,P08,opening,4,3.800,b8c6,-1,28,4
0,1,10,v7,P08,opening,5,7.313,b8c6,49,28,5
0,1,10,v7,P08,opening,6,29.058,b8c6,-20,28,6
0,1,10,v7,P09,opening,4,4.348,c3b5,98,160,4
0,1,10,v7,P09,opening,5,8.355,a2a4,100,160,5
0,1,10,v7,P09,opening,6,26.218,a2a4,71,160,6
0,1,10,v7,P10,opening,4,3.152,g8f6,39,28,4
0,1,10,v7,P10,opening,5,6.660,e7e5,45,28,5
0,1,10,v7,P10,opening,6,15.585,e7e5,34,28,6
0,1,10,v7,P11,opening,4,2.940,e4d5,-43,-56,4
0,1,10,v7,P11,opening,5,4.984,e4d5,29,-56,5
0,1,10,v7,P11,opening,6,15.360,e4e5,-25,-56,6
0,1,10,v7,P12,opening,4,6.444,d8b6,-95,-45,4
0,1,10,v7,P12,opening,5,11.765,c8d7,-39,-45,5
0,1,10,v7,P12,opening,6,23.505,d8b6,-62,-45,6
0,1,10,v7,P13,opening,4,2.108,b8c6,-31,26,4
0,1,10,v7,P13,opening,5,3.506,e7e6,21,26,5
0,1,10,v7,P13,opening,6,9.617,e7e5,-1,26,6
0,1,10,v7,P14,opening,4,4.226,c6d4,40,-78,4
0,1,10,v7,P14,opening,5,10.294,c6d4,57,-78,5
0,1,10,v7,P14,opening,6,22.100,c6d4,57,-78,6
0,1,10,v7,P15,middlegame,4,5.692,h4g3,-9,67,4
0,1,10,v7,P15,middlegame,5,8.470,h4g3,-6,67,5
0,1,10,v7,P15,middlegame,6,40.793,h4g3,30,67,6
0,1,10,v7,P16,middlegame,4,3.966,a6a5,-102,-83,4
0,1,10,v7,P16,middlegame,5,7.310,a6a5,-72,-83,5
0,1,10,v7,P16,middlegame,6,24.851,c8b7,-118,-83,6
0,1,10,v7,P17,middlegame,4,5.413,a7a6,-102,-92,4
0,1,10,v7,P17,middlegame,5,16.063,c6b4,-71,-92,5
0,1,10,v7,P17,middlegame,6,38.119,e7f5,-58,-92,6
0,1,10,v7,P18,middlegame,4,4.518,c1a3,199,140,4
0,1,10,v7,P18,middlegame,5,12.629,g4d7,187,140,5
0,1,10,v7,P18,middlegame,6,22.824,c1a3,180,140,6
0,1,10,v7,P19,middlegame,4,1.728,c4d5,145,-176,4
0,1,10,v7,P19,middlegame,5,2.240,c4d5,128,-176,5
0,1,10,v7,P19,middlegame,6,4.180,c4d5,122,-176,6
0,1,10,v7,P20,middlegame,4,3.905,h7h6,45,2,4
0,1,10,v7,P20,middlegame,5,10.623,h7h6,50,2,5
0,1,10,v7,P20,middlegame,6,28.814,f8e8,43,2,6
0,1,10,v7,P21,middlegame,4,5.578,e8g8,-28,-83,4
0,1,10,v7,P21,middlegame,5,8.377,e8g8,12,-83,5
0,1,10,v7,P21,middlegame,6,28.028,e8g8,-20,-83,6
0,1,10,v7,P22,middlegame,4,7.476,e4f5,-14,54,4
0,1,10,v7,P22,middlegame,5,16.434,e2e3,-25,54,5
0,1,10,v7,P22,middlegame,6,38.060,e2e3,-19,54,6
0,1,10,v7,P23,middlegame,4,3.838,e7d6,41,20,4
0,1,10,v7,P23,middlegame,5,7.283,e7d6,99,20,5
0,1,10,v7,P23,middlegame,6,12.063,e7d6,76,20,6
0,1,10,v7,P24,middlegame,4,7.419,f4e3,72,90,4
0,1,10,v7,P24,middlegame,5,16.243,d3e5,68,90,5
0,1,10,v7,P24,middlegame,6,45.870,d3e5,64,90,6
0,1,10,v7,P25,middlegame,4,3.654,d7f6,-101,-94,4
0,1,10,v7,P25,middlegame,5,8.100,d7f6,-72,-94,5
0,1,10,v7,P25,middlegame,6,13.562,d7f6,-72,-94,6
0,1,10,v7,P26,middlegame,4,3.455,g8g7,-99,-202,4
0,1,10,v7,P26,middlegame,5,5.761,g8g7,-119,-202,5
0,1,10,v7,P26,middlegame,6,13.649,g8g7,-129,-202,6
0,1,10,v7,P27,middlegame,4,3.449,b4d3,-90,-187,4
0,1,10,v7,P27,middlegame,5,6.799,b4d3,-75,-187,5
0,1,10,v7,P27,middlegame,6,15.039,g5f3,-27,-187,6
0,1,10,v7,P28,middlegame,4,6.277,e2e4,-91,-116,4
0,1,10,v7,P28,middlegame,5,12.308,c3c1,-113,-116,5
0,1,10,v7,P28,middlegame,6,22.985,c3c1,-113,-116,6
0,1,10,v7,P29,middlegame,4,3.421,f8e7,-76,-75,4
0,1,10,v7,P29,middlegame,5,5.475,f8e7,-76,-75,5
0,1,10,v7,P29,middlegame,6,18.655,a7a6,-45,-75,6
0,1,10,v7,P30,middlegame,4,5.284,d8h4,-113,-137,4
0,1,10,v7,P30,middlegame,5,8.903,d8h4,-105,-137,5
0,1,10,v7,P30,middlegame,6,26.581,d8h4,-118,-137,6
0,1,10,v7,P31,endgame,4,2.091,c5g1,-134,-426,4
0,1,10,v7,P31,endgame,5,2.461,c5g1,-134,-426,5
0,1,10,v7,P31,endgame,6,4.772,c5g1,-134,-426,6
0,1,10,v7,P32,endgame,4,3.446,f2f3,258,245,4
0,1,10,v7,P32,endgame,5,7.194,a1a6,266,245,5
0,1,10,v7,P32,endgame,6,19.038,f2e3,248,245,6
0,1,10,v7,P33,endgame,4,2.854,e1c1,-91,-91,4
0,1,10,v7,P33,endgame,5,5.721,b4a4,-73,-91,5
0,1,10,v7,P33,endgame,6,11.138,b4a4,-93,-91,6
0,1,10,v7,P34,endgame,4,1.681,a5a6,95,105,4
0,1,10,v7,P34,endgame,5,2.251,a5a6,137,105,5
0,1,10,v7,P34,endgame,6,3.607,a5a6,95,105,6
0,1,10,v7,P35,endgame,4,2.739,f2g1,-16,32,4
0,1,10,v7,P35,endgame,5,5.153,f2g1,-16,32,5
0,1,10,v7,P35,endgame,6,10.736,f2g1,-16,32,6
0,1,10,v7,P36,endgame,4,3.153,g1h1,25,25,4
0,1,10,v7,P36,endgame,5,4.831,e7d8,40,25,5
0,1,10,v7,P36,endgame,6,10.735,e7d8,40,25,6
0,1,10,v7,P37,endgame,4,2.153,g3g7,216,-35,4
0,1,10,v7,P37,endgame,5,2.894,g3g7,216,-35,5
0,1,10,v7,P37,endgame,6,4.477,g3g7,216,-35,6
0,1,10,v7,P38,endgame,4,2.069,a4b5,-67,-116,4
0,1,10,v7,P38,endgame,5,2.725,a4b5,-19,-116,5
0,1,10,v7,P38,endgame,6,5.010,a4b5,-16,-116,6
0,1,10,v7,P39,endgame,4,2.638,d2g2,26,-20,4
0,1,10,v7,P39,endgame,5,4.175,d2g2,26,-20,5
0,1,10,v7,P39,endgame,6,14.588,d2a2,-2,-20,6
0,1,10,v7,P40,endgame,4,5.115,e3d3,131,12,4
0,1,10,v7,P40,endgame,5,16.348,e3e8,147,12,5
0,1,10,v7,P40,endgame,6,32.579,e3d4,168,12,6
0,1,11,v7-nnue,P01,opening,4,10.505,g8f6,-63,-75,4
0,1,11,v7-nnue,P01,opening,5,8.228,g8f6,-63,-75,5
0,1,11,v7-nnue,P01,opening,6,23.751,b8d7,-69,-75,6
0,1,11,v7-nnue,P02,opening,4,5.709,d8b6,82,36,4
0,1,11,v7-nnue,P02,opening,5,11.282,b8c6,65,36,5
0,1,11,v7-nnue,P02,opening,6,40.601,d8a5,64,36,6
0,1,11,v7-nnue,P03,opening,4,5.120,e7e6,47,41,4
0,1,11,v7-nnue,P03,opening,5,10.010,e7e6,89,41,5
0,1,11,v7-nnue,P03,opening,6,29.507,e7e6,59,41,6
0,1,11,v7-nnue,P04,opening,4,5.241,d4e5,98,73,4
0,1,11,v7-nnue,P04,opening,5,8.339,d4e5,116,73,5
0,1,11,v7-nnue,P04,opening,6,23.676,b1c3,96,73,6
0,1,11,v7-nnue,P05,opening,4,8.541,e1g1,76,-22,4
0,1,11,v7-nnue,P05,opening,5,12.519,e1g1,100,-22,5
0,1,11,v7-nnue,P05,opening,6,33.655,e1g1,76,-22,6
0,1,11,v7-nnue,P06,opening,4,4.133,f1c4,80,24,4
0,1,11,v7-nnue,P06,opening,5,7.626,f1c4,63,24,5
0,1,11,v7-nnue,P06,opening,6,21.829,f1c4,49,24,6
0,1,11,v7-nnue,P07,opening,4,2.564,d6b6,73,17,4
0,1,11,v7-nnue,P07,opening,5,9.965,g8f6,44,17,5
0,1,11,v7-nnue,P07,opening,6,22.107,d6b6,23,17,6
0,1,11,v7-nnue,P08,opening,4,3.776,b8c6,-1,28,4
0,1,11,v7-nnue,P08,opening,5,7.253,b8c6,49,28,5
0,1,11,v7-nnue,P08,opening,6,29.566,b8c6,-20,28,6
0,1,11,v7-nnue,P09,opening,4,4.267,c3b5,98,160,4
0,1,11,v7-nnue,P09,opening,5,8.556,a2a4,100,160,5
0,1,11,v7-nnue,P09,opening,6,26.768,a2a4,71,160,6
0,1,11,v7-nnue,P10,opening,4,3.075,g8f6,39,28,4
0,1,11,v7-nnue,P10,opening,5,6.595,e7e5,45,28,5
0,1,11,v7-nnue,P10,opening,6,15.654,e7e5,34,28,6
0,1,11,v7-nnue,P11,opening,4,2.975,e4d5,-43,-56,4
0,1,11,v7-nnue,P11,opening,5,4.962,e4d5,29,-56,5
0,1,11,v7-nnue,P11,opening,6,15.178,e4e5,-25,-56,6
0,1,11,v7-nnue,P12,opening,4,6.636,d8b6,-95,-45,4
0,1,11,v7-nnue,P12,opening,5,11.613,c8d7,-39,-45,5
0,1,11,v7-nnue,P12,opening,6,23.486,d8b6,-62,-45,6
0,1,11,v7-nnue,P13,opening,4,2.225,b8c6,-31,26,4
0,1,11,v7-nnue,P13,opening,5,3.406,e7e6,21,26,5
0,1,11,v7-nnue,P13,opening,6,9.765,e7e5,-1,26,6
0,1,11,v7-nnue,P14,opening,4,4.292,c6d4,40,-78,4
0,1,11,v7-nnue,P14,opening,5,10.429,c6d4,57,-78,5
0,1,11,v7-nnue,P14,opening,6,22.146,c6d4,57,-78,6
0,1,11,v7-nnue,P15,middlegame,4,5.742,h4g3,-9,67,4
0,1,11,v7-nnue,P15,middlegame,5,8.664,h4g3,-6,67,5
0,1,11,v7-nnue,P15,middlegame,6,40.693,h4g3,30,67,6
0,1,11,v7-nnue,P16,middlegame,4,4.232,a6a5,-102,-83,4
0,1,11,v7-nnue,P16,middlegame,5,7.544,a6a5,-72,-83,5
0,1,11,v7-nnue,P16,middlegame,6,25.030,c8b7,-118,-83,6
0,1,11,v7-nnue,P17,middlegame,4,5.362,a7a6,-102,-92,4
0,1,11,v7-nnue,P17,middlegame,5,16.008,c6b4,-71,-92,5
0,1,11,v7-nnue,P17,middlegame,6,38.019,e7f5,-58,-92,6
0,1,11,v7-nnue,P18,middlegame,4,4.566,c1a3,199,140,4
0,1,11,v7-nnue,P18,middlegame,5,12.531,g4d7,187,140,5
0,1,11,v7-nnue,P18,middlegame,6,22.907,c1a3,180,140,6
0,1,11,v7-nnue,P19,middlegame,4,1.670,c4d5,145,-176,4
0,1,11,v7-nnue,P19,middlegame,5,2.287,c4d5,128,-176,5
0,1,11,v7-nnue,P19,middlegame,6,4.092,c4d5,122,-176,6
0,1,11,v7-nnue,P20,middlegame,4,3.928,h7h6,45,2,4
0,1,11,v7-nnue,P20,middlegame,5,10.652,h7h6,50,2,5
0,1,11,v7-nnue,P20,middlegame,6,28.715,f8e8,43,2,6
0,1,11,v7-nnue,P21,middlegame,4,5.605,e8g8,-28,-83,4
0,1,11,v7-nnue,P21,middlegame,5,8.303,e8g8,12,-83,5
0,1,11,v7-nnue,P21,middlegame,6,28.042,e8g8,-20,-83,6
0,1,11,v7-nnue,P22,middlegame,4,6.402,e4f5,-14,54,4
0,1,11,v7-nnue,P22,middlegame,5,16.390,e2e3,-25,54,5
0,1,11,v7-nnue,P22,middlegame,6,38.367,e2e3,-19,54,6
0,1,11,v7-nnue,P23,middlegame,4,3.799,e7d6,41,20,4
0,1,11,v7-nnue,P23,middlegame,5,7.397,e7d6,99,20,5
0,1,11,v7-nnue,P23,middlegame,6,12.089,e7d6,76,20,6
0,1,11,v7-nnue,P24,middlegame,4,7.406,f4e3,72,90,4
0,1,11,v7-nnue,P24,middlegame,5,16.277,d3e5,68,90,5
0,1,11,v7-nnue,P24,middlegame,6,45.889,d3e5,64,90,6
0,1,11,v7-nnue,P25,middlegame,4,3.551,d7f6,-101,-94,4
0,1,11,v7-nnue,P25,middlegame,5,8.251,d7f6,-72,-94,5
0,1,11,v7-nnue,P25,middlegame,6,13.578,d7f6,-72,-94,6
0,1,11,v7-nnue,P26,middlegame,4,3.422,g8g7,-99,-202,4
0,1,11,v7-nnue,P26,middlegame,5,5.677,g8g7,-119,-202,5
0,1,11,v7-nnue,P26,middlegame,6,13.577,g8g7,-129,-202,6
0,1,11,v7-nnue,P27,middlegame,4,3.475,b4d3,-90,-187,4
0,1,11,v7-nnue,P27,middlegame,5,6.655,b4d3,-75,-187,5
0,1,11,v7-nnue,P27,middlegame,6,14.979,g5f3,-27,-187,6
0,1,11,v7-nnue,P28,middlegame,4,7.292,e2e4,-91,-116,4
0,1,11,v7-nnue,P28,middlegame,5,12.262,c3c1,-113,-116,5
0,1,11,v7-nnue,P28,middlegame,6,23.056,c3c1,-113,-116,6
0,1,11,v7-nnue,P29,middlegame,4,3.497,f8e7,-76,-75,4
0,1,11,v7-nnue,P29,middlegame,5,5.554,f8e7,-76,-75,5
0,1,11,v7-nnue,P29,middlegame,6,18.960,a7a6,-45,-75,6
0,1,11,v7-nnue,P30,middlegame,4,4.140,d8h4,-113,-137,4
0,1,11,v7-nnue,P30,middlegame,5,8.907,d8h4,-105,-137,5
0,1,11,v7-nnue,P30,middlegame,6,26.814,d8h4,-118,-137,6
0,1,11,v7-nnue,P31,endgame,4,2.080,c5g1,-134,-426,4
0,1,11,v7-nnue,P31,endgame,5,2.444,c5g1,-134,-426,5
0,1,11,v7-nnue,P31,endgame,6,4.878,c5g1,-134,-426,6
0,1,11,v7-nnue,P32,endgame,4,3.493,f2f3,258,245,4
0,1,11,v7-nnue,P32,endgame,5,7.278,a1a6,266,245,5
0,1,11,v7-nnue,P32,endgame,6,18.961,f2e3,248,245,6
0,1,11,v7-nnue,P33,endgame,4,2.942,e1c1,-91,-91,4
0,1,11,v7-nnue,P33,endgame,5,5.605,b4a4,-73,-91,5
0,1,11,v7-nnue,P33,endgame,6,11.190,b4a4,-93,-91,6
0,1,11,v7-nnue,P34,endgame,4,1.644,a5a6,95,105,4
0,1,11,v7-nnue,P34,endgame,5,2.295,a5a6,137,105,5
0,1,11,v7-nnue,P34,endgame,6,3.607,a5a6,95,105,6
0,1,11,v7-nnue,P35,endgame,4,2.892,f2g1,-16,32,4
0,1,11,v7-nnue,P35,endgame,5,5.020,f2g1,-16,32,5
0,1,11,v7-nnue,P35,endgame,6,10.535,f2g1,-16,32,6
0,1,11,v7-nnue,P36,endgame,4,3.137,g1h1,25,25,4
0,1,11,v7-nnue,P36,endgame,5,4.805,e7d8,40,25,5
0,1,11,v7-nnue,P36,endgame,6,10.693,e7d8,40,25,6
0,1,11,v7-nnue,P37,endgame,4,2.139,g3g7,216,-35,4
0,1,11,v7-nnue,P37,endgame,5,2.963,g3g7,216,-35,5
0,1,11,v7-nnue,P37,endgame,6,4.381,g3g7,216,-35,6
0,1,11,v7-nnue,P38,endgame,4,2.106,a4b5,-67,-116,4
0,1,11,v7-nnue,P38,endgame,5,2.739,a4b5,-19,-116,5
0,1,11,v7-nnue,P38,endgame,6,5.172,a4b5,-16,-116,6
0,1,11,v7-nnue,P39,endgame,4,2.637,d2g2,26,-20,4
0,1,11,v7-nnue,P39,endgame,5,4.243,d2g2,26,-20,5
0,1,11,v7-nnue,P39,endgame,6,14.495,d2a2,-2,-20,6
0,1,11,v7-nnue,P40,endgame,4,5.103,e3d3,131,12,4
0,1,11,v7-nnue,P40,endgame,5,15.977,e3e8,147,12,5
0,1,11,v7-nnue,P40,endgame,6,31.109,e3d4,168,12,6
0,1,12,v7.2-nnue,P01,opening,4,9.579,g8f6,-34,19,4
0,1,12,v7.2-nnue,P01,opening,5,8.712,a7a5,-41,19,5
0,1,12,v7.2-nnue,P01,opening,6,30.275,g8f6,-53,19,6
0,1,12,v7.2-nnue,P02,opening,4,8.105,d8b6,99,112,4
0,1,12,v7.2-nnue,P02,opening,5,14.753,d8a5,58,112,5
0,1,12,v7.2-nnue,P02,opening,6,45.281,d8a5,72,112,6
0,1,12,v7.2-nnue,P03,opening,4,5.056,c8e6,81,135,4
0,1,12,v7.2-nnue,P03,opening,5,10.480,e7e5,43,135,5
0,1,12,v7.2-nnue,P03,opening,6,43.589,c8e6,44,135,6
0,1,12,v7.2-nnue,P04,opening,4,4.614,e1g1,150,154,4
0,1,12,v7.2-nnue,P04,opening,5,7.512,f3e5,102,154,5
0,1,12,v7.2-nnue,P04,opening,6,24.198,f3e5,136,154,6
0,1,12,v7.2-nnue,P05,opening,4,4.267,f3d4,132,64,4
0,1,12,v7.2-nnue,P05,opening,5,8.113,f3d4,65,64,5
0,1,12,v7.2-nnue,P05,opening,6,30.131,f3d4,131,64,6
0,1,12,v7.2-nnue,P06,opening,4,4.223,f1c4,121,105,4
0,1,12,v7.2-nnue,P06,opening,5,10.201,f1c4,18,105,5
0,1,12,v7.2-nnue,P06,opening,6,30.626,f1b5,60,105,6
0,1,12,v7.2-nnue,P07,opening,4,8.867,g8f6,102,105,4
0,1,12,v7.2-nnue,P07,opening,5,11.651,d6b6,23,105,5
0,1,12,v7.2-nnue,P07,opening,6,32.645,g8f6,61,105,6
0,1,12,v7.2-nnue,P08,opening,4,5.383,g8f6,56,96,4
0,1,12,v7.2-nnue,P08,opening,5,7.824,g8f6,23,96,5
0,1,12,v7.2-nnue,P08,opening,6,30.569,b8c6,21,96,6
0,1,12,v7.2-nnue,P09,opening,4,7.641,c1d2,148,221,4
0,1,12,v7.2-nnue,P09,opening,5,10.471,a2a3,82,221,5
0,1,12,v7.2-nnue,P09,opening,6,52.319,c1d2,84,221,6
0,1,12,v7.2-nnue,P10,opening,4,2.835,g8f6,105,116,4
0,1,12,v7.2-nnue,P10,opening,5,4.836,g8f6,36,116,5
0,1,12,v7.2-nnue,P10,opening,6,14.618,g8f6,62,116,6
0,1,12,v7.2-nnue,P11,opening,4,3.733,e4e5,9,23,4
0,1,12,v7.2-nnue,P11,opening,5,7.896,e4d5,-42,23,5
0,1,12,v7.2-nnue,P11,opening,6,25.234,e4d5,-25,23,6
0,1,12,v7.2-nnue,P12,opening,4,5.904,d8b6,-47,53,4
0,1,12,v7.2-nnue,P12,opening,5,10.786,c8d7,-74,53,5
0,1,12,v7.2-nnue,P12,opening,6,37.170,d8c7,-34,53,6
0,1,12,v7.2-nnue,P13,opening,4,2.556,e7e6,54,111,4
0,1,12,v7.2-nnue,P13,opening,5,5.871,d7d5,-23,111,5
0,1,12,v7.2-nnue,P13,opening,6,18.695,b8c6,51,111,6
0,1,12,v7.2-nnue,P14,opening,4,3.394,c6d4,21,14,4
0,1,12,v7.2-nnue,P14,opening,5,5.145,c6d4,21,14,5
0,1,12,v7.2-nnue,P14,opening,6,12.140,c6d4,21,14,6
0,1,12,v7.2-nnue,P15,middlegame,4,6.589,h4g3,72,166,4
0,1,12,v7.2-nnue,P15,middlegame,5,8.756,h4g3,28,166,5
0,1,12,v7.2-nnue,P15,middlegame,6,38.212,h4g3,86,166,6
0,1,12,v7.2-nnue,P16,middlegame,4,5.914,e6e5,-58,-13,4
0,1,12,v7.2-nnue,P16,middlegame,5,9.903,d8f6,-173,-13,5
0,1,12,v7.2-nnue,P16,middlegame,6,67.528,a8b8,-57,-13,6
0,1,12,v7.2-nnue,P17,middlegame,4,5.631,c6b4,-29,-20,4
0,1,12,v7.2-nnue,P17,middlegame,5,9.130,c6b4,-130,-20,5
0,1,12,v7.2-nnue,P17,middlegame,6,53.280,e7g6,-62,-20,6
0,1,12,v7.2-nnue,P18,middlegame,4,6.670,c1a3,224,235,4
0,1,12,v7.2-nnue,P18,middlegame,5,9.199,c1a3,209,235,5
0,1,12,v7.2-nnue,P18,middlegame,6,42.216,c1e3,217,235,6
0,1,12,v7.2-nnue,P19,middlegame,4,1.629,c4d5,251,-142,4
0,1,12,v7.2-nnue,P19,middlegame,5,1.731,c4d5,193,-142,5
0,1,12,v7.2-nnue,P19,middlegame,6,4.352,c4d5,137,-142,6
0,1,12,v7.2-nnue,P20,middlegame,4,5.880,a8c8,17,121,4
0,1,12,v7.2-nnue,P20,middlegame,5,10.027,a8c8,16,121,5
0,1,12,v7.2-nnue,P20,middlegame,6,41.088,h7h6,20,121,6
0,1,12,v7.2-nnue,P21,middlegame,4,5.512,e8g8,65,-2,4
0,1,12,v7.2-nnue,P21,middlegame,5,7.845,e8g8,65,-2,5
0,1,12,v7.2-nnue,P21,middlegame,6,24.254,e8g8,65,-2,6
0,1,12,v7.2-nnue,P22,middlegame,4,5.427,e2c4,-13,64,4
0,1,12,v7.2-nnue,P22,middlegame,5,13.605,g1h1,-97,64,5
0,1,12,v7.2-nnue,P22,middlegame,6,37.549,f1g2,-95,64,6
0,1,12,v7.2-nnue,P23,middlegame,4,5.529,e7d6,98,96,4
0,1,12,v7.2-nnue,P23,middlegame,5,8.141,e7d6,27,96,5
0,1,12,v7.2-nnue,P23,middlegame,6,25.506,e7d6,87,96,6
0,1,12,v7.2-nnue,P24,middlegame,4,7.662,b5c6,148,171,4
0,1,12,v7.2-nnue,P24,middlegame,5,18.554,b5c6,20,171,5
0,1,12,v7.2-nnue,P24,middlegame,6,77.410,f4e3,128,171,6
0,1,12,v7.2-nnue,P25,middlegame,4,6.656,b7b6,-31,-24,4
0,1,12,v7.2-nnue,P25,middlegame,5,12.726,d7f6,-141,-24,5
0,1,12,v7.2-nnue,P25,middlegame,6,97.251,a7a6,-33,-24,6
0,1,12,v7.2-nnue,P26,middlegame,4,3.179,g8g7,-39,-223,4
0,1,12,v7.2-nnue,P26,middlegame,5,6.357,g8g7,-153,-223,5
0,1,12,v7.2-nnue,P26,middlegame,6,19.498,g8g7,-81,-223,6
0,1,12,v7.2-nnue,P27,middlegame,4,5.513,b4c2,-71,-56,4
0,1,12,v7.2-nnue,P27,middlegame,5,8.827,b4c6,-146,-56,5
0,1,12,v7.2-nnue,P27,middlegame,6,37.142,b4d3,-85,-56,6
0,1,12,v7.2-nnue,P28,middlegame,4,6.471,e2d2,-18,-1,4
0,1,12,v7.2-nnue,P28,middlegame,5,9.246,e2e4,-111,-1,5
0,1,12,v7.2-nnue,P28,middlegame,6,29.721,e2d2,-108,-1,6
0,1,12,v7.2-nnue,P29,middlegame,4,3.148,f8e7,8,16,4
0,1,12,v7.2-nnue,P29,middlegame,5,7.053,a7a5,-87,16,5
0,1,12,v7.2-nnue,P29,middlegame,6,27.792,a7a6,-19,16,6
0,1,12,v7.2-nnue,P30,middlegame,4,6.186,f5f4,-65,-43,4
0,1,12,v7.2-nnue,P30,middlegame,5,8.266,f5f4,-91,-43,5
0,1,12,v7.2-nnue,P30,middlegame,6,58.447,d8a5,-117,-43,6
0,1,12,v7.2-nnue,P31,endgame,4,2.078,c5g1,-157,-385,4
0,1,12,v7.2-nnue,P31,endgame,5,2.504,c5g1,-157,-385,5
0,1,12,v7.2-nnue,P31,endgame,6,5.082,c5g1,-157,-385,6
0,1,12,v7.2-nnue,P32,endgame,4,3.519,a1a6,254,329,4
0,1,12,v7.2-nnue,P32,endgame,5,4.999,a1a6,236,329,5
0,1,12,v7.2-nnue,P32,endgame,6,14.414,f2e3,268,329,6
0,1,12,v7.2-nnue,P33,endgame,4,2.583,b4a4,-83,-13,4
0,1,12,v7.2-nnue,P33,endgame,5,3.961,b4a4,-78,-13,5
0,1,12,v7.2-nnue,P33,endgame,6,7.595,b4a4,-78,-13,6
0,1,12,v7.2-nnue,P34,endgame,4,1.981,a5a7,213,262,4
0,1,12,v7.2-nnue,P34,endgame,5,2.698,c4c5,190,262,5
0,1,12,v7.2-nnue,P34,endgame,6,3.962,c4c5,241,262,6
0,1,12,v7.2-nnue,P35,endgame,4,3.087,f2g1,20,250,4
0,1,12,v7.2-nnue,P35,endgame,5,6.495,f2g1,20,250,5
0,1,12,v7.2-nnue,P35,endgame,6,13.107,f2g1,7,250,6
0,1,12,v7.2-nnue,P36,endgame,4,3.591,e7d7,91,52,4
0,1,12,v7.2-nnue,P36,endgame,5,8.243,e7d8,39,52,5
0,1,12,v7.2-nnue,P36,endgame,6,13.487,e7d7,85,52,6
0,1,12,v7.2-nnue,P37,endgame,4,2.247,g3g7,156,58,4
0,1,12,v7.2-nnue,P37,endgame,5,3.135,g3g7,156,58,5
0,1,12,v7.2-nnue,P37,endgame,6,5.268,g3g7,156,58,6
0,1,12,v7.2-nnue,P38,endgame,4,1.829,a4b5,100,13,4
0,1,12,v7.2-nnue,P38,endgame,5,3.100,a4b5,-7,13,5
0,1,12,v7.2-nnue,P38,endgame,6,6.928,a4b5,104,13,6
0,1,12,v7.2-nnue,P39,endgame,4,4.114,d2a2,-7,12,4
0,1,12,v7.2-nnue,P39,endgame,5,6.966,d2g2,-99,12,5
0,1,12,v7.2-nnue,P39,endgame,6,12.418,d2g2,-35,12,6
0,1,12,v7.2-nnue,P40,endgame,4,5.438,e3e8,322,250,4
0,1,12,v7.2-nnue,P40,endgame,5,13.896,e3e8,283,250,5
0,1,12,v7.2-nnue,P40,endgame,6,39.259,e3e8,300,250,6
1,0,0,v7.2-nnue,P01,opening,4,8.217,g8f6,-34,19,4
1,0,0,v7.2-nnue,P01,opening,5,8.644,a7a5,-41,19,5
1,0,0,v7.2-nnue,P01,opening,6,30.228,g8f6,-53,19,6
1,0,0,v7.2-nnue,P02,opening,4,11.018,d8b6,99,112,4
1,0,0,v7.2-nnue,P02,opening,5,14.899,d8a5,58,112,5
1,0,0,v7.2-nnue,P02,opening,6,45.049,d8a5,72,112,6
1,0,0,v7.2-nnue,P03,opening,4,5.119,c8e6,81,135,4
1,0,0,v7.2-nnue,P03,opening,5,10.226,e7e5,43,135,5
1,0,0,v7.2-nnue,P03,opening,6,43.526,c8e6,44,135,6
1,0,0,v7.2-nnue,P04,opening,4,4.594,e1g1,150,154,4
1,0,0,v7.2-nnue,P04,opening,5,7.500,f3e5,102,154,5
1,0,0,v7.2-nnue,P04,opening,6,24.091,f3e5,136,154,6
1,0,0,v7.2-nnue,P05,opening,4,4.424,f3d4,132,64,4
1,0,0,v7.2-nnue,P05,opening,5,8.160,f3d4,65,64,5
1,0,0,v7.2-nnue,P05,opening,6,29.689,f3d4,131,64,6
1,0,0,v7.2-nnue,P06,opening,4,4.081,f1c4,121,105,4
1,0,0,v7.2-nnue,P06,opening,5,9.956,f1c4,18,105,5
1,0,0,v7.2-nnue,P06,opening,6,30.132,f1b5,60,105,6
1,0,0,v7.2-nnue,P07,opening,4,8.965,g8f6,102,105,4
1,0,0,v7.2-nnue,P07,opening,5,11.524,d6b6,23,105,5
1,0,0,v7.2-nnue,P07,opening,6,32.573,g8f6,61,105,6
1,0,0,v7.2-nnue,P08,opening,4,5.195,g8f6,56,96,4
1,0,0,v7.2-nnue,P08,opening,5,7.919,g8f6,23,96,5
1,0,0,v7.2-nnue,P08,opening,6,30.508,b8c6,21,96,6
1,0,0,v7.2-nnue,P09,opening,4,7.590,c1d2,148,221,4
1,0,0,v7.2-nnue,P09,opening,5,10.659,a2a3,82,221,5
1,0,0,v7.2-nnue,P09,opening,6,52.177,c1d2,84,221,6
1,0,0,v7.2-nnue,P10,opening,4,2.833,g8f6,105,116,4
1,0,0,v7.2-nnue,P10,opening,5,4.849,g8f6,36,116,5
1,0,0,v7.2-nnue,P10,opening,6,14.742,g8f6,62,116,6
1,0,0,v7.2-nnue,P11,opening,4,3.841,e4e5,9,23,4
1,0,0,v7.2-nnue,P11,opening,5,8.291,e4d5,-42,23,5
1,0,0,v7.2-nnue,P11,opening,6,25.313,e4d5,-25,23,6
1,0,0,v7.2-nnue,P12,opening,4,5.937,d8b6,-47,53,4
1,0,0,v7.2-nnue,P12,opening,5,10.711,c8d7,-74,53,5
1,0,0,v7.2-nnue,P12,opening,6,37.188,d8c7,-34,53,6
1,0,0,v7.2-nnue,P13,opening,4,2.552,e7e6,54,111,4
1,0,0,v7.2-nnue,P13,opening,5,5.706,d7d5,-23,111,5
1,0,0,v7.2-nnue,P13,opening,6,18.649,b8c6,51,111,6
1,0,0,v7.2-nnue,P14,opening,4,3.369,c6d4,21,14,4
1,0,0,v7.2-nnue,P14,opening,5,5.351,c6d4,21,14,5
1,0,0,v7.2-nnue,P14,opening,6,12.326,c6d4,21,14,6
1,0,0,v7.2-nnue,P15,middlegame,4,6.344,h4g3,72,166,4
1,0,0,v7.2-nnue,P15,middlegame,5,8.907,h4g3,28,166,5
1,0,0,v7.2-nnue,P15,middlegame,6,39.251,h4g3,86,166,6
1,0,0,v7.2-nnue,P16,middlegame,4,5.701,e6e5,-58,-13,4
1,0,0,v7.2-nnue,P16,middlegame,5,9.504,d8f6,-173,-13,5
1,0,0,v7.2-nnue,P16,middlegame,6,67.416,a8b8,-57,-13,6
1,0,0,v7.2-nnue,P17,middlegame,4,5.824,c6b4,-29,-20,4
1,0,0,v7.2-nnue,P17,middlegame,5,9.262,c6b4,-130,-20,5
1,0,0,v7.2-nnue,P17,middlegame,6,53.792,e7g6,-62,-20,6
1,0,0,v7.2-nnue,P18,middlegame,4,6.432,c1a3,224,235,4
1,0,0,v7.2-nnue,P18,middlegame,5,9.294,c1a3,209,235,5
1,0,0,v7.2-nnue,P18,middlegame,6,41.261,c1e3,217,235,6
1,0,0,v7.2-nnue,P19,middlegame,4,1.657,c4d5,251,-142,4
1,0,0,v7.2-nnue,P19,middlegame,5,1.877,c4d5,193,-142,5
1,0,0,v7.2-nnue,P19,middlegame,6,4.426,c4d5,137,-142,6
1,0,0,v7.2-nnue,P20,middlegame,4,6.036,a8c8,17,121,4
1,0,0,v7.2-nnue,P20,middlegame,5,10.053,a8c8,16,121,5
1,0,0,v7.2-nnue,P20,middlegame,6,41.716,h7h6,20,121,6
1,0,0,v7.2-nnue,P21,middlegame,4,5.547,e8g8,65,-2,4
1,0,0,v7.2-nnue,P21,middlegame,5,7.975,e8g8,65,-2,5
1,0,0,v7.2-nnue,P21,middlegame,6,24.798,e8g8,65,-2,6
1,0,0,v7.2-nnue,P22,middlegame,4,5.561,e2c4,-13,64,4
1,0,0,v7.2-nnue,P22,middlegame,5,13.520,g1h1,-97,64,5
1,0,0,v7.2-nnue,P22,middlegame,6,37.571,f1g2,-95,64,6
1,0,0,v7.2-nnue,P23,middlegame,4,5.587,e7d6,98,96,4
1,0,0,v7.2-nnue,P23,middlegame,5,8.109,e7d6,27,96,5
1,0,0,v7.2-nnue,P23,middlegame,6,25.561,e7d6,87,96,6
1,0,0,v7.2-nnue,P24,middlegame,4,7.814,b5c6,148,171,4
1,0,0,v7.2-nnue,P24,middlegame,5,18.622,b5c6,20,171,5
1,0,0,v7.2-nnue,P24,middlegame,6,74.055,f4e3,128,171,6
1,0,0,v7.2-nnue,P25,middlegame,4,6.571,b7b6,-31,-24,4
1,0,0,v7.2-nnue,P25,middlegame,5,12.543,d7f6,-141,-24,5
1,0,0,v7.2-nnue,P25,middlegame,6,91.053,a7a6,-33,-24,6
1,0,0,v7.2-nnue,P26,middlegame,4,3.131,g8g7,-39,-223,4
1,0,0,v7.2-nnue,P26,middlegame,5,6.254,g8g7,-153,-223,5
1,0,0,v7.2-nnue,P26,middlegame,6,18.968,g8g7,-81,-223,6
1,0,0,v7.2-nnue,P27,middlegame,4,5.600,b4c2,-71,-56,4
1,0,0,v7.2-nnue,P27,middlegame,5,8.826,b4c6,-146,-56,5
1,0,0,v7.2-nnue,P27,middlegame,6,36.597,b4d3,-85,-56,6
1,0,0,v7.2-nnue,P28,middlegame,4,6.093,e2d2,-18,-1,4
1,0,0,v7.2-nnue,P28,middlegame,5,9.416,e2e4,-111,-1,5
1,0,0,v7.2-nnue,P28,middlegame,6,29.533,e2d2,-108,-1,6
1,0,0,v7.2-nnue,P29,middlegame,4,3.100,f8e7,8,16,4
1,0,0,v7.2-nnue,P29,middlegame,5,7.036,a7a5,-87,16,5
1,0,0,v7.2-nnue,P29,middlegame,6,28.113,a7a6,-19,16,6
1,0,0,v7.2-nnue,P30,middlegame,4,6.388,f5f4,-65,-43,4
1,0,0,v7.2-nnue,P30,middlegame,5,8.128,f5f4,-91,-43,5
1,0,0,v7.2-nnue,P30,middlegame,6,55.885,d8a5,-117,-43,6
1,0,0,v7.2-nnue,P31,endgame,4,2.087,c5g1,-157,-385,4
1,0,0,v7.2-nnue,P31,endgame,5,2.486,c5g1,-157,-385,5
1,0,0,v7.2-nnue,P31,endgame,6,5.070,c5g1,-157,-385,6
1,0,0,v7.2-nnue,P32,endgame,4,3.763,a1a6,254,329,4
1,0,0,v7.2-nnue,P32,endgame,5,4.907,a1a6,236,329,5
1,0,0,v7.2-nnue,P32,endgame,6,14.038,f2e3,268,329,6
1,0,0,v7.2-nnue,P33,endgame,4,2.628,b4a4,-83,-13,4
1,0,0,v7.2-nnue,P33,endgame,5,3.832,b4a4,-78,-13,5
1,0,0,v7.2-nnue,P33,endgame,6,7.458,b4a4,-78,-13,6
1,0,0,v7.2-nnue,P34,endgame,4,1.997,a5a7,213,262,4
1,0,0,v7.2-nnue,P34,endgame,5,2.757,c4c5,190,262,5
1,0,0,v7.2-nnue,P34,endgame,6,3.974,c4c5,241,262,6
1,0,0,v7.2-nnue,P35,endgame,4,3.239,f2g1,20,250,4
1,0,0,v7.2-nnue,P35,endgame,5,6.555,f2g1,20,250,5
1,0,0,v7.2-nnue,P35,endgame,6,12.772,f2g1,7,250,6
1,0,0,v7.2-nnue,P36,endgame,4,3.733,e7d7,91,52,4
1,0,0,v7.2-nnue,P36,endgame,5,8.101,e7d8,39,52,5
1,0,0,v7.2-nnue,P36,endgame,6,13.217,e7d7,85,52,6
1,0,0,v7.2-nnue,P37,endgame,4,2.519,g3g7,156,58,4
1,0,0,v7.2-nnue,P37,endgame,5,3.228,g3g7,156,58,5
1,0,0,v7.2-nnue,P37,endgame,6,5.174,g3g7,156,58,6
1,0,0,v7.2-nnue,P38,endgame,4,1.887,a4b5,100,13,4
1,0,0,v7.2-nnue,P38,endgame,5,3.082,a4b5,-7,13,5
1,0,0,v7.2-nnue,P38,endgame,6,6.810,a4b5,104,13,6
1,0,0,v7.2-nnue,P39,endgame,4,4.100,d2a2,-7,12,4
1,0,0,v7.2-nnue,P39,endgame,5,7.044,d2g2,-99,12,5
1,0,0,v7.2-nnue,P39,endgame,6,12.536,d2g2,-35,12,6
1,0,0,v7.2-nnue,P40,endgame,4,5.328,e3e8,322,250,4
1,0,0,v7.2-nnue,P40,endgame,5,13.642,e3e8,283,250,5
1,0,0,v7.2-nnue,P40,endgame,6,37.126,e3e8,300,250,6
1,0,1,v7-nnue,P01,opening,4,7.464,g8f6,-63,-75,4
1,0,1,v7-nnue,P01,opening,5,7.785,g8f6,-63,-75,5
1,0,1,v7-nnue,P01,opening,6,23.921,b8d7,-69,-75,6
1,0,1,v7-nnue,P02,opening,4,5.675,d8b6,82,36,4
1,0,1,v7-nnue,P02,opening,5,11.193,b8c6,65,36,5
1,0,1,v7-nnue,P02,opening,6,40.357,d8a5,64,36,6
1,0,1,v7-nnue,P03,opening,4,5.147,e7e6,47,41,4
1,0,1,v7-nnue,P03,opening,5,10.129,e7e6,89,41,5
1,0,1,v7-nnue,P03,opening,6,29.766,e7e6,59,41,6
1,0,1,v7-nnue,P04,opening,4,5.306,d4e5,98,73,4
1,0,1,v7-nnue,P04,opening,5,8.322,d4e5,116,73,5
1,0,1,v7-nnue,P04,opening,6,23.426,b1c3,96,73,6
1,0,1,v7-nnue,P05,opening,4,7.517,e1g1,76,-22,4
1,0,1,v7-nnue,P05,opening,5,12.228,e1g1,100,-22,5
1,0,1,v7-nnue,P05,opening,6,32.698,e1g1,76,-22,6
1,0,1,v7-nnue,P06,opening,4,4.012,f1c4,80,24,4
1,0,1,v7-nnue,P06,opening,5,7.423,f1c4,63,24,5
1,0,1,v7-nnue,P06,opening,6,21.555,f1c4,49,24,6
1,0,1,v7-nnue,P07,opening,4,2.548,d6b6,73,17,4
1,0,1,v7-nnue,P07,opening,5,9.885,g8f6,44,17,5
1,0,1,v7-nnue,P07,opening,6,21.792,d6b6,23,17,6
1,0,1,v7-nnue,P08,opening,4,3.770,b8c6,-1,28,4
1,0,1,v7-nnue,P08,opening,5,7.175,b8c6,49,28,5
1,0,1,v7-nnue,P08,opening,6,28.846,b8c6,-20,28,6
1,0,1,v7-nnue,P09,opening,4,4.173,c3b5,98,160,4
1,0,1,v7-nnue,P09,opening,5,8.325,a2a4,100,160,5
1,0,1,v7-nnue,P09,opening,6,27.121,a2a4,71,160,6
1,0,1,v7-nnue,P10,opening,4,3.089,g8f6,39,28,4
1,0,1,v7-nnue,P10,opening,5,6.556,e7e5,45,28,5
1,0,1,v7-nnue,P10,opening,6,15.641,e7e5,34,28,6
1,0,1,v7-nnue,P11,opening,4,2.966,e4d5,-43,-56,4
1,0,1,v7-nnue,P11,opening,5,4.918,e4d5,29,-56,5
1,0,1,v7-nnue,P11,opening,6,15.460,e4e5,-25,-56,6
1,0,1,v7-nnue,P12,opening,4,6.326,d8b6,-95,-45,4
1,0,1,v7-nnue,P12,opening,5,11.720,c8d7,-39,-45,5
1,0,1,v7-nnue,P12,opening,6,24.037,d8b6,-62,-45,6
1,0,1,v7-nnue,P13,opening,4,2.121,b8c6,-31,26,4
1,0,1,v7-nnue,P13,opening,5,3.468,e7e6,21,26,5
1,0,1,v7-nnue,P13,opening,6,9.851,e7e5,-1,26,6
1,0,1,v7-nnue,P14,opening,4,4.198,c6d4,40,-78,4
1,0,1,v7-nnue,P14,opening,5,10.717,c6d4,57,-78,5
1,0,1,v7-nnue,P14,opening,6,22.480,c6d4,57,-78,6
1,0,1,v7-nnue,P15,middlegame,4,5.788,h4g3,-9,67,4
1,0,1,v7-nnue,P15,middlegame,5,8.509,h4g3,-6,67,5
1,0,1,v7-nnue,P15,middlegame,6,42.195,h4g3,30,67,6
1,0,1,v7-nnue,P16,middlegame,4,3.987,a6a5,-102,-83,4
1,0,1,v7-nnue,P16,middlegame,5,7.567,a6a5,-72,-83,5
1,0,1,v7-nnue,P16,middlegame,6,24.981,c8b7,-118,-83,6
1,0,1,v7-nnue,P17,middlegame,4,5.405,a7a6,-102,-92,4
1,0,1,v7-nnue,P17,middlegame,5,16.035,c6b4,-71,-92,5
1,0,1,v7-nnue,P17,middlegame,6,37.692,e7f5,-58,-92,6
1,0,1,v7-nnue,P18,middlegame,4,6.609,c1a3,199,140,4
1,0,1,v7-nnue,P18,middlegame,5,13.147,g4d7,187,140,5
1,0,1,v7-nnue,P18,middlegame,6,22.624,c1a3,180,140,6
1,0,1,v7-nnue,P19,middlegame,4,1.617,c4d5,145,-176,4
1,0,1,v7-nnue,P19,middlegame,5,2.266,c4d5,128,-176,5
1,0,1,v7-nnue,P19,middlegame,6,3.966,c4d5,122,-176,6
1,0,1,v7-nnue,P20,middlegame,4,4.032,h7h6,45,2,4
1,0,1,v7-nnue,P20,middlegame,5,10.429,h7h6,50,2,5
1,0,1,v7-nnue,P20,middlegame,6,28.906,f8e8,43,2,6
1,0,1,v7-nnue,P21,middlegame,4,5.607,e8g8,-28,-83,4
1,0,1,v7-nnue,P21,middlegame,5,8.415,e8g8,12,-83,5
1,0,1,v7-nnue,P21,middlegame,6,28.941,e8g8,-20,-83,6
1,0,1,v7-nnue,P22,middlegame,4,6.585,e4f5,-14,54,4
1,0,1,v7-nnue,P22,middlegame,5,17.056,e2e3,-25,54,5
1,0,1,v7-nnue,P22,middlegame,6,40.290,e2e3,-19,54,6
1,0,1,v7-nnue,P23,middlegame,4,3.790,e7d6,41,20,4
1,0,1,v7-nnue,P23,middlegame,5,7.299,e7d6,99,20,5
1,0,1,v7-nnue,P23,middlegame,6,12.009,e7d6,76,20,6
1,0,1,v7-nnue,P24,middlegame,4,7.495,f4e3,72,90,4
1,0,1,v7-nnue,P24,middlegame,5,16.333,d3e5,68,90,5
1,0,1,v7-nnue,P24,middlegame,6,47.746,d3e5,64,90,6
1,0,1,v7-nnue,P25,middlegame,4,3.578,d7f6,-101,-94,4
1,0,1,v7-nnue,P25,middlegame,5,8.223,d7f6,-72,-94,5
1,0,1,v7-nnue,P25,middlegame,6,13.621,d7f6,-72,-94,6
1,0,1,v7-nnue,P26,middlegame,4,3.452,g8g7,-99,-202,4
1,0,1,v7-nnue,P26,middlegame,5,5.549,g8g7,-119,-202,5
1,0,1,v7-nnue,P26,middlegame,6,13.849,g8g7,-129,-202,6
1,0,1,v7-nnue,P27,middlegame,4,3.397,b4d3,-90,-187,4
1,0,1,v7-nnue,P27,middlegame,5,6.698,b4d3,-75,-187,5
1,0,1,v7-nnue,P27,middlegame,6,14.716,g5f3,-27,-187,6
1,0,1,v7-nnue,P28,middlegame,4,6.060,e2e4,-91,-116,4
1,0,1,v7-nnue,P28,middlegame,5,12.197,c3c1,-113,-116,5
1,0,1,v7-nnue,P28,middlegame,6,22.610,c3c1,-113,-116,6
1,0,1,v7-nnue,P29,middlegame,4,3.533,f8e7,-76,-75,4
1,0,1,v7-nnue,P29,middlegame,5,5.380,f8e7,-76,-75,5
1,0,1,v7-nnue,P29,middlegame,6,18.623,a7a6,-45,-75,6
1,0,1,v7-nnue,P30,middlegame,4,4.443,d8h4,-113,-137,4
1,0,1,v7-nnue,P30,middlegame,5,8.903,d8h4,-105,-137,5
1,0,1,v7-nnue,P30,middlegame,6,26.833,d8h4,-118,-137,6
1,0,1,v7-nnue,P31,endgame,4,2.070,c5g1,-134,-426,4
1,0,1,v7-nnue,P31,endgame,5,2.460,c5g1,-134,-426,5
1,0,1,v7-nnue,P31,endgame,6,4.912,c5g1,-134,-426,6
1,0,1,v7-nnue,P32,endgame,4,3.295,f2f3,258,245,4
1,0,1,v7-nnue,P32,endgame,5,7.346,a1a6,266,245,5
1,0,1,v7-nnue,P32,endgame,6,19.097,f2e3,248,245,6
1,0,1,v7-nnue,P33,endgame,4,2.773,e1c1,-91,-91,4
1,0,1,v7-nnue,P33,endgame,5,5.646,b4a4,-73,-91,5
1,0,1,v7-nnue,P33,endgame,6,11.174,b4a4,-93,-91,6
1,0,1,v7-nnue,P34,endgame,4,1.671,a5a6,95,105,4
1,0,1,v7-nnue,P34,endgame,5,2.223,a5a6,137,105,5
1,0,1,v7-nnue,P34,endgame,6,3.809,a5a6,95,105,6
1,0,1,v7-nnue,P35,endgame,4,2.722,f2g1,-16,32,4
1,0,1,v7-nnue,P35,endgame,5,5.130,f2g1,-16,32,5
1,0,1,v7-nnue,P35,endgame,6,10.388,f2g1,-16,32,6
1,0,1,v7-nnue,P36,endgame,4,3.163,g1h1,25,25,4
1,0,1,v7-nnue,P36,endgame,5,4.913,e7d8,40,25,5
1,0,1,v7-nnue,P36,endgame,6,10.443,e7d8,40,25,6
1,0,1,v7-nnue,P37,endgame,4,2.320,g3g7,216,-35,4
1,0,1,v7-nnue,P37,endgame,5,2.786,g3g7,216,-35,5
1,0,1,v7-nnue,P37,endgame,6,4.460,g3g7,216,-35,6
1,0,1,v7-nnue,P38,endgame,4,2.174,a4b5,-67,-116,4
1,0,1,v7-nnue,P38,endgame,5,3.009,a4b5,-19,-116,5
1,0,1,v7-nnue,P38,endgame,6,4.942,a4b5,-16,-116,6
1,0,1,v7-nnue,P39,endgame,4,2.700,d2g2,26,-20,4
1,0,1,v7-nnue,P39,endgame,5,4.277,d2g2,26,-20,5
1,0,1,v7-nnue,P39,endgame,6,13.993,d2a2,-2,-20,6
1,0,1,v7-nnue,P40,endgame,4,5.096,e3d3,131,12,4
1,0,1,v7-nnue,P40,endgame,5,16.135,e3e8,147,12,5
1,0,1,v7-nnue,P40,endgame,6,31.325,e3d4,168,12,6
1,0,2,v7,P01,opening,4,7.654,g8f6,-63,-75,4
1,0,2,v7,P01,opening,5,7.862,g8f6,-63,-75,5
1,0,2,v7,P01,opening,6,23.785,b8d7,-69,-75,6
1,0,2,v7,P02,opening,4,5.861,d8b6,82,36,4
1,0,2,v7,P02,opening,5,11.156,b8c6,65,36,5
1,0,2,v7,P02,opening,6,40.292,d8a5,64,36,6
1,0,2,v7,P03,opening,4,5.095,e7e6,47,41,4
1,0,2,v7,P03,opening,5,10.375,e7e6,89,41,5
1,0,2,v7,P03,opening,6,29.587,e7e6,59,41,6
1,0,2,v7,P04,opening,4,5.241,d4e5,98,73,4
1,0,2,v7,P04,opening,5,8.517,d4e5,116,73,5
1,0,2,v7,P04,opening,6,23.732,b1c3,96,73,6
1,0,2,v7,P05,opening,4,7.791,e1g1,76,-22,4
1,0,2,v7,P05,opening,5,12.246,e1g1,100,-22,5
1,0,2,v7,P05,opening,6,32.745,e1g1,76,-22,6
1,0,2,v7,P06,opening,4,3.994,f1c4,80,24,4
1,0,2,v7,P06,opening,5,7.441,f1c4,63,24,5
1,0,2,v7,P06,opening,6,21.644,f1c4,49,24,6
1,0,2,v7,P07,opening,4,2.599,d6b6,73,17,4
1,0,2,v7,P07,opening,5,9.975,g8f6,44,17,5
1,0,2,v7,P07,opening,6,22.116,d6b6,23,17,6
1,0,2,v7,P08,opening,4,3.926,b8c6,-1,28,4
1,0,2,v7,P08,opening,5,7.204,b8c6,49,28,5
1,0,2,v7,P08,opening,6,29.248,b8c6,-20,28,6
1,0,2,v7,P09,opening,4,4.329,c3b5,98,160,4
1,0,2,v7,P09,opening,5,8.525,a2a4,100,160,5
1,0,2,v7,P09,opening,6,26.372,a2a4,71,160,6
1,0,2,v7,P10,opening,4,3.084,g8f6,39,28,4
1,0,2,v7,P10,opening,5,6.549,e7e5,45,28,5
1,0,2,v7,P10,opening,6,15.606,e7e5,34,28,6
1,0,2,v7,P11,opening,4,3.099,e4d5,-43,-56,4
1,0,2,v7,P11,opening,5,4.920,e4d5,29,-56,5
1,0,2,v7,P11,opening,6,15.167,e4e5,-25,-56,6
1,0,2,v7,P12,opening,4,6.326,d8b6,-95,-45,4
1,0,2,v7,P12,opening,5,11.704,c8d7,-39,-45,5
1,0,2,v7,P12,opening,6,23.595,d8b6,-62,-45,6
1,0,2,v7,P13,opening,4,2.140,b8c6,-31,26,4
1,0,2,v7,P13,opening,5,3.419,e7e6,21,26,5
1,0,2,v7,P13,opening,6,9.835,e7e5,-1,26,6
1,0,2,v7,P14,opening,4,4.043,c6d4,40,-78,4
1,0,2,v7,P14,opening,5,10.561,c6d4,57,-78,5
1,0,2,v7,P14,opening,6,21.925,c6d4,57,-78,6
1,0,2,v7,P15,middlegame,4,6.031,h4g3,-9,67,4
1,0,2,v7,P15,middlegame,5,8.266,h4g3,-6,67,5
1,0,2,v7,P15,middlegame,6,40.434,h4g3,30,67,6
1,0,2,v7,P16,middlegame,4,4.047,a6a5,-102,-83,4
1,0,2,v7,P16,middlegame,5,7.480,a6a5,-72,-83,5
1,0,2,v7,P16,middlegame,6,24.658,c8b7,-118,-83,6
1,0,2,v7,P17,middlegame,4,5.475,a7a6,-102,-92,4
1,0,2,v7,P17,middlegame,5,15.981,c6b4,-71,-92,5
1,0,2,v7,P17,middlegame,6,37.902,e7f5,-58,-92,6
1,0,2,v7,P18,middlegame,4,4.424,c1a3,199,140,4
1,0,2,v7,P18,middlegame,5,12.659,g4d7,187,140,5
1,0,2,v7,P18,middlegame,6,22.953,c1a3,180,140,6
1,0,2,v7,P19,middlegame,4,1.660,c4d5,145,-176,4
1,0,2,v7,P19,middlegame,5,2.246,c4d5,128,-176,5
1,0,2,v7,P19,middlegame,6,4.026,c4d5,122,-176,6
1,0,2,v7,P20,middlegame,4,4.097,h7h6,45,2,4
1,0,2,v7,P20,middlegame,5,10.284,h7h6,50,2,5
1,0,2,v7,P20,middlegame,6,28.841,f8e8,43,2,6
1,0,2,v7,P21,middlegame,4,5.604,e8g8,-28,-83,4
1,0,2,v7,P21,middlegame,5,8.312,e8g8,12,-83,5
1,0,2,v7,P21,middlegame,6,28.332,e8g8,-20,-83,6
1,0,2,v7,P22,middlegame,4,6.302,e4f5,-14,54,4
1,0,2,v7,P22,middlegame,5,16.585,e2e3,-25,54,5
1,0,2,v7,P22,middlegame,6,38.583,e2e3,-19,54,6
1,0,2,v7,P23,middlegame,4,3.749,e7d6,41,20,4
1,0,2,v7,P23,middlegame,5,7.333,e7d6,99,20,5
1,0,2,v7,P23,middlegame,6,11.887,e7d6,76,20,6
1,0,2,v7,P24,middlegame,4,7.554,f4e3,72,90,4
1,0,2,v7,P24,middlegame,5,16.207,d3e5,68,90,5
1,0,2,v7,P24,middlegame,6,45.858,d3e5,64,90,6
1,0,2,v7,P25,middlegame,4,3.535,d7f6,-101,-94,4
1,0,2,v7,P25,middlegame,5,8.347,d7f6,-72,-94,5
1,0,2,v7,P25,middlegame,6,13.306,d7f6,-72,-94,6
1,0,2,v7,P26,middlegame,4,3.678,g8g7,-99,-202,4
1,0,2,v7,P26,middlegame,5,5.444,g8g7,-119,-202,5
1,0,2,v7,P26,middlegame,6,13.709,g8g7,-129,-202,6
1,0,2,v7,P27,middlegame,4,3.402,b4d3,-90,-187,4
1,0,2,v7,P27,middlegame,5,6.851,b4d3,-75,-187,5
1,0,2,v7,P27,middlegame,6,14.956,g5f3,-27,-187,6
1,0,2,v7,P28,middlegame,4,6.195,e2e4,-91,-116,4
1,0,2,v7,P28,middlegame,5,12.293,c3c1,-113,-116,5
1,0,2,v7,P28,middlegame,6,23.185,c3c1,-113,-116,6
1,0,2,v7,P29,middlegame,4,3.429,f8e7,-76,-75,4
1,0,2,v7,P29,middlegame,5,5.474,f8e7,-76,-75,5
1,0,2,v7,P29,middlegame,6,18.885,a7a6,-45,-75,6
1,0,2,v7,P30,middlegame,4,4.238,d8h4,-113,-137,4
1,0,2,v7,P30,middlegame,5,8.794,d8h4,-105,-137,5
1,0,2,v7,P30,middlegame,6,27.035,d8h4,-118,-137,6
1,0,2,v7,P31,endgame,4,2.071,c5g1,-134,-426,4
1,0,2,v7,P31,endgame,5,2.487,c5g1,-134,-426,5
1,0,2,v7,P31,endgame,6,4.915,c5g1,-134,-426,6
1,0,2,v7,P32,endgame,4,3.351,f2f3,258,245,4
1,0,2,v7,P32,endgame,5,7.390,a1a6,266,245,5
1,0,2,v7,P32,endgame,6,18.994,f2e3,248,245,6
1,0,2,v7,P33,endgame,4,2.820,e1c1,-91,-91,4
1,0,2,v7,P33,endgame,5,5.751,b4a4,-73,-91,5
1,0,2,v7,P33,endgame,6,10.864,b4a4,-93,-91,6
1,0,2,v7,P34,endgame,4,1.672,a5a6,95,105,4
1,0,2,v7,P34,endgame,5,2.373,a5a6,137,105,5
1,0,2,v7,P34,endgame,6,3.606,a5a6,95,105,6
1,0,2,v7,P35,endgame,4,2.783,f2g1,-16,32,4
1,0,2,v7,P35,endgame,5,5.119,f2g1,-16,32,5
1,0,2,v7,P35,endgame,6,10.279,f2g1,-16,32,6
1,0,2,v7,P36,endgame,4,3.249,g1h1,25,25,4
1,0,2,v7,P36,endgame,5,4.751,e7d8,40,25,5
1,0,2,v7,P36,endgame,6,10.725,e7d8,40,25,6
1,0,2,v7,P37,endgame,4,2.136,g3g7,216,-35,4
1,0,2,v7,P37,endgame,5,2.786,g3g7,216,-35,5
1,0,2,v7,P37,endgame,6,4.398,g3g7,216,-35,6
1,0,2,v7,P38,endgame,4,2.374,a4b5,-67,-116,4
1,0,2,v7,P38,endgame,5,2.772,a4b5,-19,-116,5
1,0,2,v7,P38,endgame,6,4.985,a4b5,-16,-116,6
1,0,2,v7,P39,endgame,4,2.613,d2g2,26,-20,4
1,0,2,v7,P39,endgame,5,4.353,d2g2,26,-20,5
1,0,2,v7,P39,endgame,6,14.210,d2a2,-2,-20,6
1,0,2,v7,P40,endgame,4,4.955,e3d3,131,12,4
1,0,2,v7,P40,endgame,5,16.059,e3e8,147,12,5
1,0,2,v7,P40,endgame,6,31.349,e3d4,168,12,6
1,0,3,v6.1-stack,P01,opening,4,7.576,g8f6,,-53,4
1,0,3,v6.1-stack,P01,opening,5,9.750,g8f6,,-53,5
1,0,3,v6.1-stack,P01,opening,6,24.004,b8c6,,-53,6
1,0,3,v6.1-stack,P02,opening,4,4.496,b8c6,,20,4
1,0,3,v6.1-stack,P02,opening,5,17.070,e8g8,,20,5
1,0,3,v6.1-stack,P02,opening,6,48.719,d8a5,,20,6
1,0,3,v6.1-stack,P03,opening,4,6.809,a7a5,,27,4
1,0,3,v6.1-stack,P03,opening,5,16.920,c8e6,,27,5
1,0,3,v6.1-stack,P03,opening,6,39.976,a7a5,,27,6
1,0,3,v6.1-stack,P04,opening,4,5.146,e1g1,,18,4
1,0,3,v6.1-stack,P04,opening,5,16.552,d4e5,,18,5
1,0,3,v6.1-stack,P04,opening,6,26.667,d4e5,,18,6
1,0,3,v6.1-stack,P05,opening,4,4.363,e1g1,,-11,4
1,0,3,v6.1-stack,P05,opening,5,10.123,e1g1,,-11,5
1,0,3,v6.1-stack,P05,opening,6,36.501,e1g1,,-11,6
1,0,3,v6.1-stack,P06,opening,4,5.857,f1c4,,-19,4
1,0,3,v6.1-stack,P06,opening,5,9.229,f1c4,,-19,5
1,0,3,v6.1-stack,P06,opening,6,30.796,f1c4,,-19,6
1,0,3,v6.1-stack,P07,opening,4,4.193,d6b6,,-26,4
1,0,3,v6.1-stack,P07,opening,5,19.512,g8f6,,-26,5
1,0,3,v6.1-stack,P07,opening,6,24.431,g8f6,,-26,6
1,0,3,v6.1-stack,P08,opening,4,3.612,g8f6,,19,4
1,0,3,v6.1-stack,P08,opening,5,8.513,g8f6,,19,5
1,0,3,v6.1-stack,P08,opening,6,31.052,b8c6,,19,6
1,0,3,v6.1-stack,P09,opening,4,6.577,e3e4,,158,4
1,0,3,v6.1-stack,P09,opening,5,10.576,d3c2,,158,5
1,0,3,v6.1-stack,P09,opening,6,40.710,d3c2,,158,6
1,0,3,v6.1-stack,P10,opening,4,4.753,e7e5,,13,4
1,0,3,v6.1-stack,P10,opening,5,12.754,e7e5,,13,5
1,0,3,v6.1-stack,P10,opening,6,22.773,e7e5,,13,6
1,0,3,v6.1-stack,P11,opening,4,5.545,f1d3,,-55,4
1,0,3,v6.1-stack,P11,opening,5,8.576,e4d5,,-55,5
1,0,3,v6.1-stack,P11,opening,6,28.328,e4e5,,-55,6
1,0,3,v6.1-stack,P12,opening,4,6.184,c8d7,,-14,4
1,0,3,v6.1-stack,P12,opening,5,9.507,c8d7,,-14,5
1,0,3,v6.1-stack,P12,opening,6,19.218,c8d7,,-14,6
1,0,3,v6.1-stack,P13,opening,4,2.752,b8c6,,-1,4
1,0,3,v6.1-stack,P13,opening,5,3.748,b8c6,,-1,5
1,0,3,v6.1-stack,P13,opening,6,17.204,e7e6,,-1,6
1,0,3,v6.1-stack,P14,opening,4,3.482,c6d4,,-37,4
1,0,3,v6.1-stack,P14,opening,5,9.101,c6d4,,-37,5
1,0,3,v6.1-stack,P14,opening,6,26.110,c6d4,,-37,6
1,0,3,v6.1-stack,P15,middlegame,4,6.386,h4g3,,76,4
1,0,3,v6.1-stack,P15,middlegame,5,12.641,h4g3,,76,5
1,0,3,v6.1-stack,P15,middlegame,6,33.136,h4g3,,76,6
1,0,3,v6.1-stack,P16,middlegame,4,3.353,a6a5,,-97,4
1,0,3,v6.1-stack,P16,middlegame,5,8.702,a6a5,,-97,5
1,0,3,v6.1-stack,P16,middlegame,6,28.326,c8b7,,-97,6
1,0,3,v6.1-stack,P17,middlegame,4,5.469,c6b4,,-124,4
1,0,3,v6.1-stack,P17,middlegame,5,11.239,c6b4,,-124,5
1,0,3,v6.1-stack,P17,middlegame,6,39.827,e7f5,,-124,6
1,0,3,v6.1-stack,P18,middlegame,4,7.076,c1a3,,117,4
1,0,3,v6.1-stack,P18,middlegame,5,14.894,c1e3,,117,5
1,0,3,v6.1-stack,P18,middlegame,6,32.564,c1e3,,117,6
1,0,3,v6.1-stack,P19,middlegame,4,2.025,c4d5,,-197,4
1,0,3,v6.1-stack,P19,middlegame,5,2.836,c4d5,,-197,5
1,0,3,v6.1-stack,P19,middlegame,6,3.993,c4d5,,-197,6
1,0,3,v6.1-stack,P20,middlegame,4,4.254,h7h6,,40,4
1,0,3,v6.1-stack,P20,middlegame,5,13.555,h7h6,,40,5
1,0,3,v6.1-stack,P20,middlegame,6,50.060,d8d7,,40,6
1,0,3,v6.1-stack,P21,middlegame,4,6.263,e7d5,,-46,4
1,0,3,v6.1-stack,P21,middlegame,5,10.673,e7d5,,-46,5
1,0,3,v6.1-stack,P21,middlegame,6,35.784,e7d5,,-46,6
1,0,3,v6.1-stack,P22,middlegame,4,8.113,g1h1,,69,4
1,0,3,v6.1-stack,P22,middlegame,5,15.076,g1h1,,69,5
1,0,3,v6.1-stack,P22,middlegame,6,32.713,g1h1,,69,6
1,0,3,v6.1-stack,P23,middlegame,4,4.651,e7f6,,33,4
1,0,3,v6.1-stack,P23,middlegame,5,8.331,f8e8,,33,5
1,0,3,v6.1-stack,P23,middlegame,6,29.517,e7d6,,33,6
1,0,3,v6.1-stack,P24,middlegame,4,8.446,b5c6,,156,4
1,0,3,v6.1-stack,P24,middlegame,5,13.849,b5c6,,156,5
1,0,3,v6.1-stack,P24,middlegame,6,37.814,b5c6,,156,6
1,0,3,v6.1-stack,P25,middlegame,4,4.386,d7f6,,-100,4
1,0,3,v6.1-stack,P25,middlegame,5,12.602,d7b6,,-100,5
1,0,3,v6.1-stack,P25,middlegame,6,19.594,d7b6,,-100,6
1,0,3,v6.1-stack,P26,middlegame,4,3.752,g8g7,,-298,4
1,0,3,v6.1-stack,P26,middlegame,5,7.013,g8g7,,-298,5
1,0,3,v6.1-stack,P26,middlegame,6,17.370,g8g7,,-298,6
1,0,3,v6.1-stack,P27,middlegame,4,3.832,b4c6,,-98,4
1,0,3,v6.1-stack,P27,middlegame,5,5.958,b4c6,,-98,5
1,0,3,v6.1-stack,P27,middlegame,6,18.618,b4c6,,-98,6
1,0,3,v6.1-stack,P28,middlegame,4,4.435,c3d3,,-86,4
1,0,3,v6.1-stack,P28,middlegame,5,6.918,c3d3,,-86,5
1,0,3,v6.1-stack,P28,middlegame,6,14.984,c3d3,,-86,6
1,0,3,v6.1-stack,P29,middlegame,4,5.449,d8e8,,-52,4
1,0,3,v6.1-stack,P29,middlegame,5,12.277,c8b8,,-52,5
1,0,3,v6.1-stack,P29,middlegame,6,23.453,d8e8,,-52,6
1,0,3,v6.1-stack,P30,middlegame,4,4.848,a6b4,,-100,4
1,0,3,v6.1-stack,P30,middlegame,5,16.866,f5f4,,-100,5
1,0,3,v6.1-stack,P30,middlegame,6,31.443,f5f4,,-100,6
1,0,3,v6.1-stack,P31,endgame,4,2.289,c5g1,,-280,4
1,0,3,v6.1-stack,P31,endgame,5,2.264,c5g1,,-280,5
1,0,3,v6.1-stack,P31,endgame,6,3.667,c5g1,,-280,6
1,0,3,v6.1-stack,P32,endgame,4,2.128,f2e3,,156,4
1,0,3,v6.1-stack,P32,endgame,5,3.503,f2e3,,156,5
1,0,3,v6.1-stack,P32,endgame,6,6.774,f2e3,,156,6
1,0,3,v6.1-stack,P33,endgame,4,2.842,b4a4,,-113,4
1,0,3,v6.1-stack,P33,endgame,5,3.731,b4a4,,-113,5
1,0,3,v6.1-stack,P33,endgame,6,7.392,b4a4,,-113,6
1,0,3,v6.1-stack,P34,endgame,4,1.591,a5a8,,341,4
1,0,3,v6.1-stack,P34,endgame,5,1.922,a5a8,,341,5
1,0,3,v6.1-stack,P34,endgame,6,2.222,a5a8,,341,6
1,0,3,v6.1-stack,P35,endgame,4,3.278,f2g1,,36,4
1,0,3,v6.1-stack,P35,endgame,5,6.672,f2g1,,36,5
1,0,3,v6.1-stack,P35,endgame,6,11.634,f2g1,,36,6
1,0,3,v6.1-stack,P36,endgame,4,2.413,g1f2,,-23,4
1,0,3,v6.1-stack,P36,endgame,5,3.066,g1f2,,-23,5
1,0,3,v6.1-stack,P36,endgame,6,6.297,g1f2,,-23,6
1,0,3,v6.1-stack,P37,endgame,4,2.101,g3g7,,23,4
1,0,3,v6.1-stack,P37,endgame,5,2.883,g3g7,,23,5
1,0,3,v6.1-stack,P37,endgame,6,5.469,g3g7,,23,6
1,0,3,v6.1-stack,P38,endgame,4,1.993,a4b5,,-15,4
1,0,3,v6.1-stack,P38,endgame,5,2.490,a4b5,,-15,5
1,0,3,v6.1-stack,P38,endgame,6,3.939,a4b5,,-15,6
1,0,3,v6.1-stack,P39,endgame,4,2.326,d2g2,,-37,4
1,0,3,v6.1-stack,P39,endgame,5,2.964,d2g2,,-37,5
1,0,3,v6.1-stack,P39,endgame,6,9.576,d2a2,,-37,6
1,0,3,v6.1-stack,P40,endgame,4,4.636,e3e8,,99,4
1,0,3,v6.1-stack,P40,endgame,5,6.038,e3e8,,99,5
1,0,3,v6.1-stack,P40,endgame,6,16.944,a4a5,,99,6
1,0,4,v6-ordering,P01,opening,4,8.062,g8f6,,-53,4
1,0,4,v6-ordering,P01,opening,5,11.435,g8f6,,-53,5
1,0,4,v6-ordering,P01,opening,6,28.357,b8c6,,-53,6
1,0,4,v6-ordering,P02,opening,4,5.334,b8c6,,20,4
1,0,4,v6-ordering,P02,opening,5,20.202,e8g8,,20,5
1,0,4,v6-ordering,P02,opening,6,58.507,d8a5,,20,6
1,0,4,v6-ordering,P03,opening,4,7.740,a7a5,,27,4
1,0,4,v6-ordering,P03,opening,5,20.179,c8e6,,27,5
1,0,4,v6-ordering,P03,opening,6,47.393,a7a5,,27,6
1,0,4,v6-ordering,P04,opening,4,5.907,e1g1,,18,4
1,0,4,v6-ordering,P04,opening,5,19.932,d4e5,,18,5
1,0,4,v6-ordering,P04,opening,6,32.012,d4e5,,18,6
1,0,4,v6-ordering,P05,opening,4,4.860,e1g1,,-11,4
1,0,4,v6-ordering,P05,opening,5,12.159,e1g1,,-11,5
1,0,4,v6-ordering,P05,opening,6,43.858,e1g1,,-11,6
1,0,4,v6-ordering,P06,opening,4,6.933,f1c4,,-19,4
1,0,4,v6-ordering,P06,opening,5,10.824,f1c4,,-19,5
1,0,4,v6-ordering,P06,opening,6,36.755,f1c4,,-19,6
1,0,4,v6-ordering,P07,opening,4,4.747,d6b6,,-26,4
1,0,4,v6-ordering,P07,opening,5,23.281,g8f6,,-26,5
1,0,4,v6-ordering,P07,opening,6,29.647,g8f6,,-26,6
1,0,4,v6-ordering,P08,opening,4,4.156,g8f6,,19,4
1,0,4,v6-ordering,P08,opening,5,10.240,g8f6,,19,5
1,0,4,v6-ordering,P08,opening,6,38.370,b8c6,,19,6
1,0,4,v6-ordering,P09,opening,4,7.640,e3e4,,158,4
1,0,4,v6-ordering,P09,opening,5,12.671,d3c2,,158,5
1,0,4,v6-ordering,P09,opening,6,47.640,d3c2,,158,6
1,0,4,v6-ordering,P10,opening,4,5.500,e7e5,,13,4
1,0,4,v6-ordering,P10,opening,5,15.940,e7e5,,13,5
1,0,4,v6-ordering,P10,opening,6,27.950,e7e5,,13,6
1,0,4,v6-ordering,P11,opening,4,4.698,f1d3,,-55,4
1,0,4,v6-ordering,P11,opening,5,9.987,e4d5,,-55,5
1,0,4,v6-ordering,P11,opening,6,32.939,e4e5,,-55,6
1,0,4,v6-ordering,P12,opening,4,7.298,c8d7,,-14,4
1,0,4,v6-ordering,P12,opening,5,11.408,c8d7,,-14,5
1,0,4,v6-ordering,P12,opening,6,23.223,c8d7,,-14,6
1,0,4,v6-ordering,P13,opening,4,3.019,b8c6,,-1,4
1,0,4,v6-ordering,P13,opening,5,4.104,b8c6,,-1,5
1,0,4,v6-ordering,P13,opening,6,20.435,e7e6,,-1,6
1,0,4,v6-ordering,P14,opening,4,4.020,c6d4,,-37,4
1,0,4,v6-ordering,P14,opening,5,11.639,c6d4,,-37,5
1,0,4,v6-ordering,P14,opening,6,32.578,c6d4,,-37,6
1,0,4,v6-ordering,P15,middlegame,4,7.556,h4g3,,76,4
1,0,4,v6-ordering,P15,middlegame,5,15.205,h4g3,,76,5
1,0,4,v6-ordering,P15,middlegame,6,39.761,h4g3,,76,6
1,0,4,v6-ordering,P16,middlegame,4,3.819,a6a5,,-97,4
1,0,4,v6-ordering,P16,middlegame,5,10.751,a6a5,,-97,5
1,0,4,v6-ordering,P16,middlegame,6,34.837,c8b7,,-97,6
1,0,4,v6-ordering,P17,middlegame,4,6.272,c6b4,,-124,4
1,0,4,v6-ordering,P17,middlegame,5,13.089,c6b4,,-124,5
1,0,4,v6-ordering,P17,middlegame,6,47.536,e7f5,,-124,6
1,0,4,v6-ordering,P18,middlegame,4,5.861,c1a3,,117,4
1,0,4,v6-ordering,P18,middlegame,5,18.618,c1e3,,117,5
1,0,4,v6-ordering,P18,middlegame,6,41.493,c1e3,,117,6
1,0,4,v6-ordering,P19,middlegame,4,2.145,c4d5,,-197,4
1,0,4,v6-ordering,P19,middlegame,5,3.252,c4d5,,-197,5
1,0,4,v6-ordering,P19,middlegame,6,4.781,c4d5,,-197,6
1,0,4,v6-ordering,P20,middlegame,4,5.056,h7h6,,40,4
1,0,4,v6-ordering,P20,middlegame,5,16.101,h7h6,,40,5
1,0,4,v6-ordering,P20,middlegame,6,58.975,d8d7,,40,6
1,0,4,v6-ordering,P21,middlegame,4,7.484,e7d5,,-46,4
1,0,4,v6-ordering,P21,middlegame,5,13.324,e7d5,,-46,5
1,0,4,v6-ordering,P21,middlegame,6,43.846,e7d5,,-46,6
1,0,4,v6-ordering,P22,middlegame,4,9.746,g1h1,,69,4
1,0,4,v6-ordering,P22,middlegame,5,18.328,g1h1,,69,5
1,0,4,v6-ordering,P22,middlegame,6,40.171,g1h1,,69,6
1,0,4,v6-ordering,P23,middlegame,4,5.231,e7f6,,33,4
1,0,4,v6-ordering,P23,middlegame,5,10.100,f8e8,,33,5
1,0,4,v6-ordering,P23,middlegame,6,35.379,e7d6,,33,6
1,0,4,v6-ordering,P24,middlegame,4,9.784,b5c6,,156,4
1,0,4,v6-ordering,P24,middlegame,5,16.307,b5c6,,156,5
1,0,4,v6-ordering,P24,middlegame,6,44.612,b5c6,,156,6
1,0,4,v6-ordering,P25,middlegame,4,4.912,d7f6,,-100,4
1,0,4,v6-ordering,P25,middlegame,5,15.012,d7b6,,-100,5
1,0,4,v6-ordering,P25,middlegame,6,23.876,d7b6,,-100,6
1,0,4,v6-ordering,P26,middlegame,4,4.214,g8g7,,-298,4
1,0,4,v6-ordering,P26,middlegame,5,8.011,g8g7,,-298,5
1,0,4,v6-ordering,P26,middlegame,6,20.470,g8g7,,-298,6
1,0,4,v6-ordering,P27,middlegame,4,4.355,b4c6,,-98,4
1,0,4,v6-ordering,P27,middlegame,5,7.349,b4c6,,-98,5
1,0,4,v6-ordering,P27,middlegame,6,23.290,b4c6,,-98,6
1,0,4,v6-ordering,P28,middlegame,4,5.439,c3d3,,-86,4
1,0,4,v6-ordering,P28,middlegame,5,8.890,c3d3,,-86,5
1,0,4,v6-ordering,P28,middlegame,6,19.554,c3d3,,-86,6
1,0,4,v6-ordering,P29,middlegame,4,6.350,d8e8,,-52,4
1,0,4,v6-ordering,P29,middlegame,5,14.550,c8b8,,-52,5
1,0,4,v6-ordering,P29,middlegame,6,28.552,d8e8,,-52,6
1,0,4,v6-ordering,P30,middlegame,4,5.805,a6b4,,-100,4
1,0,4,v6-ordering,P30,middlegame,5,20.445,f5f4,,-100,5
1,0,4,v6-ordering,P30,middlegame,6,38.736,f5f4,,-100,6
1,0,4,v6-ordering,P31,endgame,4,2.620,c5g1,,-280,4
1,0,4,v6-ordering,P31,endgame,5,2.652,c5g1,,-280,5
1,0,4,v6-ordering,P31,endgame,6,4.551,c5g1,,-280,6
1,0,4,v6-ordering,P32,endgame,4,2.554,f2e3,,156,4
1,0,4,v6-ordering,P32,endgame,5,4.232,f2e3,,156,5
1,0,4,v6-ordering,P32,endgame,6,8.696,f2e3,,156,6
1,0,4,v6-ordering,P33,endgame,4,3.383,b4a4,,-113,4
1,0,4,v6-ordering,P33,endgame,5,4.640,b4a4,,-113,5
1,0,4,v6-ordering,P33,endgame,6,9.552,b4a4,,-113,6
1,0,4,v6-ordering,P34,endgame,4,1.653,a5a8,,341,4
1,0,4,v6-ordering,P34,endgame,5,1.973,a5a8,,341,5
1,0,4,v6-ordering,P34,endgame,6,2.562,a5a8,,341,6
1,0,4,v6-ordering,P35,endgame,4,4.026,f2g1,,36,4
1,0,4,v6-ordering,P35,endgame,5,9.516,f2g1,,36,5
1,0,4,v6-ordering,P35,endgame,6,16.593,f2g1,,36,6
1,0,4,v6-ordering,P36,endgame,4,2.821,g1f2,,-23,4
1,0,4,v6-ordering,P36,endgame,5,3.805,g1f2,,-23,5
1,0,4,v6-ordering,P36,endgame,6,8.000,g1f2,,-23,6
1,0,4,v6-ordering,P37,endgame,4,2.439,g3g7,,23,4
1,0,4,v6-ordering,P37,endgame,5,3.592,g3g7,,23,5
1,0,4,v6-ordering,P37,endgame,6,7.063,g3g7,,23,6
1,0,4,v6-ordering,P38,endgame,4,2.243,a4b5,,-15,4
1,0,4,v6-ordering,P38,endgame,5,2.792,a4b5,,-15,5
1,0,4,v6-ordering,P38,endgame,6,4.866,a4b5,,-15,6
1,0,4,v6-ordering,P39,endgame,4,2.418,d2g2,,-37,4
1,0,4,v6-ordering,P39,endgame,5,3.521,d2g2,,-37,5
1,0,4,v6-ordering,P39,endgame,6,12.515,d2a2,,-37,6
1,0,4,v6-ordering,P40,endgame,4,5.873,e3e8,,99,4
1,0,4,v6-ordering,P40,endgame,5,8.058,e3e8,,99,5
1,0,4,v6-ordering,P40,endgame,6,23.986,a4a5,,99,6
1,0,5,v5-engine,P01,opening,4,9.528,a7a6,,-53,4
1,0,5,v5-engine,P01,opening,5,19.565,g8f6,,-53,5
1,0,5,v5-engine,P01,opening,6,41.086,b8c6,,-53,6
1,0,5,v5-engine,P02,opening,4,6.036,b8c6,,20,4
1,0,5,v5-engine,P02,opening,5,23.081,e8g8,,20,5
1,0,5,v5-engine,P02,opening,6,80.756,d8a5,,20,6
1,0,5,v5-engine,P03,opening,4,11.035,a7a5,,27,4
1,0,5,v5-engine,P03,opening,5,21.863,c8e6,,27,5
1,0,5,v5-engine,P03,opening,6,66.125,e7e6,,27,6
1,0,5,v5-engine,P04,opening,4,6.090,e1g1,,18,4
1,0,5,v5-engine,P04,opening,5,21.439,d4e5,,18,5
1,0,5,v5-engine,P04,opening,6,39.483,d4e5,,18,6
1,0,5,v5-engine,P05,opening,4,5.290,e1g1,,-11,4
1,0,5,v5-engine,P05,opening,5,14.150,e1g1,,-11,5
1,0,5,v5-engine,P05,opening,6,41.127,e1g1,,-11,6
1,0,5,v5-engine,P06,opening,4,6.751,f1c4,,-19,4
1,0,5,v5-engine,P06,opening,5,11.584,f1c4,,-19,5
1,0,5,v5-engine,P06,opening,6,39.632,f1c4,,-19,6
1,0,5,v5-engine,P07,opening,4,5.840,d6b6,,-26,4
1,0,5,v5-engine,P07,opening,5,16.626,g8f6,,-26,5
1,0,5,v5-engine,P07,opening,6,25.134,g8f6,,-26,6
1,0,5,v5-engine,P08,opening,4,4.740,g8f6,,19,4
1,0,5,v5-engine,P08,opening,5,11.770,g8f6,,19,5
1,0,5,v5-engine,P08,opening,6,36.710,g8f6,,19,6
1,0,5,v5-engine,P09,opening,4,10.052,e3e4,,158,4
1,0,5,v5-engine,P09,opening,5,16.853,d3c2,,158,5
1,0,5,v5-engine,P09,opening,6,61.297,a2a3,,158,6
1,0,5,v5-engine,P10,opening,4,6.474,e7e5,,13,4
1,0,5,v5-engine,P10,opening,5,13.862,e7e5,,13,5
1,0,5,v5-engine,P10,opening,6,25.038,e7e5,,13,6
1,0,5,v5-engine,P11,opening,4,5.421,f1d3,,-55,4
1,0,5,v5-engine,P11,opening,5,11.623,e4d5,,-55,5
1,0,5,v5-engine,P11,opening,6,40.192,e4e5,,-55,6
1,0,5,v5-engine,P12,opening,4,7.396,c8d7,,-14,4
1,0,5,v5-engine,P12,opening,5,13.479,c8d7,,-14,5
1,0,5,v5-engine,P12,opening,6,28.062,c8d7,,-14,6
1,0,5,v5-engine,P13,opening,4,3.327,b8c6,,-1,4
1,0,5,v5-engine,P13,opening,5,4.718,b8c6,,-1,5
1,0,5,v5-engine,P13,opening,6,22.617,e7e6,,-1,6
1,0,5,v5-engine,P14,opening,4,4.212,c6d4,,-37,4
1,0,5,v5-engine,P14,opening,5,9.733,c6d4,,-37,5
1,0,5,v5-engine,P14,opening,6,30.489,c6d4,,-37,6
1,0,5,v5-engine,P15,middlegame,4,8.482,h4g3,,76,4
1,0,5,v5-engine,P15,middlegame,5,17.481,h4g3,,76,5
1,0,5,v5-engine,P15,middlegame,6,36.292,h4g3,,76,6
1,0,5,v5-engine,P16,middlegame,4,4.151,a6a5,,-97,4
1,0,5,v5-engine,P16,middlegame,5,14.251,a6a5,,-97,5
1,0,5,v5-engine,P16,middlegame,6,62.166,c8b7,,-97,6
1,0,5,v5-engine,P17,middlegame,4,6.566,c6b4,,-124,4
1,0,5,v5-engine,P17,middlegame,5,13.942,c6b4,,-124,5
1,0,5,v5-engine,P17,middlegame,6,28.460,c6b4,,-124,6
1,0,5,v5-engine,P18,middlegame,4,6.807,c1a3,,117,4
1,0,5,v5-engine,P18,middlegame,5,24.704,c1e3,,117,5
1,0,5,v5-engine,P18,middlegame,6,52.283,c1e3,,117,6
1,0,5,v5-engine,P19,middlegame,4,2.434,c4d5,,-197,4
1,0,5,v5-engine,P19,middlegame,5,3.064,c4d5,,-197,5
1,0,5,v5-engine,P19,middlegame,6,4.846,c4d5,,-197,6
1,0,5,v5-engine,P20,middlegame,4,4.779,h7h6,,40,4
1,0,5,v5-engine,P20,middlegame,5,17.883,h7h6,,40,5
1,0,5,v5-engine,P20,middlegame,6,61.414,d8d7,,40,6
1,0,5,v5-engine,P21,middlegame,4,6.609,e7d5,,-46,4
1,0,5,v5-engine,P21,middlegame,5,11.799,e7d5,,-46,5
1,0,5,v5-engine,P21,middlegame,6,42.971,e7d5,,-46,6
1,0,5,v5-engine,P22,middlegame,4,11.239,e2e3,,69,4
1,0,5,v5-engine,P22,middlegame,5,25.595,g1h1,,69,5
1,0,5,v5-engine,P22,middlegame,6,46.910,g1h1,,69,6
1,0,5,v5-engine,P23,middlegame,4,6.234,e7d6,,33,4
1,0,5,v5-engine,P23,middlegame,5,16.982,f8e8,,33,5
1,0,5,v5-engine,P23,middlegame,6,43.255,f8e8,,33,6
1,0,5,v5-engine,P24,middlegame,4,11.286,b5c6,,156,4
1,0,5,v5-engine,P24,middlegame,5,19.890,b5c6,,156,5
1,0,5,v5-engine,P24,middlegame,6,47.828,b5c6,,156,6
1,0,5,v5-engine,P25,middlegame,4,6.457,d7f6,,-100,4
1,0,5,v5-engine,P25,middlegame,5,17.605,d7f6,,-100,5
1,0,5,v5-engine,P25,middlegame,6,38.927,d7f6,,-100,6
1,0,5,v5-engine,P26,middlegame,4,5.215,g8g7,,-298,4
1,0,5,v5-engine,P26,middlegame,5,11.149,g8g7,,-298,5
1,0,5,v5-engine,P26,middlegame,6,22.236,g8g7,,-298,6
1,0,5,v5-engine,P27,middlegame,4,5.120,b4c6,,-98,4
1,0,5,v5-engine,P27,middlegame,5,8.488,b4c6,,-98,5
1,0,5,v5-engine,P27,middlegame,6,30.267,g5e6,,-98,6
1,0,5,v5-engine,P28,middlegame,4,7.883,c3d3,,-86,4
1,0,5,v5-engine,P28,middlegame,5,13.467,c3d3,,-86,5
1,0,5,v5-engine,P28,middlegame,6,37.606,c3d3,,-86,6
1,0,5,v5-engine,P29,middlegame,4,7.878,d8e8,,-52,4
1,0,5,v5-engine,P29,middlegame,5,24.257,c8b8,,-52,5
1,0,5,v5-engine,P29,middlegame,6,44.853,d8e8,,-52,6
1,0,5,v5-engine,P30,middlegame,4,10.059,f5f4,,-100,4
1,0,5,v5-engine,P30,middlegame,5,17.680,f5f4,,-100,5
1,0,5,v5-engine,P30,middlegame,6,36.269,f5f4,,-100,6
1,0,5,v5-engine,P31,endgame,4,2.672,c5g1,,-280,4
1,0,5,v5-engine,P31,endgame,5,2.672,c5g1,,-280,5
1,0,5,v5-engine,P31,endgame,6,5.371,c5g1,,-280,6
1,0,5,v5-engine,P32,endgame,4,2.710,f2e3,,156,4
1,0,5,v5-engine,P32,endgame,5,5.512,f2e3,,156,5
1,0,5,v5-engine,P32,endgame,6,10.065,f2e3,,156,6
1,0,5,v5-engine,P33,endgame,4,4.246,b4a4,,-113,4
1,0,5,v5-engine,P33,endgame,5,6.247,b4a4,,-113,5
1,0,5,v5-engine,P33,endgame,6,14.690,b4a4,,-113,6
1,0,5,v5-engine,P34,endgame,4,1.717,a5a8,,341,4
1,0,5,v5-engine,P34,endgame,5,2.025,a5a8,,341,5
1,0,5,v5-engine,P34,endgame,6,2.565,a5a8,,341,6
1,0,5,v5-engine,P35,endgame,4,3.988,f2g1,,36,4
1,0,5,v5-engine,P35,endgame,5,10.579,f2g1,,36,5
1,0,5,v5-engine,P35,endgame,6,20.418,f2g1,,36,6
1,0,5,v5-engine,P36,endgame,4,2.863,g1f2,,-23,4
1,0,5,v5-engine,P36,endgame,5,3.971,g1f2,,-23,5
1,0,5,v5-engine,P36,endgame,6,8.689,g1f2,,-23,6
1,0,5,v5-engine,P37,endgame,4,3.076,g3g7,,23,4
1,0,5,v5-engine,P37,endgame,5,5.461,g3g7,,23,5
1,0,5,v5-engine,P37,endgame,6,11.020,g3g7,,23,6
1,0,5,v5-engine,P38,endgame,4,2.529,a4b5,,-15,4
1,0,5,v5-engine,P38,endgame,5,2.957,a4b5,,-15,5
1,0,5,v5-engine,P38,endgame,6,6.248,a4b5,,-15,6
1,0,5,v5-engine,P39,endgame,4,2.933,d2g2,,-37,4
1,0,5,v5-engine,P39,endgame,5,5.137,d2g2,,-37,5
1,0,5,v5-engine,P39,endgame,6,18.777,d2a2,,-37,6
1,0,5,v5-engine,P40,endgame,4,5.754,e3e8,,99,4
1,0,5,v5-engine,P40,endgame,5,8.268,e3e8,,99,5
1,0,5,v5-engine,P40,endgame,6,23.674,a4a5,,99,6
1,0,6,v4.3-counter,P01,opening,4,6.754,b8c6,,-53,4
1,0,6,v4.3-counter,P01,opening,5,13.657,g8f6,,-53,5
1,0,6,v4.3-counter,P01,opening,6,39.985,b8c6,,-53,6
1,0,6,v4.3-counter,P02,opening,4,5.853,b8c6,,20,4
1,0,6,v4.3-counter,P02,opening,5,25.953,e8g8,,20,5
1,0,6,v4.3-counter,P02,opening,6,95.568,d8a5,,20,6
1,0,6,v4.3-counter,P03,opening,4,9.289,b8a6,,27,4
1,0,6,v4.3-counter,P03,opening,5,35.279,c8e6,,27,5
1,0,6,v4.3-counter,P03,opening,6,93.353,e7e6,,27,6
1,0,6,v4.3-counter,P04,opening,4,4.124,d4e5,,18,4
1,0,6,v4.3-counter,P04,opening,5,10.491,d4e5,,18,5
1,0,6,v4.3-counter,P04,opening,6,24.011,d4e5,,18,6
1,0,6,v4.3-counter,P05,opening,4,7.599,e1g1,,-11,4
1,0,6,v4.3-counter,P05,opening,5,23.008,e1g1,,-11,5
1,0,6,v4.3-counter,P05,opening,6,52.113,e1g1,,-11,6
1,0,6,v4.3-counter,P06,opening,4,7.471,f1c4,,-19,4
1,0,6,v4.3-counter,P06,opening,5,14.918,f1b5,,-19,5
1,0,6,v4.3-counter,P06,opening,6,54.287,f1c4,,-19,6
1,0,6,v4.3-counter,P07,opening,4,5.956,d6b6,,-26,4
1,0,6,v4.3-counter,P07,opening,5,12.063,g8f6,,-26,5
1,0,6,v4.3-counter,P07,opening,6,28.149,g8f6,,-26,6
1,0,6,v4.3-counter,P08,opening,4,3.763,g8f6,,19,4
1,0,6,v4.3-counter,P08,opening,5,11.224,g8f6,,19,5
1,0,6,v4.3-counter,P08,opening,6,32.107,b8c6,,19,6
1,0,6,v4.3-counter,P09,opening,4,11.718,e3e4,,158,4
1,0,6,v4.3-counter,P09,opening,5,22.717,d3c2,,158,5
1,0,6,v4.3-counter,P09,opening,6,72.911,d3c2,,158,6
1,0,6,v4.3-counter,P10,opening,4,4.471,e7e5,,13,4
1,0,6,v4.3-counter,P10,opening,5,14.814,e7e5,,13,5
1,0,6,v4.3-counter,P10,opening,6,25.688,e7e5,,13,6
1,0,6,v4.3-counter,P11,opening,4,4.697,b1c3,,-55,4
1,0,6,v4.3-counter,P11,opening,5,11.495,f1d3,,-55,5
1,0,6,v4.3-counter,P11,opening,6,32.144,e4e5,,-55,6
1,0,6,v4.3-counter,P12,opening,4,10.174,c8d7,,-14,4
1,0,6,v4.3-counter,P12,opening,5,20.969,c8d7,,-14,5
1,0,6,v4.3-counter,P12,opening,6,45.547,c8d7,,-14,6
1,0,6,v4.3-counter,P13,opening,4,2.360,b8c6,,-1,4
1,0,6,v4.3-counter,P13,opening,5,4.171,b8c6,,-1,5
1,0,6,v4.3-counter,P13,opening,6,27.905,e7e6,,-1,6
1,0,6,v4.3-counter,P14,opening,4,4.290,c6d4,,-37,4
1,0,6,v4.3-counter,P14,opening,5,11.510,c6d4,,-37,5
1,0,6,v4.3-counter,P14,opening,6,43.625,c5d4,,-37,6
1,0,6,v4.3-counter,P15,middlegame,4,7.895,h4g3,,76,4
1,0,6,v4.3-counter,P15,middlegame,5,18.418,h4g3,,76,5
1,0,6,v4.3-counter,P15,middlegame,6,65.592,h4g3,,76,6
1,0,6,v4.3-counter,P16,middlegame,4,7.974,a6a5,,-97,4
1,0,6,v4.3-counter,P16,middlegame,5,22.654,a6a5,,-97,5
1,0,6,v4.3-counter,P16,middlegame,6,51.273,c8b7,,-97,6
1,0,6,v4.3-counter,P17,middlegame,4,7.677,c6b4,,-124,4
1,0,6,v4.3-counter,P17,middlegame,5,20.242,c6b4,,-124,5
1,0,6,v4.3-counter,P17,middlegame,6,68.529,c6b4,,-124,6
1,0,6,v4.3-counter,P18,middlegame,4,7.005,c1e3,,117,4
1,0,6,v4.3-counter,P18,middlegame,5,21.520,c1e3,,117,5
1,0,6,v4.3-counter,P18,middlegame,6,47.733,c1e3,,117,6
1,0,6,v4.3-counter,P19,middlegame,4,0.566,c4d5,,-197,4
1,0,6,v4.3-counter,P19,middlegame,5,1.841,c4d5,,-197,5
1,0,6,v4.3-counter,P19,middlegame,6,3.523,c4d5,,-197,6
1,0,6,v4.3-counter,P20,middlegame,4,7.022,h7h6,,40,4
1,0,6,v4.3-counter,P20,middlegame,5,27.461,h7h6,,40,5
1,0,6,v4.3-counter,P20,middlegame,6,93.411,d8d7,,40,6
1,0,6,v4.3-counter,P21,middlegame,4,4.128,e7d5,,-46,4
1,0,6,v4.3-counter,P21,middlegame,5,10.762,e7d5,,-46,5
1,0,6,v4.3-counter,P21,middlegame,6,42.390,e7d5,,-46,6
1,0,6,v4.3-counter,P22,middlegame,4,7.876,e2e3,,69,4
1,0,6,v4.3-counter,P22,middlegame,5,19.013,g1h1,,69,5
1,0,6,v4.3-counter,P22,middlegame,6,49.191,g1h1,,69,6
1,0,6,v4.3-counter,P23,middlegame,4,7.884,f8e8,,33,4
1,0,6,v4.3-counter,P23,middlegame,5,17.822,e7f6,,33,5
1,0,6,v4.3-counter,P23,middlegame,6,49.554,e7d6,,33,6
1,0,6,v4.3-counter,P24,middlegame,4,9.149,b5c6,,156,4
1,0,6,v4.3-counter,P24,middlegame,5,17.842,b5c6,,156,5
1,0,6,v4.3-counter,P24,middlegame,6,46.224,b5c6,,156,6
1,0,6,v4.3-counter,P25,middlegame,4,7.586,d7f6,,-100,4
1,0,6,v4.3-counter,P25,middlegame,5,20.953,d7b6,,-100,5
1,0,6,v4.3-counter,P25,middlegame,6,42.572,d7f6,,-100,6
1,0,6,v4.3-counter,P26,middlegame,4,4.975,g8g7,,-298,4
1,0,6,v4.3-counter,P26,middlegame,5,15.718,g8g7,,-298,5
1,0,6,v4.3-counter,P26,middlegame,6,49.277,g8g7,,-298,6
1,0,6,v4.3-counter,P27,middlegame,4,3.961,b4c6,,-98,4
1,0,6,v4.3-counter,P27,middlegame,5,9.965,b4c6,,-98,5
1,0,6,v4.3-counter,P27,middlegame,6,32.075,b4c6,,-98,6
1,0,6,v4.3-counter,P28,middlegame,4,12.653,c3d3,,-86,4
1,0,6,v4.3-counter,P28,middlegame,5,22.163,c3d3,,-86,5
1,0,6,v4.3-counter,P28,middlegame,6,55.466,c3d3,,-86,6
1,0,6,v4.3-counter,P29,middlegame,4,7.301,d8e8,,-52,4
1,0,6,v4.3-counter,P29,middlegame,5,26.223,c8b8,,-52,5
1,0,6,v4.3-counter,P29,middlegame,6,59.742,c8b8,,-52,6
1,0,6,v4.3-counter,P30,middlegame,4,10.284,f5f4,,-100,4
1,0,6,v4.3-counter,P30,middlegame,5,34.867,f5f4,,-100,5
1,0,6,v4.3-counter,P30,middlegame,6,87.694,f5f4,,-100,6
1,0,6,v4.3-counter,P31,endgame,4,3.402,c5g1,,-280,4
1,0,6,v4.3-counter,P31,endgame,5,4.218,c5g1,,-280,5
1,0,6,v4.3-counter,P31,endgame,6,11.601,c5g1,,-280,6
1,0,6,v4.3-counter,P32,endgame,4,2.543,f2e3,,156,4
1,0,6,v4.3-counter,P32,endgame,5,5.770,f2f3,,156,5
1,0,6,v4.3-counter,P32,endgame,6,12.466,f2e3,,156,6
1,0,6,v4.3-counter,P33,endgame,4,4.053,b4a4,,-113,4
1,0,6,v4.3-counter,P33,endgame,5,10.126,b4a4,,-113,5
1,0,6,v4.3-counter,P33,endgame,6,31.698,b4a4,,-113,6
1,0,6,v4.3-counter,P34,endgame,4,0.998,a5a6,,341,4
1,0,6,v4.3-counter,P34,endgame,5,2.390,a5a7,,341,5
1,0,6,v4.3-counter,P34,endgame,6,4.731,a5a7,,341,6
1,0,6,v4.3-counter,P35,endgame,4,4.285,f2g1,,36,4
1,0,6,v4.3-counter,P35,endgame,5,15.446,f2g1,,36,5
1,0,6,v4.3-counter,P35,endgame,6,24.480,f2g1,,36,6
1,0,6,v4.3-counter,P36,endgame,4,3.417,g1f1,,-23,4
1,0,6,v4.3-counter,P36,endgame,5,5.735,g1f2,,-23,5
1,0,6,v4.3-counter,P36,endgame,6,17.650,g1f2,,-23,6
1,0,6,v4.3-counter,P37,endgame,4,3.522,g3g7,,23,4
1,0,6,v4.3-counter,P37,endgame,5,5.492,g3g7,,23,5
1,0,6,v4.3-counter,P37,endgame,6,9.933,g8g7,,23,6
1,0,6,v4.3-counter,P38,endgame,4,1.032,a4b5,,-15,4
1,0,6,v4.3-counter,P38,endgame,5,1.661,a4b5,,-15,5
1,0,6,v4.3-counter,P38,endgame,6,4.662,a4b5,,-15,6
1,0,6,v4.3-counter,P39,endgame,4,2.139,d2g2,,-37,4
1,0,6,v4.3-counter,P39,endgame,5,4.417,d2g2,,-37,5
1,0,6,v4.3-counter,P39,endgame,6,23.117,d2a2,,-37,6
1,0,6,v4.3-counter,P40,endgame,4,5.021,e3e8,,99,4
1,0,6,v4.3-counter,P40,endgame,5,9.768,e3e8,,99,5
1,0,6,v4.3-counter,P40,endgame,6,27.851,a4a5,,99,6
1,0,7,v4.2_null,P01,opening,4,7.134,b8c6,,-53,4
1,0,7,v4.2_null,P01,opening,5,16.396,g8f6,,-53,5
1,0,7,v4.2_null,P01,opening,6,46.240,b8c6,,-53,6
1,0,7,v4.2_null,P02,opening,4,8.077,d8b6,,20,4
1,0,7,v4.2_null,P02,opening,5,30.471,e8g8,,20,5
1,0,7,v4.2_null,P02,opening,6,98.750,d8a5,,20,6
1,0,7,v4.2_null,P03,opening,4,7.022,a7a5,,27,4
1,0,7,v4.2_null,P03,opening,5,26.157,c8e6,,27,5
1,0,7,v4.2_null,P03,opening,6,81.181,e7e6,,27,6
1,0,7,v4.2_null,P04,opening,4,4.082,d4e5,,18,4
1,0,7,v4.2_null,P04,opening,5,10.807,d4e5,,18,5
1,0,7,v4.2_null,P04,opening,6,25.035,d4e5,,18,6
1,0,7,v4.2_null,P05,opening,4,7.225,e1g1,,-11,4
1,0,7,v4.2_null,P05,opening,5,23.587,e1g1,,-11,5
1,0,7,v4.2_null,P05,opening,6,55.229,e1g1,,-11,6
1,0,7,v4.2_null,P06,opening,4,8.026,f1c4,,-19,4
1,0,7,v4.2_null,P06,opening,5,24.637,f1c4,,-19,5
1,0,7,v4.2_null,P06,opening,6,60.350,f1c4,,-19,6
1,0,7,v4.2_null,P07,opening,4,6.318,d6b6,,-26,4
1,0,7,v4.2_null,P07,opening,5,12.639,g8f6,,-26,5
1,0,7,v4.2_null,P07,opening,6,30.754,g8f6,,-26,6
1,0,7,v4.2_null,P08,opening,4,3.710,g8f6,,19,4
1,0,7,v4.2_null,P08,opening,5,10.907,g8f6,,19,5
1,0,7,v4.2_null,P08,opening,6,36.638,c8f5,,19,6
1,0,7,v4.2_null,P09,opening,4,11.000,e3e4,,158,4
1,0,7,v4.2_null,P09,opening,5,20.322,d3c2,,158,5
1,0,7,v4.2_null,P09,opening,6,64.882,c1d2,,158,6
1,0,7,v4.2_null,P10,opening,4,3.731,e7e5,,13,4
1,0,7,v4.2_null,P10,opening,5,13.818,e7e5,,13,5
1,0,7,v4.2_null,P10,opening,6,30.480,e7e5,,13,6
1,0,7,v4.2_null,P11,opening,4,4.669,b1c3,,-55,4
1,0,7,v4.2_null,P11,opening,5,9.397,e4d5,,-55,5
1,0,7,v4.2_null,P11,opening,6,35.058,e4e5,,-55,6
1,0,7,v4.2_null,P12,opening,4,8.896,c8d7,,-14,4
1,0,7,v4.2_null,P12,opening,5,24.024,c8d7,,-14,5
1,0,7,v4.2_null,P12,opening,6,59.646,c8d7,,-14,6
1,0,7,v4.2_null,P13,opening,4,2.579,b8c6,,-1,4
1,0,7,v4.2_null,P13,opening,5,4.932,b8c6,,-1,5
1,0,7,v4.2_null,P13,opening,6,35.537,e7e6,,-1,6
1,0,7,v4.2_null,P14,opening,4,4.451,c6d4,,-37,4
1,0,7,v4.2_null,P14,opening,5,12.365,c6d4,,-37,5
1,0,7,v4.2_null,P14,opening,6,45.644,c5d4,,-37,6
1,0,7,v4.2_null,P15,middlegame,4,7.967,h4g3,,76,4
1,0,7,v4.2_null,P15,middlegame,5,19.692,h4g3,,76,5
1,0,7,v4.2_null,P15,middlegame,6,51.914,h4g3,,76,6
1,0,7,v4.2_null,P16,middlegame,4,4.433,a6a5,,-97,4
1,0,7,v4.2_null,P16,middlegame,5,16.437,a6a5,,-97,5
1,0,7,v4.2_null,P16,middlegame,6,51.636,c8b7,,-97,6
1,0,7,v4.2_null,P17,middlegame,4,9.876,c6b4,,-124,4
1,0,7,v4.2_null,P17,middlegame,5,22.995,c6b4,,-124,5
1,0,7,v4.2_null,P17,middlegame,6,77.415,c6b4,,-124,6
1,0,7,v4.2_null,P18,middlegame,4,7.412,c1e3,,117,4
1,0,7,v4.2_null,P18,middlegame,5,20.644,c1e3,,117,5
1,0,7,v4.2_null,P18,middlegame,6,79.543,c1a3,,117,6
1,0,7,v4.2_null,P19,middlegame,4,0.554,c4d5,,-197,4
1,0,7,v4.2_null,P19,middlegame,5,2.038,c4d5,,-197,5
1,0,7,v4.2_null,P19,middlegame,6,2.854,c4d5,,-197,6
1,0,7,v4.2_null,P20,middlegame,4,8.884,a8c8,,40,4
1,0,7,v4.2_null,P20,middlegame,5,33.533,h7h6,,40,5
1,0,7,v4.2_null,P20,middlegame,6,108.339,h7h6,,40,6
1,0,7,v4.2_null,P21,middlegame,4,4.356,e7d5,,-46,4
1,0,7,v4.2_null,P21,middlegame,5,14.117,e7d5,,-46,5
1,0,7,v4.2_null,P21,middlegame,6,42.828,e7d5,,-46,6
1,0,7,v4.2_null,P22,middlegame,4,7.475,e2e3,,69,4
1,0,7,v4.2_null,P22,middlegame,5,17.484,g1h1,,69,5
1,0,7,v4.2_null,P22,middlegame,6,45.020,g1h1,,69,6
1,0,7,v4.2_null,P23,middlegame,4,7.422,f8e8,,33,4
1,0,7,v4.2_null,P23,middlegame,5,20.039,c8e6,,33,5
1,0,7,v4.2_null,P23,middlegame,6,71.538,e7f6,,33,6
1,0,7,v4.2_null,P24,middlegame,4,10.341,b5c6,,156,4
1,0,7,v4.2_null,P24,middlegame,5,23.857,b5c6,,156,5
1,0,7,v4.2_null,P24,middlegame,6,88.425,b5c6,,156,6
1,0,7,v4.2_null,P25,middlegame,4,8.234,d7f6,,-100,4
1,0,7,v4.2_null,P25,middlegame,5,23.972,d7b6,,-100,5
1,0,7,v4.2_null,P25,middlegame,6,54.732,d7f6,,-100,6
1,0,7,v4.2_null,P26,middlegame,4,4.909,g8g7,,-298,4
1,0,7,v4.2_null,P26,middlegame,5,16.134,g8g7,,-298,5
1,0,7,v4.2_null,P26,middlegame,6,41.794,g8g7,,-298,6
1,0,7,v4.2_null,P27,middlegame,4,4.325,b4c6,,-98,4
1,0,7,v4.2_null,P27,middlegame,5,10.334,b4c6,,-98,5
1,0,7,v4.2_null,P27,middlegame,6,30.731,b4c6,,-98,6
1,0,7,v4.2_null,P28,middlegame,4,11.125,c3d3,,-86,4
1,0,7,v4.2_null,P28,middlegame,5,31.348,c3d3,,-86,5
1,0,7,v4.2_null,P28,middlegame,6,83.454,c3d3,,-86,6
1,0,7,v4.2_null,P29,middlegame,4,7.353,d8e8,,-52,4
1,0,7,v4.2_null,P29,middlegame,5,30.357,c8b8,,-52,5
1,0,7,v4.2_null,P29,middlegame,6,64.343,c8b8,,-52,6
1,0,7,v4.2_null,P30,middlegame,4,10.816,f5f4,,-100,4
1,0,7,v4.2_null,P30,middlegame,5,40.876,f5f4,,-100,5
1,0,7,v4.2_null,P30,middlegame,6,98.776,f5f4,,-100,6
1,0,7,v4.2_null,P31,endgame,4,2.132,c5g1,,-280,4
1,0,7,v4.2_null,P31,endgame,5,2.606,c5g1,,-280,5
1,0,7,v4.2_null,P31,endgame,6,5.017,c5g1,,-280,6
1,0,7,v4.2_null,P32,endgame,4,2.520,a1a6,,156,4
1,0,7,v4.2_null,P32,endgame,5,4.495,f2e3,,156,5
1,0,7,v4.2_null,P32,endgame,6,9.842,f2e3,,156,6
1,0,7,v4.2_null,P33,endgame,4,4.807,b4a4,,-113,4
1,0,7,v4.2_null,P33,endgame,5,11.597,b4a4,,-113,5
1,0,7,v4.2_null,P33,endgame,6,33.913,b4a4,,-113,6
1,0,7,v4.2_null,P34,endgame,4,1.140,a5a6,,341,4
1,0,7,v4.2_null,P34,endgame,5,2.542,a5a7,,341,5
1,0,7,v4.2_null,P34,endgame,6,4.435,a5a7,,341,6
1,0,7,v4.2_null,P35,endgame,4,4.330,f2g1,,36,4
1,0,7,v4.2_null,P35,endgame,5,14.857,f2g1,,36,5
1,0,7,v4.2_null,P35,endgame,6,24.787,f2g1,,36,6
1,0,7,v4.2_null,P36,endgame,4,3.729,g1f2,,-23,4
1,0,7,v4.2_null,P36,endgame,5,6.474,g1f2,,-23,5
1,0,7,v4.2_null,P36,endgame,6,14.547,g1f2,,-23,6
1,0,7,v4.2_null,P37,endgame,4,3.715,g3g7,,23,4
1,0,7,v4.2_null,P37,endgame,5,6.205,g3g7,,23,5
1,0,7,v4.2_null,P37,endgame,6,10.756,g8g7,,23,6
1,0,7,v4.2_null,P38,endgame,4,2.801,a4a5,,-15,4
1,0,7,v4.2_null,P38,endgame,5,3.367,a4b5,,-15,5
1,0,7,v4.2_null,P38,endgame,6,7.727,a4b5,,-15,6
1,0,7,v4.2_null,P39,endgame,4,2.177,d2g2,,-37,4
1,0,7,v4.2_null,P39,endgame,5,4.564,d2g2,,-37,5
1,0,7,v4.2_null,P39,endgame,6,23.983,d2a2,,-37,6
1,0,7,v4.2_null,P40,endgame,4,4.994,e3e8,,99,4
1,0,7,v4.2_null,P40,endgame,5,11.048,e3e8,,99,5
1,0,7,v4.2_null,P40,endgame,6,28.027,a4a5,,99,6
1,0,8,v4.1_LMR,P01,opening,4,10.783,b8c6,,-53,4
1,0,8,v4.1_LMR,P01,opening,5,23.373,g8f6,,-53,5
1,0,8,v4.1_LMR,P01,opening,6,74.546,b8c6,,-53,6
1,0,8,v4.1_LMR,P02,opening,4,15.783,d8b6,,20,4
1,0,8,v4.1_LMR,P02,opening,5,39.367,e8g8,,20,5
1,0,8,v4.1_LMR,P02,opening,6,161.379,d8a5,,20,6
1,0,8,v4.1_LMR,P03,opening,4,9.123,a7a5,,27,4
1,0,8,v4.1_LMR,P03,opening,5,31.729,c8e6,,27,5
1,0,8,v4.1_LMR,P03,opening,6,118.012,c8f5,,27,6
1,0,8,v4.1_LMR,P04,opening,4,9.515,d4e5,,18,4
1,0,8,v4.1_LMR,P04,opening,5,18.601,d4e5,,18,5
1,0,8,v4.1_LMR,P04,opening,6,69.860,d4e5,,18,6
1,0,8,v4.1_LMR,P05,opening,4,13.700,e1g1,,-11,4
1,0,8,v4.1_LMR,P05,opening,5,34.244,e1g1,,-11,5
1,0,8,v4.1_LMR,P05,opening,6,128.662,e1g1,,-11,6
1,0,8,v4.1_LMR,P06,opening,4,10.710,f1c4,,-19,4
1,0,8,v4.1_LMR,P06,opening,5,22.506,f1b5,,-19,5
1,0,8,v4.1_LMR,P06,opening,6,97.896,f1c4,,-19,6
1,0,8,v4.1_LMR,P07,opening,4,9.492,d6b6,,-26,4
1,0,8,v4.1_LMR,P07,opening,5,23.526,g8f6,,-26,5
1,0,8,v4.1_LMR,P07,opening,6,76.517,g8f6,,-26,6
1,0,8,v4.1_LMR,P08,opening,4,5.610,g8f6,,19,4
1,0,8,v4.1_LMR,P08,opening,5,14.236,g8f6,,19,5
1,0,8,v4.1_LMR,P08,opening,6,58.105,c8f5,,19,6
1,0,8,v4.1_LMR,P09,opening,4,12.986,e3e4,,158,4
1,0,8,v4.1_LMR,P09,opening,5,24.414,d3c2,,158,5
1,0,8,v4.1_LMR,P09,opening,6,92.403,c1d2,,158,6
1,0,8,v4.1_LMR,P10,opening,4,5.132,e7e5,,13,4
1,0,8,v4.1_LMR,P10,opening,5,16.826,e7e5,,13,5
1,0,8,v4.1_LMR,P10,opening,6,48.030,e7e5,,13,6
1,0,8,v4.1_LMR,P11,opening,4,6.330,b1c3,,-55,4
1,0,8,v4.1_LMR,P11,opening,5,11.193,e4d5,,-55,5
1,0,8,v4.1_LMR,P11,opening,6,54.803,e4e5,,-55,6
1,0,8,v4.1_LMR,P12,opening,4,10.153,c8d7,,-14,4
1,0,8,v4.1_LMR,P12,opening,5,27.806,c8d7,,-14,5
1,0,8,v4.1_LMR,P12,opening,6,80.256,c8d7,,-14,6
1,0,8,v4.1_LMR,P13,opening,4,3.127,b8c6,,-1,4
1,0,8,v4.1_LMR,P13,opening,5,6.778,d7d5,,-1,5
1,0,8,v4.1_LMR,P13,opening,6,49.957,e7e6,,-1,6
1,0,8,v4.1_LMR,P14,opening,4,7.457,c6d4,,-37,4
1,0,8,v4.1_LMR,P14,opening,5,14.848,c6d4,,-37,5
1,0,8,v4.1_LMR,P14,opening,6,61.007,c6d4,,-37,6
1,0,8,v4.1_LMR,P15,middlegame,4,10.636,h4g3,,76,4
1,0,8,v4.1_LMR,P15,middlegame,5,22.426,h4g3,,76,5
1,0,8,v4.1_LMR,P15,middlegame,6,93.161,h4g3,,76,6
1,0,8,v4.1_LMR,P16,middlegame,4,11.845,a6a5,,-97,4
1,0,8,v4.1_LMR,P16,middlegame,5,30.361,a6a5,,-97,5
1,0,8,v4.1_LMR,P16,middlegame,6,115.920,c8b7,,-97,6
1,0,8,v4.1_LMR,P17,middlegame,4,16.335,c6b4,,-124,4
1,0,8,v4.1_LMR,P17,middlegame,5,39.447,c6b4,,-124,5
1,0,8,v4.1_LMR,P17,middlegame,6,152.850,e7g6,,-124,6
1,0,8,v4.1_LMR,P18,middlegame,4,13.027,c1e3,,117,4
1,0,8,v4.1_LMR,P18,middlegame,5,34.135,c1e3,,117,5
1,0,8,v4.1_LMR,P18,middlegame,6,145.334,c1a3,,117,6
1,0,8,v4.1_LMR,P19,middlegame,4,0.942,c4d5,,-197,4
1,0,8,v4.1_LMR,P19,middlegame,5,3.022,c4d5,,-197,5
1,0,8,v4.1_LMR,P19,middlegame,6,5.269,c4d5,,-197,6
1,0,8,v4.1_LMR,P20,middlegame,4,10.858,a8c8,,40,4
1,0,8,v4.1_LMR,P20,middlegame,5,41.271,h7h6,,40,5
1,0,8,v4.1_LMR,P20,middlegame,6,177.599,d8d7,,40,6
1,0,8,v4.1_LMR,P21,middlegame,4,8.287,e7d5,,-46,4
1,0,8,v4.1_LMR,P21,middlegame,5,20.834,e7d5,,-46,5
1,0,8,v4.1_LMR,P21,middlegame,6,80.438,e7d5,,-46,6
1,0,8,v4.1_LMR,P22,middlegame,4,8.521,e2e3,,69,4
1,0,8,v4.1_LMR,P22,middlegame,5,18.915,g1h1,,69,5
1,0,8,v4.1_LMR,P22,middlegame,6,62.791,g1h1,,69,6
1,0,8,v4.1_LMR,P23,middlegame,4,11.127,f8e8,,33,4
1,0,8,v4.1_LMR,P23,middlegame,5,26.111,f8e8,,33,5
1,0,8,v4.1_LMR,P23,middlegame,6,96.702,e7f6,,33,6
1,0,8,v4.1_LMR,P24,middlegame,4,14.918,b5c6,,156,4
1,0,8,v4.1_LMR,P24,middlegame,5,30.867,b5c6,,156,5
1,0,8,v4.1_LMR,P24,middlegame,6,139.703,b5c6,,156,6
1,0,8,v4.1_LMR,P25,middlegame,4,14.813,d7f6,,-100,4
1,0,8,v4.1_LMR,P25,middlegame,5,51.466,d7f6,,-100,5
1,0,8,v4.1_LMR,P25,middlegame,6,174.456,d7b6,,-100,6
1,0,8,v4.1_LMR,P26,middlegame,4,6.235,g8g7,,-298,4
1,0,8,v4.1_LMR,P26,middlegame,5,20.315,g8g7,,-298,5
1,0,8,v4.1_LMR,P26,middlegame,6,82.477,g8g7,,-298,6
1,0,8,v4.1_LMR,P27,middlegame,4,6.037,b4c6,,-98,4
1,0,8,v4.1_LMR,P27,middlegame,5,13.216,b4c6,,-98,5
1,0,8,v4.1_LMR,P27,middlegame,6,47.436,b4c6,,-98,6
1,0,8,v4.1_LMR,P28,middlegame,4,14.031,c3d3,,-86,4
1,0,8,v4.1_LMR,P28,middlegame,5,34.061,c3d3,,-86,5
1,0,8,v4.1_LMR,P28,middlegame,6,115.545,c3d3,,-86,6
1,0,8,v4.1_LMR,P29,middlegame,4,9.242,d8e8,,-52,4
1,0,8,v4.1_LMR,P29,middlegame,5,35.706,c8b8,,-52,5
1,0,8,v4.1_LMR,P29,middlegame,6,108.852,d8e8,,-52,6
1,0,8,v4.1_LMR,P30,middlegame,4,16.133,f5f4,,-100,4
1,0,8,v4.1_LMR,P30,middlegame,5,59.073,f5f4,,-100,5
1,0,8,v4.1_LMR,P30,middlegame,6,176.829,f5f4,,-100,6
1,0,8,v4.1_LMR,P31,endgame,4,3.890,c5g1,,-280,4
1,0,8,v4.1_LMR,P31,endgame,5,5.327,c5g1,,-280,5
1,0,8,v4.1_LMR,P31,endgame,6,21.583,c5g1,,-280,6
1,0,8,v4.1_LMR,P32,endgame,4,3.744,a1a6,,156,4
1,0,8,v4.1_LMR,P32,endgame,5,6.056,f2e3,,156,5
1,0,8,v4.1_LMR,P32,endgame,6,11.676,f2e3,,156,6
1,0,8,v4.1_LMR,P33,endgame,4,5.479,b4a4,,-113,4
1,0,8,v4.1_LMR,P33,endgame,5,12.862,b4a4,,-113,5
1,0,8,v4.1_LMR,P33,endgame,6,26.770,b4a4,,-113,6
1,0,8,v4.1_LMR,P34,endgame,4,1.233,a5a6,,341,4
1,0,8,v4.1_LMR,P34,endgame,5,2.254,a5a6,,341,5
1,0,8,v4.1_LMR,P34,endgame,6,5.515,a5a7,,341,6
1,0,8,v4.1_LMR,P35,endgame,4,4.843,f2g1,,36,4
1,0,8,v4.1_LMR,P35,endgame,5,14.547,f2g1,,36,5
1,0,8,v4.1_LMR,P35,endgame,6,26.759,f2g1,,36,6
1,0,8,v4.1_LMR,P36,endgame,4,5.713,g1f2,,-23,4
1,0,8,v4.1_LMR,P36,endgame,5,8.820,g1f2,,-23,5
1,0,8,v4.1_LMR,P36,endgame,6,30.813,g1f2,,-23,6
1,0,8,v4.1_LMR,P37,endgame,4,5.943,g3g7,,23,4
1,0,8,v4.1_LMR,P37,endgame,5,9.789,g3g7,,23,5
1,0,8,v4.1_LMR,P37,endgame,6,21.414,g8g7,,23,6
1,0,8,v4.1_LMR,P38,endgame,4,3.306,a4a5,,-15,4
1,0,8,v4.1_LMR,P38,endgame,5,4.944,a4b5,,-15,5
1,0,8,v4.1_LMR,P38,endgame,6,15.539,a4b5,,-15,6
1,0,8,v4.1_LMR,P39,endgame,4,3.333,d2g2,,-37,4
1,0,8,v4.1_LMR,P39,endgame,5,6.587,d2g2,,-37,5
1,0,8,v4.1_LMR,P39,endgame,6,24.419,d2a2,,-37,6
1,0,8,v4.1_LMR,P40,endgame,4,5.818,e3e8,,99,4
1,0,8,v4.1_LMR,P40,endgame,5,16.451,e3e8,,99,5
1,0,8,v4.1_LMR,P40,endgame,6,39.248,a4a5,,99,6
1,0,9,v4_LMR,P01,opening,4,14.656,a7a5,,-53,4
1,0,9,v4_LMR,P01,opening,5,38.607,g8f6,,-53,5
1,0,9,v4_LMR,P01,opening,6,239.783,e7e5,,-53,6
1,0,9,v4_LMR,P02,opening,4,19.938,d8a5,,20,4
1,0,9,v4_LMR,P02,opening,5,66.967,e8g8,,20,5
1,0,9,v4_LMR,P02,opening,6,336.940,d8a5,,20,6
1,0,9,v4_LMR,P03,opening,4,12.853,a7a5,,27,4
1,0,9,v4_LMR,P03,opening,5,77.401,c8e6,,27,5
1,0,9,v4_LMR,P03,opening,6,292.034,c8e6,,27,6
1,0,9,v4_LMR,P04,opening,4,11.184,d4e5,,18,4
1,0,9,v4_LMR,P04,opening,5,33.593,d4e5,,18,5
1,0,9,v4_LMR,P04,opening,6,156.074,d4e5,,18,6
1,0,9,v4_LMR,P05,opening,4,16.056,e1g1,,-11,4
1,0,9,v4_LMR,P05,opening,5,63.794,e1g1,,-11,5
1,0,9,v4_LMR,P05,opening,6,254.965,e1g1,,-11,6
1,0,9,v4_LMR,P06,opening,4,13.259,f1c4,,-19,4
1,0,9,v4_LMR,P06,opening,5,54.017,f1c4,,-19,5
1,0,9,v4_LMR,P06,opening,6,194.478,f1c4,,-19,6
1,0,9,v4_LMR,P07,opening,4,12.757,g8f6,,-26,4
1,0,9,v4_LMR,P07,opening,5,62.584,g8f6,,-26,5
1,0,9,v4_LMR,P07,opening,6,212.603,g8f6,,-26,6
1,0,9,v4_LMR,P08,opening,4,6.472,g8f6,,19,4
1,0,9,v4_LMR,P08,opening,5,25.139,b8c6,,19,5
1,0,9,v4_LMR,P08,opening,6,185.312,b8c6,,19,6
1,0,9,v4_LMR,P09,opening,4,15.845,e3e4,,158,4
1,0,9,v4_LMR,P09,opening,5,42.504,e3e4,,158,5
1,0,9,v4_LMR,P09,opening,6,209.010,d3c2,,158,6
1,0,9,v4_LMR,P10,opening,4,6.917,g8f6,,13,4
1,0,9,v4_LMR,P10,opening,5,34.997,e7e5,,13,5
1,0,9,v4_LMR,P10,opening,6,140.860,d6d5,,13,6
1,0,9,v4_LMR,P11,opening,4,8.916,f1d3,,-55,4
1,0,9,v4_LMR,P11,opening,5,31.474,e4e5,,-55,5
1,0,9,v4_LMR,P11,opening,6,157.051,e4e5,,-55,6
1,0,9,v4_LMR,P12,opening,4,12.708,c8d7,,-14,4
1,0,9,v4_LMR,P12,opening,5,33.464,c8d7,,-14,5
1,0,9,v4_LMR,P12,opening,6,158.177,c8d7,,-14,6
1,0,9,v4_LMR,P13,opening,4,3.603,b8c6,,-1,4
1,0,9,v4_LMR,P13,opening,5,21.317,d7d5,,-1,5
1,0,9,v4_LMR,P13,opening,6,85.990,e7e6,,-1,6
1,0,9,v4_LMR,P14,opening,4,8.555,c6d4,,-37,4
1,0,9,v4_LMR,P14,opening,5,26.061,c6d4,,-37,5
1,0,9,v4_LMR,P14,opening,6,120.638,c6d4,,-37,6
1,0,9,v4_LMR,P15,middlegame,4,12.955,h4g3,,76,4
1,0,9,v4_LMR,P15,middlegame,5,45.597,h4g3,,76,5
1,0,9,v4_LMR,P15,middlegame,6,163.257,h4g3,,76,6
1,0,9,v4_LMR,P16,middlegame,4,15.068,a6a5,,-97,4
1,0,9,v4_LMR,P16,middlegame,5,45.144,a6a5,,-97,5
1,0,9,v4_LMR,P16,middlegame,6,314.968,e6e5,,-97,6
1,0,9,v4_LMR,P17,middlegame,4,23.853,c6b4,,-124,4
1,0,9,v4_LMR,P17,middlegame,5,72.711,c6b4,,-124,5
1,0,9,v4_LMR,P17,middlegame,6,308.928,e7f5,,-124,6
1,0,9,v4_LMR,P18,middlegame,4,17.267,c1e3,,117,4
1,0,9,v4_LMR,P18,middlegame,5,45.400,c1e3,,117,5
1,0,9,v4_LMR,P18,middlegame,6,139.723,c1e3,,117,6
1,0,9,v4_LMR,P19,middlegame,4,1.179,c4d5,,-197,4
1,0,9,v4_LMR,P19,middlegame,5,3.482,c4d5,,-197,5
1,0,9,v4_LMR,P19,middlegame,6,10.709,c4d5,,-197,6
1,0,9,v4_LMR,P20,middlegame,4,15.535,a8c8,,40,4
1,0,9,v4_LMR,P20,middlegame,5,68.889,h7h6,,40,5
1,0,9,v4_LMR,P20,middlegame,6,257.463,h7h6,,40,6
1,0,9,v4_LMR,P21,middlegame,4,9.316,e7d5,,-46,4
1,0,9,v4_LMR,P21,middlegame,5,32.026,e7d5,,-46,5
1,0,9,v4_LMR,P21,middlegame,6,134.044,e7d5,,-46,6
1,0,9,v4_LMR,P22,middlegame,4,14.680,f1g2,,69,4
1,0,9,v4_LMR,P22,middlegame,5,33.591,g1h1,,69,5
1,0,9,v4_LMR,P22,middlegame,6,98.094,g1h1,,69,6
1,0,9,v4_LMR,P23,middlegame,4,13.721,f8e8,,33,4
1,0,9,v4_LMR,P23,middlegame,5,50.465,e7f6,,33,5
1,0,9,v4_LMR,P23,middlegame,6,274.322,e7f6,,33,6
1,0,9,v4_LMR,P24,middlegame,4,15.182,b5c6,,156,4
1,0,9,v4_LMR,P24,middlegame,5,50.820,b5c6,,156,5
1,0,9,v4_LMR,P24,middlegame,6,244.614,f4e3,,156,6
1,0,9,v4_LMR,P25,middlegame,4,24.668,d7f6,,-100,4
1,0,9,v4_LMR,P25,middlegame,5,84.149,d7b6,,-100,5
1,0,9,v4_LMR,P25,middlegame,6,374.819,d7b6,,-100,6
1,0,9,v4_LMR,P26,middlegame,4,10.664,g8g7,,-298,4
1,0,9,v4_LMR,P26,middlegame,5,45.154,g8g7,,-298,5
1,0,9,v4_LMR,P26,middlegame,6,164.746,g8g7,,-298,6
1,0,9,v4_LMR,P27,middlegame,4,6.321,b4c6,,-98,4
1,0,9,v4_LMR,P27,middlegame,5,16.589,b4c6,,-98,5
1,0,9,v4_LMR,P27,middlegame,6,70.094,g5e6,,-98,6
1,0,9,v4_LMR,P28,middlegame,4,15.113,c3d3,,-86,4
1,0,9,v4_LMR,P28,middlegame,5,41.315,c3d3,,-86,5
1,0,9,v4_LMR,P28,middlegame,6,141.123,c3d3,,-86,6
1,0,9,v4_LMR,P29,middlegame,4,14.198,d8e8,,-52,4
1,0,9,v4_LMR,P29,middlegame,5,66.193,d8e8,,-52,5
1,0,9,v4_LMR,P29,middlegame,6,225.592,c8b8,,-52,6
1,0,9,v4_LMR,P30,middlegame,4,35.433,f5f4,,-100,4
1,0,9,v4_LMR,P30,middlegame,5,108.499,f5f4,,-100,5
1,0,9,v4_LMR,P30,middlegame,6,349.411,f5f4,,-100,6
1,0,9,v4_LMR,P31,endgame,4,4.070,c5g1,,-280,4
1,0,9,v4_LMR,P31,endgame,5,7.510,c5g1,,-280,5
1,0,9,v4_LMR,P31,endgame,6,17.953,c5g1,,-280,6
1,0,9,v4_LMR,P32,endgame,4,4.066,f2e3,,156,4
1,0,9,v4_LMR,P32,endgame,5,9.200,f2e3,,156,5
1,0,9,v4_LMR,P32,endgame,6,16.794,f2e3,,156,6
1,0,9,v4_LMR,P33,endgame,4,6.652,b4a4,,-113,4
1,0,9,v4_LMR,P33,endgame,5,16.657,b4a4,,-113,5
1,0,9,v4_LMR,P33,endgame,6,41.519,b4a4,,-113,6
1,0,9,v4_LMR,P34,endgame,4,1.574,a5a6,,341,4
1,0,9,v4_LMR,P34,endgame,5,4.222,a5a7,,341,5
1,0,9,v4_LMR,P34,endgame,6,9.086,a5a6,,341,6
1,0,9,v4_LMR,P35,endgame,4,6.770,f2g1,,36,4
1,0,9,v4_LMR,P35,endgame,5,20.445,f2g1,,36,5
1,0,9,v4_LMR,P35,endgame,6,36.839,f2g1,,36,6
1,0,9,v4_LMR,P36,endgame,4,6.338,g1f2,,-23,4
1,0,9,v4_LMR,P36,endgame,5,14.380,g1f2,,-23,5
1,0,9,v4_LMR,P36,endgame,6,35.608,g1f2,,-23,6
1,0,9,v4_LMR,P37,endgame,4,6.233,g3g7,,23,4
1,0,9,v4_LMR,P37,endgame,5,10.637,g3g7,,23,5
1,0,9,v4_LMR,P37,endgame,6,23.152,g8g7,,23,6
1,0,9,v4_LMR,P38,endgame,4,3.188,a4a5,,-15,4
1,0,9,v4_LMR,P38,endgame,5,6.462,a4b5,,-15,5
1,0,9,v4_LMR,P38,endgame,6,19.772,a4b5,,-15,6
1,0,9,v4_LMR,P39,endgame,4,3.366,d2g2,,-37,4
1,0,9,v4_LMR,P39,endgame,5,8.291,d2g2,,-37,5
1,0,9,v4_LMR,P39,endgame,6,39.232,d2a2,,-37,6
1,0,9,v4_LMR,P40,endgame,4,5.829,e3e8,,99,4
1,0,9,v4_LMR,P40,endgame,5,13.614,e3e8,,99,5
1,0,9,v4_LMR,P40,endgame,6,37.320,a4a5,,99,6
1,0,10,v3_engine,P01,opening,4,18.420,a7a5,,-53,4
1,0,10,v3_engine,P01,opening,5,65.791,b8c6,,-53,5
1,0,10,v3_engine,P01,opening,6,309.738,b8c6,,-53,6
1,0,10,v3_engine,P02,opening,4,24.203,e8g8,,20,4
1,0,10,v3_engine,P02,opening,5,145.904,e8g8,,20,5
1,0,10,v3_engine,P02,opening,6,644.192,c5b4,,20,6
1,0,10,v3_engine,P03,opening,4,16.641,a7a5,,27,4
1,0,10,v3_engine,P03,opening,5,72.659,c8e6,,27,5
1,0,10,v3_engine,P03,opening,6,297.658,c8e6,,27,6
1,0,10,v3_engine,P04,opening,4,14.204,d4e5,,18,4
1,0,10,v3_engine,P04,opening,5,58.470,d4e5,,18,5
1,0,10,v3_engine,P04,opening,6,250.958,d4e5,,18,6
1,0,10,v3_engine,P05,opening,4,21.811,e1g1,,-11,4
1,0,10,v3_engine,P05,opening,5,121.302,e1g1,,-11,5
1,0,10,v3_engine,P05,opening,6,405.543,e1g1,,-11,6
1,0,10,v3_engine,P06,opening,4,12.797,f1c4,,-19,4
1,0,10,v3_engine,P06,opening,5,72.547,f1c4,,-19,5
1,0,10,v3_engine,P06,opening,6,217.984,f1c4,,-19,6
1,0,10,v3_engine,P07,opening,4,13.942,g8f6,,-26,4
1,0,10,v3_engine,P07,opening,5,75.382,g8f6,,-26,5
1,0,10,v3_engine,P07,opening,6,262.764,g8f6,,-26,6
1,0,10,v3_engine,P08,opening,4,8.755,g8f6,,19,4
1,0,10,v3_engine,P08,opening,5,42.367,g8f6,,19,5
1,0,10,v3_engine,P08,opening,6,300.011,b8c6,,19,6
1,0,10,v3_engine,P09,opening,4,17.681,e3e4,,158,4
1,0,10,v3_engine,P09,opening,5,103.654,d3c2,,158,5
1,0,10,v3_engine,P09,opening,6,351.867,d3c2,,158,6
1,0,10,v3_engine,P10,opening,4,9.658,g8f6,,13,4
1,0,10,v3_engine,P10,opening,5,50.412,e7e5,,13,5
1,0,10,v3_engine,P10,opening,6,210.694,d6d5,,13,6
1,0,10,v3_engine,P11,opening,4,10.428,f1d3,,-55,4
1,0,10,v3_engine,P11,opening,5,44.223,e4e5,,-55,5
1,0,10,v3_engine,P11,opening,6,202.368,e4e5,,-55,6
1,0,10,v3_engine,P12,opening,4,15.819,c8d7,,-14,4
1,0,10,v3_engine,P12,opening,5,48.730,c8d7,,-14,5
1,0,10,v3_engine,P12,opening,6,137.216,c8d7,,-14,6
1,0,10,v3_engine,P13,opening,4,4.701,b8c6,,-1,4
1,0,10,v3_engine,P13,opening,5,29.036,e7e6,,-1,5
1,0,10,v3_engine,P13,opening,6,99.056,e7e6,,-1,6
1,0,10,v3_engine,P14,opening,4,7.956,c6d4,,-37,4
1,0,10,v3_engine,P14,opening,5,36.384,c6d4,,-37,5
1,0,10,v3_engine,P14,opening,6,164.087,c6d4,,-37,6
1,0,10,v3_engine,P15,middlegame,4,13.248,h4g3,,76,4
1,0,10,v3_engine,P15,middlegame,5,78.677,h4g3,,76,5
1,0,10,v3_engine,P15,middlegame,6,315.879,h4g3,,76,6
1,0,10,v3_engine,P16,middlegame,4,19.930,a6a5,,-97,4
1,0,10,v3_engine,P16,middlegame,5,93.773,a6a5,,-97,5
1,0,10,v3_engine,P16,middlegame,6,514.776,c8b7,,-97,6
1,0,10,v3_engine,P17,middlegame,4,26.820,c6b4,,-124,4
1,0,10,v3_engine,P17,middlegame,5,159.684,e7g6,,-124,5
1,0,10,v3_engine,P17,middlegame,6,771.848,c6b4,,-124,6
1,0,10,v3_engine,P18,middlegame,4,16.437,c1e3,,117,4
1,0,10,v3_engine,P18,middlegame,5,84.219,c1e3,,117,5
1,0,10,v3_engine,P18,middlegame,6,315.825,c1e3,,117,6
1,0,10,v3_engine,P19,middlegame,4,1.147,c4d5,,-197,4
1,0,10,v3_engine,P19,middlegame,5,4.638,c4d5,,-197,5
1,0,10,v3_engine,P19,middlegame,6,11.752,c4d5,,-197,6
1,0,10,v3_engine,P20,middlegame,4,17.883,h7h6,,40,4
1,0,10,v3_engine,P20,middlegame,5,98.524,h7h6,,40,5
1,0,10,v3_engine,P20,middlegame,6,380.983,h7h6,,40,6
1,0,10,v3_engine,P21,middlegame,4,11.148,e7d5,,-46,4
1,0,10,v3_engine,P21,middlegame,5,50.102,e7d5,,-46,5
1,0,10,v3_engine,P21,middlegame,6,245.207,e7d5,,-46,6
1,0,10,v3_engine,P22,middlegame,4,13.558,g1h1,,69,4
1,0,10,v3_engine,P22,middlegame,5,50.187,g1h1,,69,5
1,0,10,v3_engine,P22,middlegame,6,246.248,g1h1,,69,6
1,0,10,v3_engine,P23,middlegame,4,24.734,f8e8,,33,4
1,0,10,v3_engine,P23,middlegame,5,120.576,f8e8,,33,5
1,0,10,v3_engine,P23,middlegame,6,614.411,e7f6,,33,6
1,0,10,v3_engine,P24,middlegame,4,23.180,b5c6,,156,4
1,0,10,v3_engine,P24,middlegame,5,189.998,b5c6,,156,5
1,0,10,v3_engine,P24,middlegame,6,681.204,f4e3,,156,6
1,0,10,v3_engine,P25,middlegame,4,29.071,d7f6,,-100,4
1,0,10,v3_engine,P25,middlegame,5,153.485,d7b6,,-100,5
1,0,10,v3_engine,P25,middlegame,6,774.338,d7b6,,-100,6
1,0,10,v3_engine,P26,middlegame,4,14.087,g8g7,,-298,4
1,0,10,v3_engine,P26,middlegame,5,80.518,g8g7,,-298,5
1,0,10,v3_engine,P26,middlegame,6,410.123,g8g7,,-298,6
1,0,10,v3_engine,P27,middlegame,4,7.176,b4c6,,-98,4
1,0,10,v3_engine,P27,middlegame,5,30.527,b4c6,,-98,5
1,0,10,v3_engine,P27,middlegame,6,121.337,b4c6,,-98,6
1,0,10,v3_engine,P28,middlegame,4,27.470,c3d3,,-86,4
1,0,10,v3_engine,P28,middlegame,5,89.053,c3d3,,-86,5
1,0,10,v3_engine,P28,middlegame,6,264.091,c3d3,,-86,6
1,0,10,v3_engine,P29,middlegame,4,14.348,d8e8,,-52,4
1,0,10,v3_engine,P29,middlegame,5,81.497,d8e8,,-52,5
1,0,10,v3_engine,P29,middlegame,6,331.733,c8b8,,-52,6
1,0,10,v3_engine,P30,middlegame,4,27.188,f5f4,,-100,4
1,0,10,v3_engine,P30,middlegame,5,139.751,f5f4,,-100,5
1,0,10,v3_engine,P30,middlegame,6,555.879,f5f4,,-100,6
1,0,10,v3_engine,P31,endgame,4,11.175,c5g1,,-280,4
1,0,10,v3_engine,P31,endgame,5,29.112,c5g1,,-280,5
1,0,10,v3_engine,P31,endgame,6,60.694,c5g1,,-280,6
1,0,10,v3_engine,P32,endgame,4,3.998,f2e3,,156,4
1,0,10,v3_engine,P32,endgame,5,10.606,f2e3,,156,5
1,0,10,v3_engine,P32,endgame,6,24.648,f2e3,,156,6
1,0,10,v3_engine,P33,endgame,4,5.843,b4a4,,-113,4
1,0,10,v3_engine,P33,endgame,5,16.138,b4a4,,-113,5
1,0,10,v3_engine,P33,endgame,6,85.201,b4a4,,-113,6
1,0,10,v3_engine,P34,endgame,4,1.363,a5a6,,341,4
1,0,10,v3_engine,P34,endgame,5,4.670,a5a7,,341,5
1,0,10,v3_engine,P34,endgame,6,11.333,a5a6,,341,6
1,0,10,v3_engine,P35,endgame,4,7.437,f2g1,,36,4
1,0,10,v3_engine,P35,endgame,5,24.718,f2g1,,36,5
1,0,10,v3_engine,P35,endgame,6,56.215,f2g1,,36,6
1,0,10,v3_engine,P36,endgame,4,5.443,g1f2,,-23,4
1,0,10,v3_engine,P36,endgame,5,16.223,g1f2,,-23,5
1,0,10,v3_engine,P36,endgame,6,36.981,g1f2,,-23,6
1,0,10,v3_engine,P37,endgame,4,8.814,g3g7,,23,4
1,0,10,v3_engine,P37,endgame,5,23.792,g3g7,,23,5
1,0,10,v3_engine,P37,endgame,6,62.334,g8g7,,23,6
1,0,10,v3_engine,P38,endgame,4,2.403,a4b5,,-15,4
1,0,10,v3_engine,P38,endgame,5,9.491,a4b5,,-15,5
1,0,10,v3_engine,P38,endgame,6,36.537,a4b5,,-15,6
1,0,10,v3_engine,P39,endgame,4,4.693,d2g2,,-37,4
1,0,10,v3_engine,P39,endgame,5,15.528,d2g2,,-37,5
1,0,10,v3_engine,P39,endgame,6,67.351,d2a2,,-37,6
1,0,10,v3_engine,P40,endgame,4,7.068,e3e8,,99,4
1,0,10,v3_engine,P40,endgame,5,24.937,e3e8,,99,5
1,0,10,v3_engine,P40,endgame,6,64.528,a4a5,,99,6
1,0,11,v2_tablebase,P01,opening,4,77.796,a7a5,,-53,4
1,0,11,v2_tablebase,P01,opening,5,294.877,b8c6,,-53,5
1,0,11,v2_tablebase,P01,opening,6,1447.452,b8c6,,-53,6
1,0,11,v2_tablebase,P02,opening,4,170.030,e8g8,,20,4
1,0,11,v2_tablebase,P02,opening,5,1048.160,e8g8,,20,5
1,0,11,v2_tablebase,P02,opening,6,3924.150,c5b4,,20,6
1,0,11,v2_tablebase,P03,opening,4,85.629,a7a5,,27,4
1,0,11,v2_tablebase,P03,opening,5,370.663,c8e6,,27,5
1,0,11,v2_tablebase,P03,opening,6,1522.291,c8e6,,27,6
1,0,11,v2_tablebase,P04,opening,4,87.414,d4e5,,18,4
1,0,11,v2_tablebase,P04,opening,5,310.382,d4e5,,18,5
1,0,11,v2_tablebase,P04,opening,6,1396.426,d4e5,,18,6
1,0,11,v2_tablebase,P05,opening,4,172.682,e1g1,,-11,4
1,0,11,v2_tablebase,P05,opening,5,783.918,e1g1,,-11,5
1,0,11,v2_tablebase,P05,opening,6,2773.288,e1g1,,-11,6
1,0,11,v2_tablebase,P06,opening,4,62.930,f1c4,,-19,4
1,0,11,v2_tablebase,P06,opening,5,311.648,f1c4,,-19,5
1,0,11,v2_tablebase,P06,opening,6,1080.445,f1c4,,-19,6
1,0,11,v2_tablebase,P07,opening,4,59.581,g8f6,,-26,4
1,0,11,v2_tablebase,P07,opening,5,340.073,g8f6,,-26,5
1,0,11,v2_tablebase,P07,opening,6,1154.419,g8f6,,-26,6
1,0,11,v2_tablebase,P08,opening,4,54.629,g8f6,,19,4
1,0,11,v2_tablebase,P08,opening,5,217.908,g8f6,,19,5
1,0,11,v2_tablebase,P08,opening,6,1713.991,b8c6,,19,6
1,0,11,v2_tablebase,P09,opening,4,88.182,e3e4,,158,4
1,0,11,v2_tablebase,P09,opening,5,510.002,d3c2,,158,5
1,0,11,v2_tablebase,P09,opening,6,1862.364,d3c2,,158,6
1,0,11,v2_tablebase,P10,opening,4,50.732,g8f6,,13,4
1,0,11,v2_tablebase,P10,opening,5,251.126,e7e5,,13,5
1,0,11,v2_tablebase,P10,opening,6,1001.736,d6d5,,13,6
1,0,11,v2_tablebase,P11,opening,4,45.555,f1d3,,-55,4
1,0,11,v2_tablebase,P11,opening,5,187.960,e4e5,,-55,5
1,0,11,v2_tablebase,P11,opening,6,886.656,e4e5,,-55,6
1,0,11,v2_tablebase,P12,opening,4,77.844,c8d7,,-14,4
1,0,11,v2_tablebase,P12,opening,5,254.449,c8d7,,-14,5
1,0,11,v2_tablebase,P12,opening,6,686.013,c8d7,,-14,6
1,0,11,v2_tablebase,P13,opening,4,18.644,b8c6,,-1,4
1,0,11,v2_tablebase,P13,opening,5,101.686,e7e6,,-1,5
1,0,11,v2_tablebase,P13,opening,6,409.126,e7e6,,-1,6
1,0,11,v2_tablebase,P14,opening,4,32.454,c6d4,,-37,4
1,0,11,v2_tablebase,P14,opening,5,161.476,c6d4,,-37,5
1,0,11,v2_tablebase,P14,opening,6,870.331,c6d4,,-37,6
1,0,11,v2_tablebase,P15,middlegame,4,89.277,h4g3,,76,4
1,0,11,v2_tablebase,P15,middlegame,5,456.213,h4g3,,76,5
1,0,11,v2_tablebase,P15,middlegame,6,2258.629,h4g3,,76,6
1,0,11,v2_tablebase,P16,middlegame,4,113.767,a6a5,,-97,4
1,0,11,v2_tablebase,P16,middlegame,5,517.477,a6a5,,-97,5
1,0,11,v2_tablebase,P16,middlegame,6,2808.701,c8b7,,-97,6
1,0,11,v2_tablebase,P17,middlegame,4,187.850,c6b4,,-124,4
1,0,11,v2_tablebase,P17,middlegame,5,1020.037,e7g6,,-124,5
1,0,11,v2_tablebase,P17,middlegame,6,4975.071,c6b4,,-124,6
1,0,11,v2_tablebase,P18,middlegame,4,92.299,c1e3,,117,4
1,0,11,v2_tablebase,P18,middlegame,5,376.030,c1e3,,117,5
1,0,11,v2_tablebase,P18,middlegame,6,1659.593,c1e3,,117,6
1,0,11,v2_tablebase,P19,middlegame,4,3.418,c4d5,,-197,4
1,0,11,v2_tablebase,P19,middlegame,5,14.220,c4d5,,-197,5
1,0,11,v2_tablebase,P19,middlegame,6,35.897,c4d5,,-197,6
1,0,11,v2_tablebase,P20,middlegame,4,89.409,h7h6,,40,4
1,0,11,v2_tablebase,P20,middlegame,5,467.424,h7h6,,40,5
1,0,11,v2_tablebase,P20,middlegame,6,1956.722,h7h6,,40,6
1,0,11,v2_tablebase,P21,middlegame,4,101.698,e7d5,,-46,4
1,0,11,v2_tablebase,P21,middlegame,5,371.779,e7d5,,-46,5
1,0,11,v2_tablebase,P21,middlegame,6,2046.908,e7d5,,-46,6
1,0,11,v2_tablebase,P22,middlegame,4,91.423,g1h1,,69,4
1,0,11,v2_tablebase,P22,middlegame,5,300.731,g1h1,,69,5
1,0,11,v2_tablebase,P22,middlegame,6,1444.641,g1h1,,69,6
1,0,11,v2_tablebase,P23,middlegame,4,147.533,f8e8,,33,4
1,0,11,v2_tablebase,P23,middlegame,5,662.267,f8e8,,33,5
1,0,11,v2_tablebase,P23,middlegame,6,3545.985,e7f6,,33,6
1,0,11,v2_tablebase,P24,middlegame,4,159.030,b5c6,,156,4
1,0,11,v2_tablebase,P24,middlegame,5,1161.054,b5c6,,156,5
1,0,11,v2_tablebase,P24,middlegame,6,4596.926,f4e3,,156,6
1,0,11,v2_tablebase,P25,middlegame,4,199.642,d7f6,,-100,4
1,0,11,v2_tablebase,P25,middlegame,5,975.057,d7b6,,-100,5
1,0,11,v2_tablebase,P25,middlegame,6,4766.207,d7b6,,-100,6
1,0,11,v2_tablebase,P26,middlegame,4,73.024,g8g7,,-298,4
1,0,11,v2_tablebase,P26,middlegame,5,479.245,g8g7,,-298,5
1,0,11,v2_tablebase,P26,middlegame,6,2347.224,g8g7,,-298,6
1,0,11,v2_tablebase,P27,middlegame,4,38.884,b4c6,,-98,4
1,0,11,v2_tablebase,P27,middlegame,5,148.655,b4c6,,-98,5
1,0,11,v2_tablebase,P27,middlegame,6,674.022,b4c6,,-98,6
1,0,11,v2_tablebase,P28,middlegame,4,133.827,c3d3,,-86,4
1,0,11,v2_tablebase,P28,middlegame,5,431.462,c3d3,,-86,5
1,0,11,v2_tablebase,P28,middlegame,6,1272.956,c3d3,,-86,6
1,0,11,v2_tablebase,P29,middlegame,4,80.091,d8e8,,-52,4
1,0,11,v2_tablebase,P29,middlegame,5,471.253,d8e8,,-52,5
1,0,11,v2_tablebase,P29,middlegame,6,1725.740,c8b8,,-52,6
1,0,11,v2_tablebase,P30,middlegame,4,164.918,f5f4,,-100,4
1,0,11,v2_tablebase,P30,middlegame,5,847.511,f5f4,,-100,5
1,0,11,v2_tablebase,P30,middlegame,6,3245.220,f5f4,,-100,6
1,0,11,v2_tablebase,P31,endgame,4,51.140,c5g1,,-280,4
1,0,11,v2_tablebase,P31,endgame,5,130.465,c5g1,,-280,5
1,0,11,v2_tablebase,P31,endgame,6,254.267,c5g1,,-280,6
1,0,11,v2_tablebase,P32,endgame,4,13.524,f2e3,,156,4
1,0,11,v2_tablebase,P32,endgame,5,36.814,f2e3,,156,5
1,0,11,v2_tablebase,P32,endgame,6,91.972,f2e3,,156,6
1,0,11,v2_tablebase,P33,endgame,4,27.318,b4a4,,-113,4
1,0,11,v2_tablebase,P33,endgame,5,66.122,b4a4,,-113,5
1,0,11,v2_tablebase,P33,endgame,6,408.090,b4a4,,-113,6
1,0,11,v2_tablebase,P34,endgame,4,3.710,a5a6,,341,4
1,0,11,v2_tablebase,P34,endgame,5,14.254,a5a7,,341,5
1,0,11,v2_tablebase,P34,endgame,6,35.597,a5a6,,341,6
1,0,11,v2_tablebase,P35,endgame,4,42.106,f2g1,,36,4
1,0,11,v2_tablebase,P35,endgame,5,146.904,f2g1,,36,5
1,0,11,v2_tablebase,P35,endgame,6,363.397,f2g1,,36,6
1,0,11,v2_tablebase,P36,endgame,4,24.682,g1f2,,-23,4
1,0,11,v2_tablebase,P36,endgame,5,69.950,g1f2,,-23,5
1,0,11,v2_tablebase,P36,endgame,6,180.115,g1f2,,-23,6
1,0,11,v2_tablebase,P37,endgame,4,43.894,g3g7,,23,4
1,0,11,v2_tablebase,P37,endgame,5,116.933,g3g7,,23,5
1,0,11,v2_tablebase,P37,endgame,6,307.516,g8g7,,23,6
1,0,11,v2_tablebase,P38,endgame,4,8.995,a4b5,,-15,4
1,0,11,v2_tablebase,P38,endgame,5,37.325,a4b5,,-15,5
1,0,11,v2_tablebase,P38,endgame,6,137.573,a4b5,,-15,6
1,0,11,v2_tablebase,P39,endgame,4,18.545,d2g2,,-37,4
1,0,11,v2_tablebase,P39,endgame,5,63.986,d2g2,,-37,5
1,0,11,v2_tablebase,P39,endgame,6,284.095,d2a2,,-37,6
1,0,11,v2_tablebase,P40,endgame,4,32.551,e3e8,,99,4
1,0,11,v2_tablebase,P40,endgame,5,120.312,e3e8,,99,5
1,0,11,v2_tablebase,P40,endgame,6,293.535,a4a5,,99,6
1,0,12,v1_baseline,P01,opening,4,87.461,a7a5,,-53,4
1,0,12,v1_baseline,P01,opening,5,385.202,b8c6,,-53,5
1,0,12,v1_baseline,P01,opening,6,1809.509,b8c6,,-53,6
1,0,12,v1_baseline,P02,opening,4,225.230,e8g8,,20,4
1,0,12,v1_baseline,P02,opening,5,1219.535,e8g8,,20,5
1,0,12,v1_baseline,P02,opening,6,5521.324,c5b4,,20,6
1,0,12,v1_baseline,P03,opening,4,90.995,a7a5,,27,4
1,0,12,v1_baseline,P03,opening,5,374.906,c8e6,,27,5
1,0,12,v1_baseline,P03,opening,6,2076.264,c8e6,,27,6
1,0,12,v1_baseline,P04,opening,4,120.667,d4e5,,18,4
1,0,12,v1_baseline,P04,opening,5,401.348,d4e5,,18,5
1,0,12,v1_baseline,P04,opening,6,1735.041,d4e5,,18,6
1,0,12,v1_baseline,P05,opening,4,148.502,e1g1,,-11,4
1,0,12,v1_baseline,P05,opening,5,810.222,e1g1,,-11,5
1,0,12,v1_baseline,P05,opening,6,3362.659,e1g1,,-11,6
1,0,12,v1_baseline,P06,opening,4,86.363,f1c4,,-19,4
1,0,12,v1_baseline,P06,opening,5,474.912,f1c4,,-19,5
1,0,12,v1_baseline,P06,opening,6,1627.606,f1c4,,-19,6
1,0,12,v1_baseline,P07,opening,4,57.604,g8f6,,-26,4
1,0,12,v1_baseline,P07,opening,5,276.318,g8f6,,-26,5
1,0,12,v1_baseline,P07,opening,6,1314.600,g8f6,,-26,6
1,0,12,v1_baseline,P08,opening,4,90.607,g8f6,,19,4
1,0,12,v1_baseline,P08,opening,5,457.380,g8f6,,19,5
1,0,12,v1_baseline,P08,opening,6,2525.253,b8c6,,19,6
1,0,12,v1_baseline,P09,opening,4,115.355,e3e4,,158,4
1,0,12,v1_baseline,P09,opening,5,732.553,d3c2,,158,5
1,0,12,v1_baseline,P09,opening,6,3138.010,d3c2,,158,6
1,0,12,v1_baseline,P10,opening,4,66.414,g8f6,,13,4
1,0,12,v1_baseline,P10,opening,5,296.481,e7e5,,13,5
1,0,12,v1_baseline,P10,opening,6,1184.645,d6d5,,13,6
1,0,12,v1_baseline,P11,opening,4,56.359,f1d3,,-55,4
1,0,12,v1_baseline,P11,opening,5,250.070,e4e5,,-55,5
1,0,12,v1_baseline,P11,opening,6,1063.718,e4e5,,-55,6
1,0,12,v1_baseline,P12,opening,4,113.515,c8d7,,-14,4
1,0,12,v1_baseline,P12,opening,5,313.912,c8d7,,-14,5
1,0,12,v1_baseline,P12,opening,6,1298.275,c8d7,,-14,6
1,0,12,v1_baseline,P13,opening,4,13.677,b8c6,,-1,4
1,0,12,v1_baseline,P13,opening,5,104.194,e7e6,,-1,5
1,0,12,v1_baseline,P13,opening,6,502.206,e7e6,,-1,6
1,0,12,v1_baseline,P14,opening,4,40.017,c6d4,,-37,4
1,0,12,v1_baseline,P14,opening,5,194.022,c6d4,,-37,5
1,0,12,v1_baseline,P14,opening,6,1033.573,c6d4,,-37,6
1,0,12,v1_baseline,P15,middlegame,4,96.129,h4g3,,76,4
1,0,12,v1_baseline,P15,middlegame,5,554.512,h4g3,,76,5
1,0,12,v1_baseline,P15,middlegame,6,2471.395,h4g3,,76,6
1,0,12,v1_baseline,P16,middlegame,4,182.026,a6a5,,-97,4
1,0,12,v1_baseline,P16,middlegame,5,648.732,a6a5,,-97,5
1,0,12,v1_baseline,P16,middlegame,6,3911.196,c8b7,,-97,6
1,0,12,v1_baseline,P17,middlegame,4,257.229,c6b4,,-124,4
1,0,12,v1_baseline,P17,middlegame,5,1208.175,e7g6,,-124,5
1,0,12,v1_baseline,P17,middlegame,6,6196.457,c6b4,,-124,6
1,0,12,v1_baseline,P18,middlegame,4,89.844,c1e3,,117,4
1,0,12,v1_baseline,P18,middlegame,5,449.577,c1e3,,117,5
1,0,12,v1_baseline,P18,middlegame,6,2036.657,c1e3,,117,6
1,0,12,v1_baseline,P19,middlegame,4,3.788,c4d5,,-197,4
1,0,12,v1_baseline,P19,middlegame,5,18.192,c4d5,,-197,5
1,0,12,v1_baseline,P19,middlegame,6,59.770,c4d5,,-197,6
1,0,12,v1_baseline,P20,middlegame,4,135.445,h7h6,,40,4
1,0,12,v1_baseline,P20,middlegame,5,551.396,h7h6,,40,5
1,0,12,v1_baseline,P20,middlegame,6,2214.836,h7h6,,40,6
1,0,12,v1_baseline,P21,middlegame,4,117.200,e7d5,,-46,4
1,0,12,v1_baseline,P21,middlegame,5,423.810,e7d5,,-46,5
1,0,12,v1_baseline,P21,middlegame,6,2376.338,e7d5,,-46,6
1,0,12,v1_baseline,P22,middlegame,4,106.592,g1h1,,69,4
1,0,12,v1_baseline,P22,middlegame,5,336.760,g1h1,,69,5
1,0,12,v1_baseline,P22,middlegame,6,1726.553,g1h1,,69,6
1,0,12,v1_baseline,P23,middlegame,4,168.266,f8e8,,33,4
1,0,12,v1_baseline,P23,middlegame,5,885.856,f8e8,,33,5
1,0,12,v1_baseline,P23,middlegame,6,3835.099,e7f6,,33,6
1,0,12,v1_baseline,P24,middlegame,4,187.490,b5c6,,156,4
1,0,12,v1_baseline,P24,middlegame,5,1470.160,b5c6,,156,5
1,0,12,v1_baseline,P24,middlegame,6,5349.916,f4e3,,156,6
1,0,12,v1_baseline,P25,middlegame,4,309.335,d7f6,,-100,4
1,0,12,v1_baseline,P25,middlegame,5,1318.114,d7b6,,-100,5
1,0,12,v1_baseline,P25,middlegame,6,5567.229,d7b6,,-100,6
1,0,12,v1_baseline,P26,middlegame,4,84.224,g8g7,,-298,4
1,0,12,v1_baseline,P26,middlegame,5,597.228,g8g7,,-298,5
1,0,12,v1_baseline,P26,middlegame,6,2856.877,g8g7,,-298,6
1,0,12,v1_baseline,P27,middlegame,4,42.957,b4c6,,-98,4
1,0,12,v1_baseline,P27,middlegame,5,206.934,b4c6,,-98,5
1,0,12,v1_baseline,P27,middlegame,6,824.163,b4c6,,-98,6
1,0,12,v1_baseline,P28,middlegame,4,107.383,c3d3,,-86,4
1,0,12,v1_baseline,P28,middlegame,5,420.125,c3d3,,-86,5
1,0,12,v1_baseline,P28,middlegame,6,1279.239,c3d3,,-86,6
1,0,12,v1_baseline,P29,middlegame,4,91.335,d8e8,,-52,4
1,0,12,v1_baseline,P29,middlegame,5,469.267,c8b8,,-52,5
1,0,12,v1_baseline,P29,middlegame,6,2376.820,c8b8,,-52,6
1,0,12,v1_baseline,P30,middlegame,4,224.755,f5f4,,-100,4
1,0,12,v1_baseline,P30,middlegame,5,1098.379,f5f4,,-100,5
1,0,12,v1_baseline,P30,middlegame,6,3981.635,f5f4,,-100,6
1,0,12,v1_baseline,P31,endgame,4,59.166,c5g1,,-280,4
1,0,12,v1_baseline,P31,endgame,5,194.578,c5g1,,-280,5
1,0,12,v1_baseline,P31,endgame,6,294.871,c5g1,,-280,6
1,0,12,v1_baseline,P32,endgame,4,16.189,f2e3,,156,4
1,0,12,v1_baseline,P32,endgame,5,41.396,f2e3,,156,5
1,0,12,v1_baseline,P32,endgame,6,103.120,f2e3,,156,6
1,0,12,v1_baseline,P33,endgame,4,41.998,b4a4,,-113,4
1,0,12,v1_baseline,P33,endgame,5,126.268,b4a4,,-113,5
1,0,12,v1_baseline,P33,endgame,6,577.375,b4a4,,-113,6
1,0,12,v1_baseline,P34,endgame,4,4.898,a5a6,,341,4
1,0,12,v1_baseline,P34,endgame,5,16.336,a5a7,,341,5
1,0,12,v1_baseline,P34,endgame,6,51.680,a5a6,,341,6
1,0,12,v1_baseline,P35,endgame,4,49.662,f2g1,,36,4
1,0,12,v1_baseline,P35,endgame,5,153.227,f2g1,,36,5
1,0,12,v1_baseline,P35,endgame,6,535.670,f2g1,,36,6
1,0,12,v1_baseline,P36,endgame,4,29.924,g1f2,,-23,4
1,0,12,v1_baseline,P36,endgame,5,79.405,g1f2,,-23,5
1,0,12,v1_baseline,P36,endgame,6,199.980,g1f2,,-23,6
1,0,12,v1_baseline,P37,endgame,4,34.131,g3g7,,23,4
1,0,12,v1_baseline,P37,endgame,5,90.090,g8g7,,23,5
1,0,12,v1_baseline,P37,endgame,6,298.588,g3g7,,23,6
1,0,12,v1_baseline,P38,endgame,4,10.885,a4b5,,-15,4
1,0,12,v1_baseline,P38,endgame,5,45.115,a4b5,,-15,5
1,0,12,v1_baseline,P38,endgame,6,154.508,a4b5,,-15,6
1,0,12,v1_baseline,P39,endgame,4,29.077,d2g2,,-37,4
1,0,12,v1_baseline,P39,endgame,5,111.151,d2g2,,-37,5
1,0,12,v1_baseline,P39,endgame,6,510.886,d2a2,,-37,6
1,0,12,v1_baseline,P40,endgame,4,34.107,e3e8,,99,4
1,0,12,v1_baseline,P40,endgame,5,123.815,e3e8,,99,5
1,0,12,v1_baseline,P40,endgame,6,321.025,a4a5,,99,6
2,0,0,v1_baseline,P01,opening,4,90.080,a7a5,,-53,4
2,0,0,v1_baseline,P01,opening,5,385.517,b8c6,,-53,5
2,0,0,v1_baseline,P01,opening,6,1791.373,b8c6,,-53,6
2,0,0,v1_baseline,P02,opening,4,231.068,e8g8,,20,4
2,0,0,v1_baseline,P02,opening,5,1212.695,e8g8,,20,5
2,0,0,v1_baseline,P02,opening,6,5423.319,c5b4,,20,6
2,0,0,v1_baseline,P03,opening,4,88.720,a7a5,,27,4
2,0,0,v1_baseline,P03,opening,5,370.851,c8e6,,27,5
2,0,0,v1_baseline,P03,opening,6,2049.277,c8e6,,27,6
2,0,0,v1_baseline,P04,opening,4,119.236,d4e5,,18,4
2,0,0,v1_baseline,P04,opening,5,396.774,d4e5,,18,5
2,0,0,v1_baseline,P04,opening,6,1711.449,d4e5,,18,6
2,0,0,v1_baseline,P05,opening,4,148.252,e1g1,,-11,4
2,0,0,v1_baseline,P05,opening,5,821.144,e1g1,,-11,5
2,0,0,v1_baseline,P05,opening,6,3356.826,e1g1,,-11,6
2,0,0,v1_baseline,P06,opening,4,86.409,f1c4,,-19,4
2,0,0,v1_baseline,P06,opening,5,476.433,f1c4,,-19,5
2,0,0,v1_baseline,P06,opening,6,1669.291,f1c4,,-19,6
2,0,0,v1_baseline,P07,opening,4,57.898,g8f6,,-26,4
2,0,0,v1_baseline,P07,opening,5,278.361,g8f6,,-26,5
2,0,0,v1_baseline,P07,opening,6,1340.111,g8f6,,-26,6
2,0,0,v1_baseline,P08,opening,4,98.079,g8f6,,19,4
2,0,0,v1_baseline,P08,opening,5,517.193,g8f6,,19,5
2,0,0,v1_baseline,P08,opening,6,2550.674,b8c6,,19,6
2,0,0,v1_baseline,P09,opening,4,115.138,e3e4,,158,4
2,0,0,v1_baseline,P09,opening,5,730.694,d3c2,,158,5
2,0,0,v1_baseline,P09,opening,6,3164.374,d3c2,,158,6
2,0,0,v1_baseline,P10,opening,4,66.663,g8f6,,13,4
2,0,0,v1_baseline,P10,opening,5,298.732,e7e5,,13,5
2,0,0,v1_baseline,P10,opening,6,1195.556,d6d5,,13,6
2,0,0,v1_baseline,P11,opening,4,55.917,f1d3,,-55,4
2,0,0,v1_baseline,P11,opening,5,249.616,e4e5,,-55,5
2,0,0,v1_baseline,P11,opening,6,1068.949,e4e5,,-55,6
2,0,0,v1_baseline,P12,opening,4,114.716,c8d7,,-14,4
2,0,0,v1_baseline,P12,opening,5,315.332,c8d7,,-14,5
2,0,0,v1_baseline,P12,opening,6,1313.884,c8d7,,-14,6
2,0,0,v1_baseline,P13,opening,4,13.659,b8c6,,-1,4
2,0,0,v1_baseline,P13,opening,5,103.317,e7e6,,-1,5
2,0,0,v1_baseline,P13,opening,6,501.799,e7e6,,-1,6
2,0,0,v1_baseline,P14,opening,4,40.278,c6d4,,-37,4
2,0,0,v1_baseline,P14,opening,5,196.111,c6d4,,-37,5
2,0,0,v1_baseline,P14,opening,6,1058.645,c6d4,,-37,6
2,0,0,v1_baseline,P15,middlegame,4,97.547,h4g3,,76,4
2,0,0,v1_baseline,P15,middlegame,5,576.084,h4g3,,76,5
2,0,0,v1_baseline,P15,middlegame,6,2503.371,h4g3,,76,6
2,0,0,v1_baseline,P16,middlegame,4,182.941,a6a5,,-97,4
2,0,0,v1_baseline,P16,middlegame,5,641.135,a6a5,,-97,5
2,0,0,v1_baseline,P16,middlegame,6,3966.362,c8b7,,-97,6
2,0,0,v1_baseline,P17,middlegame,4,262.702,c6b4,,-124,4
2,0,0,v1_baseline,P17,middlegame,5,1222.935,e7g6,,-124,5
2,0,0,v1_baseline,P17,middlegame,6,6312.806,c6b4,,-124,6
2,0,0,v1_baseline,P18,middlegame,4,89.661,c1e3,,117,4
2,0,0,v1_baseline,P18,middlegame,5,449.175,c1e3,,117,5
2,0,0,v1_baseline,P18,middlegame,6,2072.126,c1e3,,117,6
2,0,0,v1_baseline,P19,middlegame,4,3.793,c4d5,,-197,4
2,0,0,v1_baseline,P19,middlegame,5,18.008,c4d5,,-197,5
2,0,0,v1_baseline,P19,middlegame,6,59.397,c4d5,,-197,6
2,0,0,v1_baseline,P20,middlegame,4,134.162,h7h6,,40,4
2,0,0,v1_baseline,P20,middlegame,5,548.562,h7h6,,40,5
2,0,0,v1_baseline,P20,middlegame,6,2230.766,h7h6,,40,6
2,0,0,v1_baseline,P21,middlegame,4,116.621,e7d5,,-46,4
2,0,0,v1_baseline,P21,middlegame,5,424.144,e7d5,,-46,5
2,0,0,v1_baseline,P21,middlegame,6,2397.071,e7d5,,-46,6
2,0,0,v1_baseline,P22,middlegame,4,109.352,g1h1,,69,4
2,0,0,v1_baseline,P22,middlegame,5,338.149,g1h1,,69,5
2,0,0,v1_baseline,P22,middlegame,6,1750.058,g1h1,,69,6
2,0,0,v1_baseline,P23,middlegame,4,172.986,f8e8,,33,4
2,0,0,v1_baseline,P23,middlegame,5,905.878,f8e8,,33,5
2,0,0,v1_baseline,P23,middlegame,6,3900.649,e7f6,,33,6
2,0,0,v1_baseline,P24,middlegame,4,187.409,b5c6,,156,4
2,0,0,v1_baseline,P24,middlegame,5,1458.690,b5c6,,156,5
2,0,0,v1_baseline,P24,middlegame,6,5436.304,f4e3,,156,6
2,0,0,v1_baseline,P25,middlegame,4,315.024,d7f6,,-100,4
2,0,0,v1_baseline,P25,middlegame,5,1341.301,d7b6,,-100,5
2,0,0,v1_baseline,P25,middlegame,6,5688.235,d7b6,,-100,6
2,0,0,v1_baseline,P26,middlegame,4,86.610,g8g7,,-298,4
2,0,0,v1_baseline,P26,middlegame,5,598.579,g8g7,,-298,5
2,0,0,v1_baseline,P26,middlegame,6,2902.974,g8g7,,-298,6
2,0,0,v1_baseline,P27,middlegame,4,43.294,b4c6,,-98,4
2,0,0,v1_baseline,P27,middlegame,5,207.981,b4c6,,-98,5
2,0,0,v1_baseline,P27,middlegame,6,823.545,b4c6,,-98,6
2,0,0,v1_baseline,P28,middlegame,4,106.822,c3d3,,-86,4
2,0,0,v1_baseline,P28,middlegame,5,421.783,c3d3,,-86,5
2,0,0,v1_baseline,P28,middlegame,6,1283.564,c3d3,,-86,6
2,0,0,v1_baseline,P29,middlegame,4,90.872,d8e8,,-52,4
2,0,0,v1_baseline,P29,middlegame,5,465.327,c8b8,,-52,5
2,0,0,v1_baseline,P29,middlegame,6,2370.951,c8b8,,-52,6
2,0,0,v1_baseline,P30,middlegame,4,225.010,f5f4,,-100,4
2,0,0,v1_baseline,P30,middlegame,5,1114.824,f5f4,,-100,5
2,0,0,v1_baseline,P30,middlegame,6,4033.154,f5f4,,-100,6
2,0,0,v1_baseline,P31,endgame,4,59.429,c5g1,,-280,4
2,0,0,v1_baseline,P31,endgame,5,195.434,c5g1,,-280,5
2,0,0,v1_baseline,P31,endgame,6,293.454,c5g1,,-280,6
2,0,0,v1_baseline,P32,endgame,4,16.196,f2e3,,156,4
2,0,0,v1_baseline,P32,endgame,5,41.140,f2e3,,156,5
2,0,0,v1_baseline,P32,endgame,6,103.168,f2e3,,156,6
2,0,0,v1_baseline,P33,endgame,4,41.933,b4a4,,-113,4
2,0,0,v1_baseline,P33,endgame,5,126.499,b4a4,,-113,5
2,0,0,v1_baseline,P33,endgame,6,583.178,b4a4,,-113,6
2,0,0,v1_baseline,P34,endgame,4,4.866,a5a6,,341,4
2,0,0,v1_baseline,P34,endgame,5,16.219,a5a7,,341,5
2,0,0,v1_baseline,P34,endgame,6,51.591,a5a6,,341,6
2,0,0,v1_baseline,P35,endgame,4,49.364,f2g1,,36,4
2,0,0,v1_baseline,P35,endgame,5,153.114,f2g1,,36,5
2,0,0,v1_baseline,P35,endgame,6,536.180,f2g1,,36,6
2,0,0,v1_baseline,P36,endgame,4,29.975,g1f2,,-23,4
2,0,0,v1_baseline,P36,endgame,5,82.696,g1f2,,-23,5
2,0,0,v1_baseline,P36,endgame,6,204.020,g1f2,,-23,6
2,0,0,v1_baseline,P37,endgame,4,33.452,g3g7,,23,4
2,0,0,v1_baseline,P37,endgame,5,92.136,g8g7,,23,5
2,0,0,v1_baseline,P37,endgame,6,303.880,g3g7,,23,6
2,0,0,v1_baseline,P38,endgame,4,10.697,a4b5,,-15,4
2,0,0,v1_baseline,P38,endgame,5,45.254,a4b5,,-15,5
2,0,0,v1_baseline,P38,endgame,6,154.212,a4b5,,-15,6
2,0,0,v1_baseline,P39,endgame,4,29.057,d2g2,,-37,4
2,0,0,v1_baseline,P39,endgame,5,110.904,d2g2,,-37,5
2,0,0,v1_baseline,P39,endgame,6,506.478,d2a2,,-37,6
2,0,0,v1_baseline,P40,endgame,4,33.865,e3e8,,99,4
2,0,0,v1_baseline,P40,endgame,5,123.371,e3e8,,99,5
2,0,0,v1_baseline,P40,endgame,6,322.707,a4a5,,99,6
2,0,1,v2_tablebase,P01,opening,4,83.675,a7a5,,-53,4
2,0,1,v2_tablebase,P01,opening,5,292.402,b8c6,,-53,5
2,0,1,v2_tablebase,P01,opening,6,1443.496,b8c6,,-53,6
2,0,1,v2_tablebase,P02,opening,4,169.788,e8g8,,20,4
2,0,1,v2_tablebase,P02,opening,5,1042.620,e8g8,,20,5
2,0,1,v2_tablebase,P02,opening,6,3900.557,c5b4,,20,6
2,0,1,v2_tablebase,P03,opening,4,84.722,a7a5,,27,4
2,0,1,v2_tablebase,P03,opening,5,371.983,c8e6,,27,5
2,0,1,v2_tablebase,P03,opening,6,1519.060,c8e6,,27,6
2,0,1,v2_tablebase,P04,opening,4,86.051,d4e5,,18,4
2,0,1,v2_tablebase,P04,opening,5,309.618,d4e5,,18,5
2,0,1,v2_tablebase,P04,opening,6,1391.625,d4e5,,18,6
2,0,1,v2_tablebase,P05,opening,4,172.166,e1g1,,-11,4
2,0,1,v2_tablebase,P05,opening,5,781.712,e1g1,,-11,5
2,0,1,v2_tablebase,P05,opening,6,2769.366,e1g1,,-11,6
2,0,1,v2_tablebase,P06,opening,4,62.098,f1c4,,-19,4
2,0,1,v2_tablebase,P06,opening,5,308.535,f1c4,,-19,5
2,0,1,v2_tablebase,P06,opening,6,1075.405,f1c4,,-19,6
2,0,1,v2_tablebase,P07,opening,4,58.881,g8f6,,-26,4
2,0,1,v2_tablebase,P07,opening,5,338.157,g8f6,,-26,5
2,0,1,v2_tablebase,P07,opening,6,1145.599,g8f6,,-26,6
2,0,1,v2_tablebase,P08,opening,4,53.953,g8f6,,19,4
2,0,1,v2_tablebase,P08,opening,5,214.755,g8f6,,19,5
2,0,1,v2_tablebase,P08,opening,6,1721.227,b8c6,,19,6
2,0,1,v2_tablebase,P09,opening,4,87.722,e3e4,,158,4
2,0,1,v2_tablebase,P09,opening,5,506.570,d3c2,,158,5
2,0,1,v2_tablebase,P09,opening,6,1856.161,d3c2,,158,6
2,0,1,v2_tablebase,P10,opening,4,50.471,g8f6,,13,4
2,0,1,v2_tablebase,P10,opening,5,252.772,e7e5,,13,5
2,0,1,v2_tablebase,P10,opening,6,1000.453,d6d5,,13,6
2,0,1,v2_tablebase,P11,opening,4,45.301,f1d3,,-55,4
2,0,1,v2_tablebase,P11,opening,5,185.335,e4e5,,-55,5
2,0,1,v2_tablebase,P11,opening,6,879.337,e4e5,,-55,6
2,0,1,v2_tablebase,P12,opening,4,77.137,c8d7,,-14,4
2,0,1,v2_tablebase,P12,opening,5,248.296,c8d7,,-14,5
2,0,1,v2_tablebase,P12,opening,6,689.114,c8d7,,-14,6
2,0,1,v2_tablebase,P13,opening,4,18.580,b8c6,,-1,4
2,0,1,v2_tablebase,P13,opening,5,101.926,e7e6,,-1,5
2,0,1,v2_tablebase,P13,opening,6,405.538,e7e6,,-1,6
2,0,1,v2_tablebase,P14,opening,4,32.488,c6d4,,-37,4
2,0,1,v2_tablebase,P14,opening,5,158.916,c6d4,,-37,5
2,0,1,v2_tablebase,P14,opening,6,867.142,c6d4,,-37,6
2,0,1,v2_tablebase,P15,middlegame,4,88.095,h4g3,,76,4
2,0,1,v2_tablebase,P15,middlegame,5,450.570,h4g3,,76,5
2,0,1,v2_tablebase,P15,middlegame,6,2257.646,h4g3,,76,6
2,0,1,v2_tablebase,P16,middlegame,4,112.268,a6a5,,-97,4
2,0,1,v2_tablebase,P16,middlegame,5,510.547,a6a5,,-97,5
2,0,1,v2_tablebase,P16,middlegame,6,2814.976,c8b7,,-97,6
2,0,1,v2_tablebase,P17,middlegame,4,185.903,c6b4,,-124,4
2,0,1,v2_tablebase,P17,middlegame,5,1010.112,e7g6,,-124,5
2,0,1,v2_tablebase,P17,middlegame,6,4990.527,c6b4,,-124,6
2,0,1,v2_tablebase,P18,middlegame,4,92.062,c1e3,,117,4
2,0,1,v2_tablebase,P18,middlegame,5,373.999,c1e3,,117,5
2,0,1,v2_tablebase,P18,middlegame,6,1650.462,c1e3,,117,6
2,0,1,v2_tablebase,P19,middlegame,4,3.374,c4d5,,-197,4
2,0,1,v2_tablebase,P19,middlegame,5,14.108,c4d5,,-197,5
2,0,1,v2_tablebase,P19,middlegame,6,35.663,c4d5,,-197,6
2,0,1,v2_tablebase,P20,middlegame,4,88.573,h7h6,,40,4
2,0,1,v2_tablebase,P20,middlegame,5,462.932,h7h6,,40,5
2,0,1,v2_tablebase,P20,middlegame,6,1942.183,h7h6,,40,6
2,0,1,v2_tablebase,P21,middlegame,4,100.803,e7d5,,-46,4
2,0,1,v2_tablebase,P21,middlegame,5,372.742,e7d5,,-46,5
2,0,1,v2_tablebase,P21,middlegame,6,2043.613,e7d5,,-46,6
2,0,1,v2_tablebase,P22,middlegame,4,91.070,g1h1,,69,4
2,0,1,v2_tablebase,P22,middlegame,5,297.951,g1h1,,69,5
2,0,1,v2_tablebase,P22,middlegame,6,1442.623,g1h1,,69,6
2,0,1,v2_tablebase,P23,middlegame,4,145.458,f8e8,,33,4
2,0,1,v2_tablebase,P23,middlegame,5,658.159,f8e8,,33,5
2,0,1,v2_tablebase,P23,middlegame,6,3559.941,e7f6,,33,6
2,0,1,v2_tablebase,P24,middlegame,4,156.445,b5c6,,156,4
2,0,1,v2_tablebase,P24,middlegame,5,1153.941,b5c6,,156,5
2,0,1,v2_tablebase,P24,middlegame,6,4601.904,f4e3,,156,6
2,0,1,v2_tablebase,P25,middlegame,4,198.614,d7f6,,-100,4
2,0,1,v2_tablebase,P25,middlegame,5,969.278,d7b6,,-100,5
2,0,1,v2_tablebase,P25,middlegame,6,4818.321,d7b6,,-100,6
2,0,1,v2_tablebase,P26,middlegame,4,72.944,g8g7,,-298,4
2,0,1,v2_tablebase,P26,middlegame,5,482.041,g8g7,,-298,5
2,0,1,v2_tablebase,P26,middlegame,6,2368.500,g8g7,,-298,6
2,0,1,v2_tablebase,P27,middlegame,4,39.054,b4c6,,-98,4
2,0,1,v2_tablebase,P27,middlegame,5,149.354,b4c6,,-98,5
2,0,1,v2_tablebase,P27,middlegame,6,675.290,b4c6,,-98,6
2,0,1,v2_tablebase,P28,middlegame,4,132.255,c3d3,,-86,4
2,0,1,v2_tablebase,P28,middlegame,5,428.597,c3d3,,-86,5
2,0,1,v2_tablebase,P28,middlegame,6,1275.182,c3d3,,-86,6
2,0,1,v2_tablebase,P29,middlegame,4,78.890,d8e8,,-52,4
2,0,1,v2_tablebase,P29,middlegame,5,464.649,d8e8,,-52,5
2,0,1,v2_tablebase,P29,middlegame,6,1730.627,c8b8,,-52,6
2,0,1,v2_tablebase,P30,middlegame,4,163.200,f5f4,,-100,4
2,0,1,v2_tablebase,P30,middlegame,5,844.853,f5f4,,-100,5
2,0,1,v2_tablebase,P30,middlegame,6,3239.126,f5f4,,-100,6
2,0,1,v2_tablebase,P31,endgame,4,50.667,c5g1,,-280,4
2,0,1,v2_tablebase,P31,endgame,5,129.187,c5g1,,-280,5
2,0,1,v2_tablebase,P31,endgame,6,252.720,c5g1,,-280,6
2,0,1,v2_tablebase,P32,endgame,4,13.512,f2e3,,156,4
2,0,1,v2_tablebase,P32,endgame,5,36.554,f2e3,,156,5
2,0,1,v2_tablebase,P32,endgame,6,91.216,f2e3,,156,6
2,0,1,v2_tablebase,P33,endgame,4,26.937,b4a4,,-113,4
2,0,1,v2_tablebase,P33,endgame,5,65.739,b4a4,,-113,5
2,0,1,v2_tablebase,P33,endgame,6,405.429,b4a4,,-113,6
2,0,1,v2_tablebase,P34,endgame,4,3.637,a5a6,,341,4
2,0,1,v2_tablebase,P34,endgame,5,14.201,a5a7,,341,5
2,0,1,v2_tablebase,P34,endgame,6,35.184,a5a6,,341,6
2,0,1,v2_tablebase,P35,endgame,4,41.374,f2g1,,36,4
2,0,1,v2_tablebase,P35,endgame,5,145.873,f2g1,,36,5
2,0,1,v2_tablebase,P35,endgame,6,366.133,f2g1,,36,6
2,0,1,v2_tablebase,P36,endgame,4,24.431,g1f2,,-23,4
2,0,1,v2_tablebase,P36,endgame,5,70.392,g1f2,,-23,5
2,0,1,v2_tablebase,P36,endgame,6,181.081,g1f2,,-23,6
2,0,1,v2_tablebase,P37,endgame,4,43.948,g3g7,,23,4
2,0,1,v2_tablebase,P37,endgame,5,116.827,g3g7,,23,5
2,0,1,v2_tablebase,P37,endgame,6,308.294,g8g7,,23,6
2,0,1,v2_tablebase,P38,endgame,4,8.897,a4b5,,-15,4
2,0,1,v2_tablebase,P38,endgame,5,37.272,a4b5,,-15,5
2,0,1,v2_tablebase,P38,endgame,6,138.149,a4b5,,-15,6
2,0,1,v2_tablebase,P39,endgame,4,18.610,d2g2,,-37,4
2,0,1,v2_tablebase,P39,endgame,5,63.868,d2g2,,-37,5
2,0,1,v2_tablebase,P39,endgame,6,287.534,d2a2,,-37,6
2,0,1,v2_tablebase,P40,endgame,4,31.755,e3e8,,99,4
2,0,1,v2_tablebase,P40,endgame,5,111.438,e3e8,,99,5
2,0,1,v2_tablebase,P40,endgame,6,289.320,a4a5,,99,6
2,0,2,v3_engine,P01,opening,4,18.181,a7a5,,-53,4
2,0,2,v3_engine,P01,opening,5,65.569,b8c6,,-53,5
2,0,2,v3_engine,P01,opening,6,309.292,b8c6,,-53,6
2,0,2,v3_engine,P02,opening,4,24.419,e8g8,,20,4
2,0,2,v3_engine,P02,opening,5,146.308,e8g8,,20,5
2,0,2,v3_engine,P02,opening,6,643.337,c5b4,,20,6
2,0,2,v3_engine,P03,opening,4,16.689,a7a5,,27,4
2,0,2,v3_engine,P03,opening,5,72.564,c8e6,,27,5
2,0,2,v3_engine,P03,opening,6,298.775,c8e6,,27,6
2,0,2,v3_engine,P04,opening,4,14.890,d4e5,,18,4
2,0,2,v3_engine,P04,opening,5,59.259,d4e5,,18,5
2,0,2,v3_engine,P04,opening,6,250.340,d4e5,,18,6
2,0,2,v3_engine,P05,opening,4,21.710,e1g1,,-11,4
2,0,2,v3_engine,P05,opening,5,119.611,e1g1,,-11,5
2,0,2,v3_engine,P05,opening,6,417.451,e1g1,,-11,6
2,0,2,v3_engine,P06,opening,4,13.098,f1c4,,-19,4
2,0,2,v3_engine,P06,opening,5,73.330,f1c4,,-19,5
2,0,2,v3_engine,P06,opening,6,215.106,f1c4,,-19,6
2,0,2,v3_engine,P07,opening,4,14.146,g8f6,,-26,4
2,0,2,v3_engine,P07,opening,5,74.472,g8f6,,-26,5
2,0,2,v3_engine,P07,opening,6,260.682,g8f6,,-26,6
2,0,2,v3_engine,P08,opening,4,8.655,g8f6,,19,4
2,0,2,v3_engine,P08,opening,5,41.860,g8f6,,19,5
2,0,2,v3_engine,P08,opening,6,295.206,b8c6,,19,6
2,0,2,v3_engine,P09,opening,4,17.047,e3e4,,158,4
2,0,2,v3_engine,P09,opening,5,103.968,d3c2,,158,5
2,0,2,v3_engine,P09,opening,6,356.247,d3c2,,158,6
2,0,2,v3_engine,P10,opening,4,9.639,g8f6,,13,4
2,0,2,v3_engine,P10,opening,5,50.729,e7e5,,13,5
2,0,2,v3_engine,P10,opening,6,210.516,d6d5,,13,6
2,0,2,v3_engine,P11,opening,4,10.390,f1d3,,-55,4
2,0,2,v3_engine,P11,opening,5,43.559,e4e5,,-55,5
2,0,2,v3_engine,P11,opening,6,200.672,e4e5,,-55,6
2,0,2,v3_engine,P12,opening,4,15.763,c8d7,,-14,4
2,0,2,v3_engine,P12,opening,5,48.242,c8d7,,-14,5
2,0,2,v3_engine,P12,opening,6,136.686,c8d7,,-14,6
2,0,2,v3_engine,P13,opening,4,4.526,b8c6,,-1,4
2,0,2,v3_engine,P13,opening,5,26.102,e7e6,,-1,5
2,0,2,v3_engine,P13,opening,6,96.952,e7e6,,-1,6
2,0,2,v3_engine,P14,opening,4,7.801,c6d4,,-37,4
2,0,2,v3_engine,P14,opening,5,36.139,c6d4,,-37,5
2,0,2,v3_engine,P14,opening,6,162.909,c6d4,,-37,6
2,0,2,v3_engine,P15,middlegame,4,13.362,h4g3,,76,4
2,0,2,v3_engine,P15,middlegame,5,78.062,h4g3,,76,5
2,0,2,v3_engine,P15,middlegame,6,312.194,h4g3,,76,6
2,0,2,v3_engine,P16,middlegame,4,19.903,a6a5,,-97,4
2,0,2,v3_engine,P16,middlegame,5,93.679,a6a5,,-97,5
2,0,2,v3_engine,P16,middlegame,6,518.140,c8b7,,-97,6
2,0,2,v3_engine,P17,middlegame,4,26.906,c6b4,,-124,4
2,0,2,v3_engine,P17,middlegame,5,160.331,e7g6,,-124,5
2,0,2,v3_engine,P17,middlegame,6,780.262,c6b4,,-124,6
2,0,2,v3_engine,P18,middlegame,4,16.640,c1e3,,117,4
2,0,2,v3_engine,P18,middlegame,5,82.941,c1e3,,117,5
2,0,2,v3_engine,P18,middlegame,6,317.711,c1e3,,117,6
2,0,2,v3_engine,P19,middlegame,4,1.149,c4d5,,-197,4
2,0,2,v3_engine,P19,middlegame,5,5.069,c4d5,,-197,5
2,0,2,v3_engine,P19,middlegame,6,12.750,c4d5,,-197,6
2,0,2,v3_engine,P20,middlegame,4,18.632,h7h6,,40,4
2,0,2,v3_engine,P20,middlegame,5,101.270,h7h6,,40,5
2,0,2,v3_engine,P20,middlegame,6,385.990,h7h6,,40,6
2,0,2,v3_engine,P21,middlegame,4,11.334,e7d5,,-46,4
2,0,2,v3_engine,P21,middlegame,5,50.445,e7d5,,-46,5
2,0,2,v3_engine,P21,middlegame,6,248.049,e7d5,,-46,6
2,0,2,v3_engine,P22,middlegame,4,14.069,g1h1,,69,4
2,0,2,v3_engine,P22,middlegame,5,50.294,g1h1,,69,5
2,0,2,v3_engine,P22,middlegame,6,247.906,g1h1,,69,6
2,0,2,v3_engine,P23,middlegame,4,25.219,f8e8,,33,4
2,0,2,v3_engine,P23,middlegame,5,123.017,f8e8,,33,5
2,0,2,v3_engine,P23,middlegame,6,619.875,e7f6,,33,6
2,0,2,v3_engine,P24,middlegame,4,23.475,b5c6,,156,4
2,0,2,v3_engine,P24,middlegame,5,189.798,b5c6,,156,5
2,0,2,v3_engine,P24,middlegame,6,677.167,f4e3,,156,6
2,0,2,v3_engine,P25,middlegame,4,29.088,d7f6,,-100,4
2,0,2,v3_engine,P25,middlegame,5,153.151,d7b6,,-100,5
2,0,2,v3_engine,P25,middlegame,6,774.250,d7b6,,-100,6
2,0,2,v3_engine,P26,middlegame,4,14.139,g8g7,,-298,4
2,0,2,v3_engine,P26,middlegame,5,79.898,g8g7,,-298,5
2,0,2,v3_engine,P26,middlegame,6,410.149,g8g7,,-298,6
2,0,2,v3_engine,P27,middlegame,4,7.284,b4c6,,-98,4
2,0,2,v3_engine,P27,middlegame,5,30.649,b4c6,,-98,5
2,0,2,v3_engine,P27,middlegame,6,123.440,b4c6,,-98,6
2,0,2,v3_engine,P28,middlegame,4,28.180,c3d3,,-86,4
2,0,2,v3_engine,P28,middlegame,5,88.643,c3d3,,-86,5
2,0,2,v3_engine,P28,middlegame,6,264.246,c3d3,,-86,6
2,0,2,v3_engine,P29,middlegame,4,14.575,d8e8,,-52,4
2,0,2,v3_engine,P29,middlegame,5,82.565,d8e8,,-52,5
2,0,2,v3_engine,P29,middlegame,6,331.264,c8b8,,-52,6
2,0,2,v3_engine,P30,middlegame,4,26.830,f5f4,,-100,4
2,0,2,v3_engine,P30,middlegame,5,140.243,f5f4,,-100,5
2,0,2,v3_engine,P30,middlegame,6,554.550,f5f4,,-100,6
2,0,2,v3_engine,P31,endgame,4,11.245,c5g1,,-280,4
2,0,2,v3_engine,P31,endgame,5,28.885,c5g1,,-280,5
2,0,2,v3_engine,P31,endgame,6,60.500,c5g1,,-280,6
2,0,2,v3_engine,P32,endgame,4,3.962,f2e3,,156,4
2,0,2,v3_engine,P32,endgame,5,10.451,f2e3,,156,5
2,0,2,v3_engine,P32,endgame,6,24.553,f2e3,,156,6
2,0,2,v3_engine,P33,endgame,4,5.878,b4a4,,-113,4
2,0,2,v3_engine,P33,endgame,5,16.045,b4a4,,-113,5
2,0,2,v3_engine,P33,endgame,6,85.288,b4a4,,-113,6
2,0,2,v3_engine,P34,endgame,4,1.358,a5a6,,341,4
2,0,2,v3_engine,P34,endgame,5,4.637,a5a7,,341,5
2,0,2,v3_engine,P34,endgame,6,11.254,a5a6,,341,6
2,0,2,v3_engine,P35,endgame,4,7.467,f2g1,,36,4
2,0,2,v3_engine,P35,endgame,5,24.589,f2g1,,36,5
2,0,2,v3_engine,P35,endgame,6,55.818,f2g1,,36,6
2,0,2,v3_engine,P36,endgame,4,5.417,g1f2,,-23,4
2,0,2,v3_engine,P36,endgame,5,16.155,g1f2,,-23,5
2,0,2,v3_engine,P36,endgame,6,36.897,g1f2,,-23,6
2,0,2,v3_engine,P37,endgame,4,8.621,g3g7,,23,4
2,0,2,v3_engine,P37,endgame,5,23.539,g3g7,,23,5
2,0,2,v3_engine,P37,endgame,6,61.850,g8g7,,23,6
2,0,2,v3_engine,P38,endgame,4,2.478,a4b5,,-15,4
2,0,2,v3_engine,P38,endgame,5,9.459,a4b5,,-15,5
2,0,2,v3_engine,P38,endgame,6,36.421,a4b5,,-15,6
2,0,2,v3_engine,P39,endgame,4,4.752,d2g2,,-37,4
2,0,2,v3_engine,P39,endgame,5,15.335,d2g2,,-37,5
2,0,2,v3_engine,P39,endgame,6,66.873,d2a2,,-37,6
2,0,2,v3_engine,P40,endgame,4,7.126,e3e8,,99,4
2,0,2,v3_engine,P40,endgame,5,25.046,e3e8,,99,5
2,0,2,v3_engine,P40,endgame,6,64.580,a4a5,,99,6
2,0,3,v4_LMR,P01,opening,4,14.926,a7a5,,-53,4
2,0,3,v4_LMR,P01,opening,5,38.693,g8f6,,-53,5
2,0,3,v4_LMR,P01,opening,6,239.834,e7e5,,-53,6
2,0,3,v4_LMR,P02,opening,4,19.546,d8a5,,20,4
2,0,3,v4_LMR,P02,opening,5,66.187,e8g8,,20,5
2,0,3,v4_LMR,P02,opening,6,339.373,d8a5,,20,6
2,0,3,v4_LMR,P03,opening,4,13.020,a7a5,,27,4
2,0,3,v4_LMR,P03,opening,5,78.007,c8e6,,27,5
2,0,3,v4_LMR,P03,opening,6,293.806,c8e6,,27,6
2,0,3,v4_LMR,P04,opening,4,11.754,d4e5,,18,4
2,0,3,v4_LMR,P04,opening,5,34.023,d4e5,,18,5
2,0,3,v4_LMR,P04,opening,6,156.623,d4e5,,18,6
2,0,3,v4_LMR,P05,opening,4,16.050,e1g1,,-11,4
2,0,3,v4_LMR,P05,opening,5,63.918,e1g1,,-11,5
2,0,3,v4_LMR,P05,opening,6,256.643,e1g1,,-11,6
2,0,3,v4_LMR,P06,opening,4,13.378,f1c4,,-19,4
2,0,3,v4_LMR,P06,opening,5,53.927,f1c4,,-19,5
2,0,3,v4_LMR,P06,opening,6,194.186,f1c4,,-19,6
2,0,3,v4_LMR,P07,opening,4,12.806,g8f6,,-26,4
2,0,3,v4_LMR,P07,opening,5,62.711,g8f6,,-26,5
2,0,3,v4_LMR,P07,opening,6,213.949,g8f6,,-26,6
2,0,3,v4_LMR,P08,opening,4,6.604,g8f6,,19,4
2,0,3,v4_LMR,P08,opening,5,25.208,b8c6,,19,5
2,0,3,v4_LMR,P08,opening,6,186.183,b8c6,,19,6
2,0,3,v4_LMR,P09,opening,4,15.755,e3e4,,158,4
2,0,3,v4_LMR,P09,opening,5,42.666,e3e4,,158,5
2,0,3,v4_LMR,P09,opening,6,210.103,d3c2,,158,6
2,0,3,v4_LMR,P10,opening,4,7.023,g8f6,,13,4
2,0,3,v4_LMR,P10,opening,5,35.179,e7e5,,13,5
2,0,3,v4_LMR,P10,opening,6,139.691,d6d5,,13,6
2,0,3,v4_LMR,P11,opening,4,9.122,f1d3,,-55,4
2,0,3,v4_LMR,P11,opening,5,31.589,e4e5,,-55,5
2,0,3,v4_LMR,P11,opening,6,157.808,e4e5,,-55,6
2,0,3,v4_LMR,P12,opening,4,12.801,c8d7,,-14,4
2,0,3,v4_LMR,P12,opening,5,33.636,c8d7,,-14,5
2,0,3,v4_LMR,P12,opening,6,159.273,c8d7,,-14,6
2,0,3,v4_LMR,P13,opening,4,3.685,b8c6,,-1,4
2,0,3,v4_LMR,P13,opening,5,21.391,d7d5,,-1,5
2,0,3,v4_LMR,P13,opening,6,86.122,e7e6,,-1,6
2,0,3,v4_LMR,P14,opening,4,8.383,c6d4,,-37,4
2,0,3,v4_LMR,P14,opening,5,25.774,c6d4,,-37,5
2,0,3,v4_LMR,P14,opening,6,120.825,c6d4,,-37,6
2,0,3,v4_LMR,P15,middlegame,4,13.330,h4g3,,76,4
2,0,3,v4_LMR,P15,middlegame,5,46.000,h4g3,,76,5
2,0,3,v4_LMR,P15,middlegame,6,163.522,h4g3,,76,6
2,0,3,v4_LMR,P16,middlegame,4,15.394,a6a5,,-97,4
2,0,3,v4_LMR,P16,middlegame,5,45.127,a6a5,,-97,5
2,0,3,v4_LMR,P16,middlegame,6,315.470,e6e5,,-97,6
2,0,3,v4_LMR,P17,middlegame,4,24.275,c6b4,,-124,4
2,0,3,v4_LMR,P17,middlegame,5,72.144,c6b4,,-124,5
2,0,3,v4_LMR,P17,middlegame,6,310.049,e7f5,,-124,6
2,0,3,v4_LMR,P18,middlegame,4,17.367,c1e3,,117,4
2,0,3,v4_LMR,P18,middlegame,5,45.612,c1e3,,117,5
2,0,3,v4_LMR,P18,middlegame,6,139.954,c1e3,,117,6
2,0,3,v4_LMR,P19,middlegame,4,1.164,c4d5,,-197,4
2,0,3,v4_LMR,P19,middlegame,5,3.357,c4d5,,-197,5
2,0,3,v4_LMR,P19,middlegame,6,10.696,c4d5,,-197,6
2,0,3,v4_LMR,P20,middlegame,4,15.623,a8c8,,40,4
2,0,3,v4_LMR,P20,middlegame,5,69.131,h7h6,,40,5
2,0,3,v4_LMR,P20,middlegame,6,260.371,h7h6,,40,6
2,0,3,v4_LMR,P21,middlegame,4,9.339,e7d5,,-46,4
2,0,3,v4_LMR,P21,middlegame,5,32.697,e7d5,,-46,5
2,0,3,v4_LMR,P21,middlegame,6,134.588,e7d5,,-46,6
2,0,3,v4_LMR,P22,middlegame,4,14.769,f1g2,,69,4
2,0,3,v4_LMR,P22,middlegame,5,33.815,g1h1,,69,5
2,0,3,v4_LMR,P22,middlegame,6,98.460,g1h1,,69,6
2,0,3,v4_LMR,P23,middlegame,4,13.645,f8e8,,33,4
2,0,3,v4_LMR,P23,middlegame,5,50.685,e7f6,,33,5
2,0,3,v4_LMR,P23,middlegame,6,276.565,e7f6,,33,6
2,0,3,v4_LMR,P24,middlegame,4,15.295,b5c6,,156,4
2,0,3,v4_LMR,P24,middlegame,5,50.998,b5c6,,156,5
2,0,3,v4_LMR,P24,middlegame,6,244.248,f4e3,,156,6
2,0,3,v4_LMR,P25,middlegame,4,24.555,d7f6,,-100,4
2,0,3,v4_LMR,P25,middlegame,5,84.052,d7b6,,-100,5
2,0,3,v4_LMR,P25,middlegame,6,372.900,d7b6,,-100,6
2,0,3,v4_LMR,P26,middlegame,4,10.931,g8g7,,-298,4
2,0,3,v4_LMR,P26,middlegame,5,45.412,g8g7,,-298,5
2,0,3,v4_LMR,P26,middlegame,6,165.272,g8g7,,-298,6
2,0,3,v4_LMR,P27,middlegame,4,6.362,b4c6,,-98,4
2,0,3,v4_LMR,P27,middlegame,5,16.497,b4c6,,-98,5
2,0,3,v4_LMR,P27,middlegame,6,69.843,g5e6,,-98,6
2,0,3,v4_LMR,P28,middlegame,4,15.146,c3d3,,-86,4
2,0,3,v4_LMR,P28,middlegame,5,41.189,c3d3,,-86,5
2,0,3,v4_LMR,P28,middlegame,6,141.827,c3d3,,-86,6
2,0,3,v4_LMR,P29,middlegame,4,14.734,d8e8,,-52,4
2,0,3,v4_LMR,P29,middlegame,5,66.577,d8e8,,-52,5
2,0,3,v4_LMR,P29,middlegame,6,226.830,c8b8,,-52,6
2,0,3,v4_LMR,P30,middlegame,4,35.601,f5f4,,-100,4
2,0,3,v4_LMR,P30,middlegame,5,108.834,f5f4,,-100,5
2,0,3,v4_LMR,P30,middlegame,6,349.303,f5f4,,-100,6
2,0,3,v4_LMR,P31,endgame,4,4.112,c5g1,,-280,4
2,0,3,v4_LMR,P31,endgame,5,7.316,c5g1,,-280,5
2,0,3,v4_LMR,P31,endgame,6,17.960,c5g1,,-280,6
2,0,3,v4_LMR,P32,endgame,4,4.155,f2e3,,156,4
2,0,3,v4_LMR,P32,endgame,5,9.161,f2e3,,156,5
2,0,3,v4_LMR,P32,endgame,6,16.820,f2e3,,156,6
2,0,3,v4_LMR,P33,endgame,4,6.535,b4a4,,-113,4
2,0,3,v4_LMR,P33,endgame,5,16.624,b4a4,,-113,5
2,0,3,v4_LMR,P33,endgame,6,41.383,b4a4,,-113,6
2,0,3,v4_LMR,P34,endgame,4,1.624,a5a6,,341,4
2,0,3,v4_LMR,P34,endgame,5,4.203,a5a7,,341,5
2,0,3,v4_LMR,P34,endgame,6,8.947,a5a6,,341,6
2,0,3,v4_LMR,P35,endgame,4,6.733,f2g1,,36,4
2,0,3,v4_LMR,P35,endgame,5,20.695,f2g1,,36,5
2,0,3,v4_LMR,P35,endgame,6,36.832,f2g1,,36,6
2,0,3,v4_LMR,P36,endgame,4,6.358,g1f2,,-23,4
2,0,3,v4_LMR,P36,endgame,5,14.269,g1f2,,-23,5
2,0,3,v4_LMR,P36,endgame,6,35.424,g1f2,,-23,6
2,0,3,v4_LMR,P37,endgame,4,6.173,g3g7,,23,4
2,0,3,v4_LMR,P37,endgame,5,10.664,g3g7,,23,5
2,0,3,v4_LMR,P37,endgame,6,23.026,g8g7,,23,6
2,0,3,v4_LMR,P38,endgame,4,3.235,a4a5,,-15,4
2,0,3,v4_LMR,P38,endgame,5,6.324,a4b5,,-15,5
2,0,3,v4_LMR,P38,endgame,6,19.939,a4b5,,-15,6
2,0,3,v4_LMR,P39,endgame,4,3.342,d2g2,,-37,4
2,0,3,v4_LMR,P39,endgame,5,8.317,d2g2,,-37,5
2,0,3,v4_LMR,P39,endgame,6,39.389,d2a2,,-37,6
2,0,3,v4_LMR,P40,endgame,4,6.025,e3e8,,99,4
2,0,3,v4_LMR,P40,endgame,5,13.503,e3e8,,99,5
2,0,3,v4_LMR,P40,endgame,6,37.369,a4a5,,99,6
2,0,4,v4.1_LMR,P01,opening,4,10.803,b8c6,,-53,4
2,0,4,v4.1_LMR,P01,opening,5,23.136,g8f6,,-53,5
2,0,4,v4.1_LMR,P01,opening,6,74.579,b8c6,,-53,6
2,0,4,v4.1_LMR,P02,opening,4,15.967,d8b6,,20,4
2,0,4,v4.1_LMR,P02,opening,5,39.362,e8g8,,20,5
2,0,4,v4.1_LMR,P02,opening,6,162.006,d8a5,,20,6
2,0,4,v4.1_LMR,P03,opening,4,9.218,a7a5,,27,4
2,0,4,v4.1_LMR,P03,opening,5,31.771,c8e6,,27,5
2,0,4,v4.1_LMR,P03,opening,6,118.418,c8f5,,27,6
2,0,4,v4.1_LMR,P04,opening,4,9.480,d4e5,,18,4
2,0,4,v4.1_LMR,P04,opening,5,18.637,d4e5,,18,5
2,0,4,v4.1_LMR,P04,opening,6,70.025,d4e5,,18,6
2,0,4,v4.1_LMR,P05,opening,4,13.534,e1g1,,-11,4
2,0,4,v4.1_LMR,P05,opening,5,34.358,e1g1,,-11,5
2,0,4,v4.1_LMR,P05,opening,6,128.907,e1g1,,-11,6
2,0,4,v4.1_LMR,P06,opening,4,10.699,f1c4,,-19,4
2,0,4,v4.1_LMR,P06,opening,5,22.606,f1b5,,-19,5
2,0,4,v4.1_LMR,P06,opening,6,98.042,f1c4,,-19,6
2,0,4,v4.1_LMR,P07,opening,4,9.609,d6b6,,-26,4
2,0,4,v4.1_LMR,P07,opening,5,23.231,g8f6,,-26,5
2,0,4,v4.1_LMR,P07,opening,6,76.516,g8f6,,-26,6
2,0,4,v4.1_LMR,P08,opening,4,5.445,g8f6,,19,4
2,0,4,v4.1_LMR,P08,opening,5,13.946,g8f6,,19,5
2,0,4,v4.1_LMR,P08,opening,6,57.993,c8f5,,19,6
2,0,4,v4.1_LMR,P09,opening,4,13.134,e3e4,,158,4
2,0,4,v4.1_LMR,P09,opening,5,24.444,d3c2,,158,5
2,0,4,v4.1_LMR,P09,opening,6,92.721,c1d2,,158,6
2,0,4,v4.1_LMR,P10,opening,4,5.231,e7e5,,13,4
2,0,4,v4.1_LMR,P10,opening,5,16.834,e7e5,,13,5
2,0,4,v4.1_LMR,P10,opening,6,47.885,e7e5,,13,6
2,0,4,v4.1_LMR,P11,opening,4,6.328,b1c3,,-55,4
2,0,4,v4.1_LMR,P11,opening,5,11.141,e4d5,,-55,5
2,0,4,v4.1_LMR,P11,opening,6,54.797,e4e5,,-55,6
2,0,4,v4.1_LMR,P12,opening,4,9.943,c8d7,,-14,4
2,0,4,v4.1_LMR,P12,opening,5,27.861,c8d7,,-14,5
2,0,4,v4.1_LMR,P12,opening,6,79.712,c8d7,,-14,6
2,0,4,v4.1_LMR,P13,opening,4,3.110,b8c6,,-1,4
2,0,4,v4.1_LMR,P13,opening,5,6.725,d7d5,,-1,5
2,0,4,v4.1_LMR,P13,opening,6,50.213,e7e6,,-1,6
2,0,4,v4.1_LMR,P14,opening,4,7.683,c6d4,,-37,4
2,0,4,v4.1_LMR,P14,opening,5,15.045,c6d4,,-37,5
2,0,4,v4.1_LMR,P14,opening,6,61.174,c6d4,,-37,6
2,0,4,v4.1_LMR,P15,middlegame,4,10.676,h4g3,,76,4
2,0,4,v4.1_LMR,P15,middlegame,5,22.630,h4g3,,76,5
2,0,4,v4.1_LMR,P15,middlegame,6,94.106,h4g3,,76,6
2,0,4,v4.1_LMR,P16,middlegame,4,11.885,a6a5,,-97,4
2,0,4,v4.1_LMR,P16,middlegame,5,30.363,a6a5,,-97,5
2,0,4,v4.1_LMR,P16,middlegame,6,115.798,c8b7,,-97,6
2,0,4,v4.1_LMR,P17,middlegame,4,16.104,c6b4,,-124,4
2,0,4,v4.1_LMR,P17,middlegame,5,39.092,c6b4,,-124,5
2,0,4,v4.1_LMR,P17,middlegame,6,152.709,e7g6,,-124,6
2,0,4,v4.1_LMR,P18,middlegame,4,12.910,c1e3,,117,4
2,0,4,v4.1_LMR,P18,middlegame,5,34.288,c1e3,,117,5
2,0,4,v4.1_LMR,P18,middlegame,6,145.524,c1a3,,117,6
2,0,4,v4.1_LMR,P19,middlegame,4,0.916,c4d5,,-197,4
2,0,4,v4.1_LMR,P19,middlegame,5,3.022,c4d5,,-197,5
2,0,4,v4.1_LMR,P19,middlegame,6,5.374,c4d5,,-197,6
2,0,4,v4.1_LMR,P20,middlegame,4,10.755,a8c8,,40,4
2,0,4,v4.1_LMR,P20,middlegame,5,41.344,h7h6,,40,5
2,0,4,v4.1_LMR,P20,middlegame,6,178.864,d8d7,,40,6
2,0,4,v4.1_LMR,P21,middlegame,4,8.500,e7d5,,-46,4
2,0,4,v4.1_LMR,P21,middlegame,5,20.870,e7d5,,-46,5
2,0,4,v4.1_LMR,P21,middlegame,6,80.573,e7d5,,-46,6
2,0,4,v4.1_LMR,P22,middlegame,4,8.466,e2e3,,69,4
2,0,4,v4.1_LMR,P22,middlegame,5,19.003,g1h1,,69,5
2,0,4,v4.1_LMR,P22,middlegame,6,63.247,g1h1,,69,6
2,0,4,v4.1_LMR,P23,middlegame,4,10.961,f8e8,,33,4
2,0,4,v4.1_LMR,P23,middlegame,5,26.163,f8e8,,33,5
2,0,4,v4.1_LMR,P23,middlegame,6,96.970,e7f6,,33,6
2,0,4,v4.1_LMR,P24,middlegame,4,15.098,b5c6,,156,4
2,0,4,v4.1_LMR,P24,middlegame,5,30.958,b5c6,,156,5
2,0,4,v4.1_LMR,P24,middlegame,6,142.824,b5c6,,156,6
2,0,4,v4.1_LMR,P25,middlegame,4,15.041,d7f6,,-100,4
2,0,4,v4.1_LMR,P25,middlegame,5,52.144,d7f6,,-100,5
2,0,4,v4.1_LMR,P25,middlegame,6,177.541,d7b6,,-100,6
2,0,4,v4.1_LMR,P26,middlegame,4,6.498,g8g7,,-298,4
2,0,4,v4.1_LMR,P26,middlegame,5,20.763,g8g7,,-298,5
2,0,4,v4.1_LMR,P26,middlegame,6,84.056,g8g7,,-298,6
2,0,4,v4.1_LMR,P27,middlegame,4,6.100,b4c6,,-98,4
2,0,4,v4.1_LMR,P27,middlegame,5,13.680,b4c6,,-98,5
2,0,4,v4.1_LMR,P27,middlegame,6,48.687,b4c6,,-98,6
2,0,4,v4.1_LMR,P28,middlegame,4,14.270,c3d3,,-86,4
2,0,4,v4.1_LMR,P28,middlegame,5,34.992,c3d3,,-86,5
2,0,4,v4.1_LMR,P28,middlegame,6,118.154,c3d3,,-86,6
2,0,4,v4.1_LMR,P29,middlegame,4,9.371,d8e8,,-52,4
2,0,4,v4.1_LMR,P29,middlegame,5,36.333,c8b8,,-52,5
2,0,4,v4.1_LMR,P29,middlegame,6,111.003,d8e8,,-52,6
2,0,4,v4.1_LMR,P30,middlegame,4,16.621,f5f4,,-100,4
2,0,4,v4.1_LMR,P30,middlegame,5,60.520,f5f4,,-100,5
2,0,4,v4.1_LMR,P30,middlegame,6,178.347,f5f4,,-100,6
2,0,4,v4.1_LMR,P31,endgame,4,3.946,c5g1,,-280,4
2,0,4,v4.1_LMR,P31,endgame,5,5.417,c5g1,,-280,5
2,0,4,v4.1_LMR,P31,endgame,6,22.002,c5g1,,-280,6
2,0,4,v4.1_LMR,P32,endgame,4,3.943,a1a6,,156,4
2,0,4,v4.1_LMR,P32,endgame,5,6.037,f2e3,,156,5
2,0,4,v4.1_LMR,P32,endgame,6,11.962,f2e3,,156,6
2,0,4,v4.1_LMR,P33,endgame,4,5.820,b4a4,,-113,4
2,0,4,v4.1_LMR,P33,endgame,5,13.230,b4a4,,-113,5
2,0,4,v4.1_LMR,P33,endgame,6,27.552,b4a4,,-113,6
2,0,4,v4.1_LMR,P34,endgame,4,1.280,a5a6,,341,4
2,0,4,v4.1_LMR,P34,endgame,5,2.253,a5a6,,341,5
2,0,4,v4.1_LMR,P34,endgame,6,5.677,a5a7,,341,6
2,0,4,v4.1_LMR,P35,endgame,4,5.140,f2g1,,36,4
2,0,4,v4.1_LMR,P35,endgame,5,15.557,f2g1,,36,5
2,0,4,v4.1_LMR,P35,endgame,6,28.849,f2g1,,36,6
2,0,4,v4.1_LMR,P36,endgame,4,5.958,g1f2,,-23,4
2,0,4,v4.1_LMR,P36,endgame,5,9.401,g1f2,,-23,5
2,0,4,v4.1_LMR,P36,endgame,6,32.518,g1f2,,-23,6
2,0,4,v4.1_LMR,P37,endgame,4,6.464,g3g7,,23,4
2,0,4,v4.1_LMR,P37,endgame,5,10.428,g3g7,,23,5
2,0,4,v4.1_LMR,P37,endgame,6,22.775,g8g7,,23,6
2,0,4,v4.1_LMR,P38,endgame,4,3.442,a4a5,,-15,4
2,0,4,v4.1_LMR,P38,endgame,5,5.102,a4b5,,-15,5
2,0,4,v4.1_LMR,P38,endgame,6,16.483,a4b5,,-15,6
2,0,4,v4.1_LMR,P39,endgame,4,3.668,d2g2,,-37,4
2,0,4,v4.1_LMR,P39,endgame,5,6.718,d2g2,,-37,5
2,0,4,v4.1_LMR,P39,endgame,6,25.766,d2a2,,-37,6
2,0,4,v4.1_LMR,P40,endgame,4,5.964,e3e8,,99,4
2,0,4,v4.1_LMR,P40,endgame,5,16.837,e3e8,,99,5
2,0,4,v4.1_LMR,P40,endgame,6,40.697,a4a5,,99,6
2,0,5,v4.2_null,P01,opening,4,7.097,b8c6,,-53,4
2,0,5,v4.2_null,P01,opening,5,16.586,g8f6,,-53,5
2,0,5,v4.2_null,P01,opening,6,47.390,b8c6,,-53,6
2,0,5,v4.2_null,P02,opening,4,8.319,d8b6,,20,4
2,0,5,v4.2_null,P02,opening,5,30.959,e8g8,,20,5
2,0,5,v4.2_null,P02,opening,6,99.641,d8a5,,20,6
2,0,5,v4.2_null,P03,opening,4,7.094,a7a5,,27,4
2,0,5,v4.2_null,P03,opening,5,27.190,c8e6,,27,5
2,0,5,v4.2_null,P03,opening,6,84.639,e7e6,,27,6
2,0,5,v4.2_null,P04,opening,4,4.142,d4e5,,18,4
2,0,5,v4.2_null,P04,opening,5,10.965,d4e5,,18,5
2,0,5,v4.2_null,P04,opening,6,30.490,d4e5,,18,6
2,0,5,v4.2_null,P05,opening,4,7.704,e1g1,,-11,4
2,0,5,v4.2_null,P05,opening,5,23.873,e1g1,,-11,5
2,0,5,v4.2_null,P05,opening,6,55.865,e1g1,,-11,6
2,0,5,v4.2_null,P06,opening,4,8.083,f1c4,,-19,4
2,0,5,v4.2_null,P06,opening,5,24.841,f1c4,,-19,5
2,0,5,v4.2_null,P06,opening,6,61.364,f1c4,,-19,6
2,0,5,v4.2_null,P07,opening,4,6.370,d6b6,,-26,4
2,0,5,v4.2_null,P07,opening,5,12.793,g8f6,,-26,5
2,0,5,v4.2_null,P07,opening,6,30.966,g8f6,,-26,6
2,0,5,v4.2_null,P08,opening,4,3.794,g8f6,,19,4
2,0,5,v4.2_null,P08,opening,5,10.756,g8f6,,19,5
2,0,5,v4.2_null,P08,opening,6,36.798,c8f5,,19,6
2,0,5,v4.2_null,P09,opening,4,10.747,e3e4,,158,4
2,0,5,v4.2_null,P09,opening,5,20.195,d3c2,,158,5
2,0,5,v4.2_null,P09,opening,6,65.026,c1d2,,158,6
2,0,5,v4.2_null,P10,opening,4,3.867,e7e5,,13,4
2,0,5,v4.2_null,P10,opening,5,13.764,e7e5,,13,5
2,0,5,v4.2_null,P10,opening,6,30.775,e7e5,,13,6
2,0,5,v4.2_null,P11,opening,4,4.940,b1c3,,-55,4
2,0,5,v4.2_null,P11,opening,5,9.581,e4d5,,-55,5
2,0,5,v4.2_null,P11,opening,6,35.781,e4e5,,-55,6
2,0,5,v4.2_null,P12,opening,4,9.157,c8d7,,-14,4
2,0,5,v4.2_null,P12,opening,5,24.278,c8d7,,-14,5
2,0,5,v4.2_null,P12,opening,6,60.222,c8d7,,-14,6
2,0,5,v4.2_null,P13,opening,4,2.517,b8c6,,-1,4
2,0,5,v4.2_null,P13,opening,5,4.946,b8c6,,-1,5
2,0,5,v4.2_null,P13,opening,6,35.987,e7e6,,-1,6
2,0,5,v4.2_null,P14,opening,4,4.367,c6d4,,-37,4
2,0,5,v4.2_null,P14,opening,5,12.376,c6d4,,-37,5
2,0,5,v4.2_null,P14,opening,6,45.931,c5d4,,-37,6
2,0,5,v4.2_null,P15,middlegame,4,7.869,h4g3,,76,4
2,0,5,v4.2_null,P15,middlegame,5,19.896,h4g3,,76,5
2,0,5,v4.2_null,P15,middlegame,6,52.521,h4g3,,76,6
2,0,5,v4.2_null,P16,middlegame,4,4.298,a6a5,,-97,4
2,0,5,v4.2_null,P16,middlegame,5,16.350,a6a5,,-97,5
2,0,5,v4.2_null,P16,middlegame,6,52.407,c8b7,,-97,6
2,0,5,v4.2_null,P17,middlegame,4,9.763,c6b4,,-124,4
2,0,5,v4.2_null,P17,middlegame,5,23.318,c6b4,,-124,5
2,0,5,v4.2_null,P17,middlegame,6,78.204,c6b4,,-124,6
2,0,5,v4.2_null,P18,middlegame,4,7.399,c1e3,,117,4
2,0,5,v4.2_null,P18,middlegame,5,21.123,c1e3,,117,5
2,0,5,v4.2_null,P18,middlegame,6,80.790,c1a3,,117,6
2,0,5,v4.2_null,P19,middlegame,4,0.574,c4d5,,-197,4
2,0,5,v4.2_null,P19,middlegame,5,1.971,c4d5,,-197,5
2,0,5,v4.2_null,P19,middlegame,6,2.904,c4d5,,-197,6
2,0,5,v4.2_null,P20,middlegame,4,9.079,a8c8,,40,4
2,0,5,v4.2_null,P20,middlegame,5,34.603,h7h6,,40,5
2,0,5,v4.2_null,P20,middlegame,6,112.293,h7h6,,40,6
2,0,5,v4.2_null,P21,middlegame,4,4.382,e7d5,,-46,4
2,0,5,v4.2_null,P21,middlegame,5,14.272,e7d5,,-46,5
2,0,5,v4.2_null,P21,middlegame,6,43.655,e7d5,,-46,6
2,0,5,v4.2_null,P22,middlegame,4,7.626,e2e3,,69,4
2,0,5,v4.2_null,P22,middlegame,5,17.962,g1h1,,69,5
2,0,5,v4.2_null,P22,middlegame,6,45.681,g1h1,,69,6
2,0,5,v4.2_null,P23,middlegame,4,7.306,f8e8,,33,4
2,0,5,v4.2_null,P23,middlegame,5,20.365,c8e6,,33,5
2,0,5,v4.2_null,P23,middlegame,6,72.374,e7f6,,33,6
2,0,5,v4.2_null,P24,middlegame,4,10.303,b5c6,,156,4
2,0,5,v4.2_null,P24,middlegame,5,24.425,b5c6,,156,5
2,0,5,v4.2_null,P24,middlegame,6,89.690,b5c6,,156,6
2,0,5,v4.2_null,P25,middlegame,4,8.221,d7f6,,-100,4
2,0,5,v4.2_null,P25,middlegame,5,24.447,d7b6,,-100,5
2,0,5,v4.2_null,P25,middlegame,6,55.270,d7f6,,-100,6
2,0,5,v4.2_null,P26,middlegame,4,5.026,g8g7,,-298,4
2,0,5,v4.2_null,P26,middlegame,5,16.252,g8g7,,-298,5
2,0,5,v4.2_null,P26,middlegame,6,42.408,g8g7,,-298,6
2,0,5,v4.2_null,P27,middlegame,4,4.466,b4c6,,-98,4
2,0,5,v4.2_null,P27,middlegame,5,10.196,b4c6,,-98,5
2,0,5,v4.2_null,P27,middlegame,6,31.625,b4c6,,-98,6
2,0,5,v4.2_null,P28,middlegame,4,11.780,c3d3,,-86,4
2,0,5,v4.2_null,P28,middlegame,5,32.808,c3d3,,-86,5
2,0,5,v4.2_null,P28,middlegame,6,85.790,c3d3,,-86,6
2,0,5,v4.2_null,P29,middlegame,4,7.375,d8e8,,-52,4
2,0,5,v4.2_null,P29,middlegame,5,30.775,c8b8,,-52,5
2,0,5,v4.2_null,P29,middlegame,6,64.985,c8b8,,-52,6
2,0,5,v4.2_null,P30,middlegame,4,10.924,f5f4,,-100,4
2,0,5,v4.2_null,P30,middlegame,5,41.342,f5f4,,-100,5
2,0,5,v4.2_null,P30,middlegame,6,100.014,f5f4,,-100,6
2,0,5,v4.2_null,P31,endgame,4,2.168,c5g1,,-280,4
2,0,5,v4.2_null,P31,endgame,5,2.708,c5g1,,-280,5
2,0,5,v4.2_null,P31,endgame,6,4.947,c5g1,,-280,6
2,0,5,v4.2_null,P32,endgame,4,2.456,a1a6,,156,4
2,0,5,v4.2_null,P32,endgame,5,4.636,f2e3,,156,5
2,0,5,v4.2_null,P32,endgame,6,9.948,f2e3,,156,6
2,0,5,v4.2_null,P33,endgame,4,4.813,b4a4,,-113,4
2,0,5,v4.2_null,P33,endgame,5,11.670,b4a4,,-113,5
2,0,5,v4.2_null,P33,endgame,6,34.384,b4a4,,-113,6
2,0,5,v4.2_null,P34,endgame,4,0.982,a5a6,,341,4
2,0,5,v4.2_null,P34,endgame,5,2.515,a5a7,,341,5
2,0,5,v4.2_null,P34,endgame,6,4.482,a5a7,,341,6
2,0,5,v4.2_null,P35,endgame,4,4.404,f2g1,,36,4
2,0,5,v4.2_null,P35,endgame,5,14.823,f2g1,,36,5
2,0,5,v4.2_null,P35,endgame,6,24.763,f2g1,,36,6
2,0,5,v4.2_null,P36,endgame,4,3.801,g1f2,,-23,4
2,0,5,v4.2_null,P36,endgame,5,6.632,g1f2,,-23,5
2,0,5,v4.2_null,P36,endgame,6,14.735,g1f2,,-23,6
2,0,5,v4.2_null,P37,endgame,4,3.682,g3g7,,23,4
2,0,5,v4.2_null,P37,endgame,5,6.233,g3g7,,23,5
2,0,5,v4.2_null,P37,endgame,6,10.713,g8g7,,23,6
2,0,5,v4.2_null,P38,endgame,4,2.579,a4a5,,-15,4
2,0,5,v4.2_null,P38,endgame,5,3.351,a4b5,,-15,5
2,0,5,v4.2_null,P38,endgame,6,7.775,a4b5,,-15,6
2,0,5,v4.2_null,P39,endgame,4,2.183,d2g2,,-37,4
2,0,5,v4.2_null,P39,endgame,5,4.478,d2g2,,-37,5
2,0,5,v4.2_null,P39,endgame,6,24.159,d2a2,,-37,6
2,0,5,v4.2_null,P40,endgame,4,4.904,e3e8,,99,4
2,0,5,v4.2_null,P40,endgame,5,11.250,e3e8,,99,5
2,0,5,v4.2_null,P40,endgame,6,28.102,a4a5,,99,6
2,0,6,v4.3-counter,P01,opening,4,6.743,b8c6,,-53,4
2,0,6,v4.3-counter,P01,opening,5,13.957,g8f6,,-53,5
2,0,6,v4.3-counter,P01,opening,6,40.173,b8c6,,-53,6
2,0,6,v4.3-counter,P02,opening,4,5.940,b8c6,,20,4
2,0,6,v4.3-counter,P02,opening,5,26.202,e8g8,,20,5
2,0,6,v4.3-counter,P02,opening,6,97.632,d8a5,,20,6
2,0,6,v4.3-counter,P03,opening,4,9.497,b8a6,,27,4
2,0,6,v4.3-counter,P03,opening,5,35.464,c8e6,,27,5
2,0,6,v4.3-counter,P03,opening,6,94.686,e7e6,,27,6
2,0,6,v4.3-counter,P04,opening,4,4.269,d4e5,,18,4
2,0,6,v4.3-counter,P04,opening,5,10.675,d4e5,,18,5
2,0,6,v4.3-counter,P04,opening,6,24.476,d4e5,,18,6
2,0,6,v4.3-counter,P05,opening,4,7.754,e1g1,,-11,4
2,0,6,v4.3-counter,P05,opening,5,23.411,e1g1,,-11,5
2,0,6,v4.3-counter,P05,opening,6,52.548,e1g1,,-11,6
2,0,6,v4.3-counter,P06,opening,4,7.390,f1c4,,-19,4
2,0,6,v4.3-counter,P06,opening,5,15.055,f1b5,,-19,5
2,0,6,v4.3-counter,P06,opening,6,54.446,f1c4,,-19,6
2,0,6,v4.3-counter,P07,opening,4,6.038,d6b6,,-26,4
2,0,6,v4.3-counter,P07,opening,5,12.431,g8f6,,-26,5
2,0,6,v4.3-counter,P07,opening,6,29.657,g8f6,,-26,6
2,0,6,v4.3-counter,P08,opening,4,3.827,g8f6,,19,4
2,0,6,v4.3-counter,P08,opening,5,11.733,g8f6,,19,5
2,0,6,v4.3-counter,P08,opening,6,34.299,b8c6,,19,6
2,0,6,v4.3-counter,P09,opening,4,12.181,e3e4,,158,4
2,0,6,v4.3-counter,P09,opening,5,23.760,d3c2,,158,5
2,0,6,v4.3-counter,P09,opening,6,76.931,d3c2,,158,6
2,0,6,v4.3-counter,P10,opening,4,4.545,e7e5,,13,4
2,0,6,v4.3-counter,P10,opening,5,15.149,e7e5,,13,5
2,0,6,v4.3-counter,P10,opening,6,26.508,e7e5,,13,6
2,0,6,v4.3-counter,P11,opening,4,4.768,b1c3,,-55,4
2,0,6,v4.3-counter,P11,opening,5,11.172,f1d3,,-55,5
2,0,6,v4.3-counter,P11,opening,6,32.469,e4e5,,-55,6
2,0,6,v4.3-counter,P12,opening,4,10.307,c8d7,,-14,4
2,0,6,v4.3-counter,P12,opening,5,21.133,c8d7,,-14,5
2,0,6,v4.3-counter,P12,opening,6,45.863,c8d7,,-14,6
2,0,6,v4.3-counter,P13,opening,4,2.362,b8c6,,-1,4
2,0,6,v4.3-counter,P13,opening,5,4.259,b8c6,,-1,5
2,0,6,v4.3-counter,P13,opening,6,27.912,e7e6,,-1,6
2,0,6,v4.3-counter,P14,opening,4,4.365,c6d4,,-37,4
2,0,6,v4.3-counter,P14,opening,5,11.554,c6d4,,-37,5
2,0,6,v4.3-counter,P14,opening,6,44.694,c5d4,,-37,6
2,0,6,v4.3-counter,P15,middlegame,4,7.871,h4g3,,76,4
2,0,6,v4.3-counter,P15,middlegame,5,18.663,h4g3,,76,5
2,0,6,v4.3-counter,P15,middlegame,6,68.489,h4g3,,76,6
2,0,6,v4.3-counter,P16,middlegame,4,7.861,a6a5,,-97,4
2,0,6,v4.3-counter,P16,middlegame,5,22.799,a6a5,,-97,5
2,0,6,v4.3-counter,P16,middlegame,6,52.783,c8b7,,-97,6
2,0,6,v4.3-counter,P17,middlegame,4,7.930,c6b4,,-124,4
2,0,6,v4.3-counter,P17,middlegame,5,20.724,c6b4,,-124,5
2,0,6,v4.3-counter,P17,middlegame,6,71.930,c6b4,,-124,6
2,0,6,v4.3-counter,P18,middlegame,4,7.646,c1e3,,117,4
2,0,6,v4.3-counter,P18,middlegame,5,21.886,c1e3,,117,5
2,0,6,v4.3-counter,P18,middlegame,6,48.158,c1e3,,117,6
2,0,6,v4.3-counter,P19,middlegame,4,0.603,c4d5,,-197,4
2,0,6,v4.3-counter,P19,middlegame,5,1.839,c4d5,,-197,5
2,0,6,v4.3-counter,P19,middlegame,6,3.662,c4d5,,-197,6
2,0,6,v4.3-counter,P20,middlegame,4,7.202,h7h6,,40,4
2,0,6,v4.3-counter,P20,middlegame,5,27.596,h7h6,,40,5
2,0,6,v4.3-counter,P20,middlegame,6,94.075,d8d7,,40,6
2,0,6,v4.3-counter,P21,middlegame,4,4.343,e7d5,,-46,4
2,0,6,v4.3-counter,P21,middlegame,5,10.695,e7d5,,-46,5
2,0,6,v4.3-counter,P21,middlegame,6,42.667,e7d5,,-46,6
2,0,6,v4.3-counter,P22,middlegame,4,7.740,e2e3,,69,4
2,0,6,v4.3-counter,P22,middlegame,5,19.115,g1h1,,69,5
2,0,6,v4.3-counter,P22,middlegame,6,49.383,g1h1,,69,6
2,0,6,v4.3-counter,P23,middlegame,4,7.940,f8e8,,33,4
2,0,6,v4.3-counter,P23,middlegame,5,17.483,e7f6,,33,5
2,0,6,v4.3-counter,P23,middlegame,6,49.342,e7d6,,33,6
2,0,6,v4.3-counter,P24,middlegame,4,8.972,b5c6,,156,4
2,0,6,v4.3-counter,P24,middlegame,5,17.655,b5c6,,156,5
2,0,6,v4.3-counter,P24,middlegame,6,46.470,b5c6,,156,6
2,0,6,v4.3-counter,P25,middlegame,4,7.705,d7f6,,-100,4
2,0,6,v4.3-counter,P25,middlegame,5,21.010,d7b6,,-100,5
2,0,6,v4.3-counter,P25,middlegame,6,42.530,d7f6,,-100,6
2,0,6,v4.3-counter,P26,middlegame,4,4.895,g8g7,,-298,4
2,0,6,v4.3-counter,P26,middlegame,5,15.846,g8g7,,-298,5
2,0,6,v4.3-counter,P26,middlegame,6,49.382,g8g7,,-298,6
2,0,6,v4.3-counter,P27,middlegame,4,3.894,b4c6,,-98,4
2,0,6,v4.3-counter,P27,middlegame,5,10.096,b4c6,,-98,5
2,0,6,v4.3-counter,P27,middlegame,6,32.137,b4c6,,-98,6
2,0,6,v4.3-counter,P28,middlegame,4,12.569,c3d3,,-86,4
2,0,6,v4.3-counter,P28,middlegame,5,22.331,c3d3,,-86,5
2,0,6,v4.3-counter,P28,middlegame,6,55.417,c3d3,,-86,6
2,0,6,v4.3-counter,P29,middlegame,4,7.308,d8e8,,-52,4
2,0,6,v4.3-counter,P29,middlegame,5,26.475,c8b8,,-52,5
2,0,6,v4.3-counter,P29,middlegame,6,59.909,c8b8,,-52,6
2,0,6,v4.3-counter,P30,middlegame,4,10.414,f5f4,,-100,4
2,0,6,v4.3-counter,P30,middlegame,5,35.399,f5f4,,-100,5
2,0,6,v4.3-counter,P30,middlegame,6,88.171,f5f4,,-100,6
2,0,6,v4.3-counter,P31,endgame,4,3.364,c5g1,,-280,4
2,0,6,v4.3-counter,P31,endgame,5,4.335,c5g1,,-280,5
2,0,6,v4.3-counter,P31,endgame,6,11.606,c5g1,,-280,6
2,0,6,v4.3-counter,P32,endgame,4,2.489,f2e3,,156,4
2,0,6,v4.3-counter,P32,endgame,5,5.733,f2f3,,156,5
2,0,6,v4.3-counter,P32,endgame,6,12.627,f2e3,,156,6
2,0,6,v4.3-counter,P33,endgame,4,3.950,b4a4,,-113,4
2,0,6,v4.3-counter,P33,endgame,5,10.136,b4a4,,-113,5
2,0,6,v4.3-counter,P33,endgame,6,31.492,b4a4,,-113,6
2,0,6,v4.3-counter,P34,endgame,4,1.036,a5a6,,341,4
2,0,6,v4.3-counter,P34,endgame,5,2.357,a5a7,,341,5
2,0,6,v4.3-counter,P34,endgame,6,4.700,a5a7,,341,6
2,0,6,v4.3-counter,P35,endgame,4,4.517,f2g1,,36,4
2,0,6,v4.3-counter,P35,endgame,5,15.410,f2g1,,36,5
2,0,6,v4.3-counter,P35,endgame,6,24.451,f2g1,,36,6
2,0,6,v4.3-counter,P36,endgame,4,3.447,g1f1,,-23,4
2,0,6,v4.3-counter,P36,endgame,5,5.741,g1f2,,-23,5
2,0,6,v4.3-counter,P36,endgame,6,17.602,g1f2,,-23,6
2,0,6,v4.3-counter,P37,endgame,4,3.488,g3g7,,23,4
2,0,6,v4.3-counter,P37,endgame,5,5.481,g3g7,,23,5
2,0,6,v4.3-counter,P37,endgame,6,9.978,g8g7,,23,6
2,0,6,v4.3-counter,P38,endgame,4,0.982,a4b5,,-15,4
2,0,6,v4.3-counter,P38,endgame,5,1.678,a4b5,,-15,5
2,0,6,v4.3-counter,P38,endgame,6,4.660,a4b5,,-15,6
2,0,6,v4.3-counter,P39,endgame,4,2.078,d2g2,,-37,4
2,0,6,v4.3-counter,P39,endgame,5,4.416,d2g2,,-37,5
2,0,6,v4.3-counter,P39,endgame,6,22.851,d2a2,,-37,6
2,0,6,v4.3-counter,P40,endgame,4,4.996,e3e8,,99,4
2,0,6,v4.3-counter,P40,endgame,5,9.879,e3e8,,99,5
2,0,6,v4.3-counter,P40,endgame,6,27.791,a4a5,,99,6
2,0,7,v5-engine,P01,opening,4,19.123,a7a6,,-53,4
2,0,7,v5-engine,P01,opening,5,21.692,g8f6,,-53,5
2,0,7,v5-engine,P01,opening,6,40.658,b8c6,,-53,6
2,0,7,v5-engine,P02,opening,4,6.051,b8c6,,20,4
2,0,7,v5-engine,P02,opening,5,23.334,e8g8,,20,5
2,0,7,v5-engine,P02,opening,6,81.409,d8a5,,20,6
2,0,7,v5-engine,P03,opening,4,8.615,a7a5,,27,4
2,0,7,v5-engine,P03,opening,5,21.775,c8e6,,27,5
2,0,7,v5-engine,P03,opening,6,68.555,e7e6,,27,6
2,0,7,v5-engine,P04,opening,4,6.285,e1g1,,18,4
2,0,7,v5-engine,P04,opening,5,21.698,d4e5,,18,5
2,0,7,v5-engine,P04,opening,6,38.878,d4e5,,18,6
2,0,7,v5-engine,P05,opening,4,5.255,e1g1,,-11,4
2,0,7,v5-engine,P05,opening,5,13.984,e1g1,,-11,5
2,0,7,v5-engine,P05,opening,6,40.341,e1g1,,-11,6
2,0,7,v5-engine,P06,opening,4,6.729,f1c4,,-19,4
2,0,7,v5-engine,P06,opening,5,11.451,f1c4,,-19,5
2,0,7,v5-engine,P06,opening,6,39.624,f1c4,,-19,6
2,0,7,v5-engine,P07,opening,4,5.823,d6b6,,-26,4
2,0,7,v5-engine,P07,opening,5,16.750,g8f6,,-26,5
2,0,7,v5-engine,P07,opening,6,24.975,g8f6,,-26,6
2,0,7,v5-engine,P08,opening,4,4.513,g8f6,,19,4
2,0,7,v5-engine,P08,opening,5,11.907,g8f6,,19,5
2,0,7,v5-engine,P08,opening,6,36.372,g8f6,,19,6
2,0,7,v5-engine,P09,opening,4,10.093,e3e4,,158,4
2,0,7,v5-engine,P09,opening,5,16.694,d3c2,,158,5
2,0,7,v5-engine,P09,opening,6,60.182,a2a3,,158,6
2,0,7,v5-engine,P10,opening,4,6.431,e7e5,,13,4
2,0,7,v5-engine,P10,opening,5,13.677,e7e5,,13,5
2,0,7,v5-engine,P10,opening,6,24.870,e7e5,,13,6
2,0,7,v5-engine,P11,opening,4,5.311,f1d3,,-55,4
2,0,7,v5-engine,P11,opening,5,11.714,e4d5,,-55,5
2,0,7,v5-engine,P11,opening,6,39.529,e4e5,,-55,6
2,0,7,v5-engine,P12,opening,4,7.426,c8d7,,-14,4
2,0,7,v5-engine,P12,opening,5,13.342,c8d7,,-14,5
2,0,7,v5-engine,P12,opening,6,28.082,c8d7,,-14,6
2,0,7,v5-engine,P13,opening,4,3.298,b8c6,,-1,4
2,0,7,v5-engine,P13,opening,5,4.577,b8c6,,-1,5
2,0,7,v5-engine,P13,opening,6,22.504,e7e6,,-1,6
2,0,7,v5-engine,P14,opening,4,4.019,c6d4,,-37,4
2,0,7,v5-engine,P14,opening,5,9.686,c6d4,,-37,5
2,0,7,v5-engine,P14,opening,6,30.514,c6d4,,-37,6
2,0,7,v5-engine,P15,middlegame,4,8.419,h4g3,,76,4
2,0,7,v5-engine,P15,middlegame,5,17.145,h4g3,,76,5
2,0,7,v5-engine,P15,middlegame,6,35.717,h4g3,,76,6
2,0,7,v5-engine,P16,middlegame,4,4.203,a6a5,,-97,4
2,0,7,v5-engine,P16,middlegame,5,14.591,a6a5,,-97,5
2,0,7,v5-engine,P16,middlegame,6,61.472,c8b7,,-97,6
2,0,7,v5-engine,P17,middlegame,4,6.651,c6b4,,-124,4
2,0,7,v5-engine,P17,middlegame,5,14.304,c6b4,,-124,5
2,0,7,v5-engine,P17,middlegame,6,28.138,c6b4,,-124,6
2,0,7,v5-engine,P18,middlegame,4,6.800,c1a3,,117,4
2,0,7,v5-engine,P18,middlegame,5,24.733,c1e3,,117,5
2,0,7,v5-engine,P18,middlegame,6,52.652,c1e3,,117,6
2,0,7,v5-engine,P19,middlegame,4,2.249,c4d5,,-197,4
2,0,7,v5-engine,P19,middlegame,5,3.144,c4d5,,-197,5
2,0,7,v5-engine,P19,middlegame,6,4.758,c4d5,,-197,6
2,0,7,v5-engine,P20,middlegame,4,4.804,h7h6,,40,4
2,0,7,v5-engine,P20,middlegame,5,18.052,h7h6,,40,5
2,0,7,v5-engine,P20,middlegame,6,61.660,d8d7,,40,6
2,0,7,v5-engine,P21,middlegame,4,6.587,e7d5,,-46,4
2,0,7,v5-engine,P21,middlegame,5,11.793,e7d5,,-46,5
2,0,7,v5-engine,P21,middlegame,6,43.192,e7d5,,-46,6
2,0,7,v5-engine,P22,middlegame,4,11.188,e2e3,,69,4
2,0,7,v5-engine,P22,middlegame,5,25.696,g1h1,,69,5
2,0,7,v5-engine,P22,middlegame,6,46.738,g1h1,,69,6
2,0,7,v5-engine,P23,middlegame,4,6.275,e7d6,,33,4
2,0,7,v5-engine,P23,middlegame,5,17.073,f8e8,,33,5
2,0,7,v5-engine,P23,middlegame,6,43.575,f8e8,,33,6
2,0,7,v5-engine,P24,middlegame,4,11.074,b5c6,,156,4
2,0,7,v5-engine,P24,middlegame,5,19.627,b5c6,,156,5
2,0,7,v5-engine,P24,middlegame,6,47.486,b5c6,,156,6
2,0,7,v5-engine,P25,middlegame,4,6.678,d7f6,,-100,4
2,0,7,v5-engine,P25,middlegame,5,17.435,d7f6,,-100,5
2,0,7,v5-engine,P25,middlegame,6,38.899,d7f6,,-100,6
2,0,7,v5-engine,P26,middlegame,4,5.242,g8g7,,-298,4
2,0,7,v5-engine,P26,middlegame,5,11.069,g8g7,,-298,5
2,0,7,v5-engine,P26,middlegame,6,22.209,g8g7,,-298,6
2,0,7,v5-engine,P27,middlegame,4,4.921,b4c6,,-98,4
2,0,7,v5-engine,P27,middlegame,5,8.627,b4c6,,-98,5
2,0,7,v5-engine,P27,middlegame,6,30.161,g5e6,,-98,6
2,0,7,v5-engine,P28,middlegame,4,7.654,c3d3,,-86,4
2,0,7,v5-engine,P28,middlegame,5,13.658,c3d3,,-86,5
2,0,7,v5-engine,P28,middlegame,6,37.910,c3d3,,-86,6
2,0,7,v5-engine,P29,middlegame,4,7.841,d8e8,,-52,4
2,0,7,v5-engine,P29,middlegame,5,24.351,c8b8,,-52,5
2,0,7,v5-engine,P29,middlegame,6,44.955,d8e8,,-52,6
2,0,7,v5-engine,P30,middlegame,4,10.007,f5f4,,-100,4
2,0,7,v5-engine,P30,middlegame,5,17.412,f5f4,,-100,5
2,0,7,v5-engine,P30,middlegame,6,36.582,f5f4,,-100,6
2,0,7,v5-engine,P31,endgame,4,2.613,c5g1,,-280,4
2,0,7,v5-engine,P31,endgame,5,3.031,c5g1,,-280,5
2,0,7,v5-engine,P31,endgame,6,5.174,c5g1,,-280,6
2,0,7,v5-engine,P32,endgame,4,2.795,f2e3,,156,4
2,0,7,v5-engine,P32,endgame,5,5.620,f2e3,,156,5
2,0,7,v5-engine,P32,endgame,6,9.845,f2e3,,156,6
2,0,7,v5-engine,P33,endgame,4,4.376,b4a4,,-113,4
2,0,7,v5-engine,P33,endgame,5,6.063,b4a4,,-113,5
2,0,7,v5-engine,P33,endgame,6,14.627,b4a4,,-113,6
2,0,7,v5-engine,P34,endgame,4,1.709,a5a8,,341,4
2,0,7,v5-engine,P34,endgame,5,1.973,a5a8,,341,5
2,0,7,v5-engine,P34,endgame,6,2.651,a5a8,,341,6
2,0,7,v5-engine,P35,endgame,4,3.931,f2g1,,36,4
2,0,7,v5-engine,P35,endgame,5,10.745,f2g1,,36,5
2,0,7,v5-engine,P35,endgame,6,20.511,f2g1,,36,6
2,0,7,v5-engine,P36,endgame,4,2.867,g1f2,,-23,4
2,0,7,v5-engine,P36,endgame,5,4.087,g1f2,,-23,5
2,0,7,v5-engine,P36,endgame,6,8.677,g1f2,,-23,6
2,0,7,v5-engine,P37,endgame,4,2.991,g3g7,,23,4
2,0,7,v5-engine,P37,endgame,5,5.345,g3g7,,23,5
2,0,7,v5-engine,P37,endgame,6,11.076,g3g7,,23,6
2,0,7,v5-engine,P38,endgame,4,2.379,a4b5,,-15,4
2,0,7,v5-engine,P38,endgame,5,2.984,a4b5,,-15,5
2,0,7,v5-engine,P38,endgame,6,6.264,a4b5,,-15,6
2,0,7,v5-engine,P39,endgame,4,2.860,d2g2,,-37,4
2,0,7,v5-engine,P39,endgame,5,5.206,d2g2,,-37,5
2,0,7,v5-engine,P39,endgame,6,18.817,d2a2,,-37,6
2,0,7,v5-engine,P40,endgame,4,5.858,e3e8,,99,4
2,0,7,v5-engine,P40,endgame,5,8.327,e3e8,,99,5
2,0,7,v5-engine,P40,endgame,6,23.705,a4a5,,99,6
2,0,8,v6-ordering,P01,opening,4,8.505,g8f6,,-53,4
2,0,8,v6-ordering,P01,opening,5,11.618,g8f6,,-53,5
2,0,8,v6-ordering,P01,opening,6,28.583,b8c6,,-53,6
2,0,8,v6-ordering,P02,opening,4,5.228,b8c6,,20,4
2,0,8,v6-ordering,P02,opening,5,20.520,e8g8,,20,5
2,0,8,v6-ordering,P02,opening,6,58.334,d8a5,,20,6
2,0,8,v6-ordering,P03,opening,4,8.019,a7a5,,27,4
2,0,8,v6-ordering,P03,opening,5,20.101,c8e6,,27,5
2,0,8,v6-ordering,P03,opening,6,51.757,a7a5,,27,6
2,0,8,v6-ordering,P04,opening,4,6.525,e1g1,,18,4
2,0,8,v6-ordering,P04,opening,5,21.209,d4e5,,18,5
2,0,8,v6-ordering,P04,opening,6,34.585,d4e5,,18,6
2,0,8,v6-ordering,P05,opening,4,5.664,e1g1,,-11,4
2,0,8,v6-ordering,P05,opening,5,12.932,e1g1,,-11,5
2,0,8,v6-ordering,P05,opening,6,44.797,e1g1,,-11,6
2,0,8,v6-ordering,P06,opening,4,7.027,f1c4,,-19,4
2,0,8,v6-ordering,P06,opening,5,10.877,f1c4,,-19,5
2,0,8,v6-ordering,P06,opening,6,36.602,f1c4,,-19,6
2,0,8,v6-ordering,P07,opening,4,4.812,d6b6,,-26,4
2,0,8,v6-ordering,P07,opening,5,23.291,g8f6,,-26,5
2,0,8,v6-ordering,P07,opening,6,29.533,g8f6,,-26,6
2,0,8,v6-ordering,P08,opening,4,4.064,g8f6,,19,4
2,0,8,v6-ordering,P08,opening,5,10.285,g8f6,,19,5
2,0,8,v6-ordering,P08,opening,6,38.003,b8c6,,19,6
2,0,8,v6-ordering,P09,opening,4,7.741,e3e4,,158,4
2,0,8,v6-ordering,P09,opening,5,12.809,d3c2,,158,5
2,0,8,v6-ordering,P09,opening,6,47.686,d3c2,,158,6
2,0,8,v6-ordering,P10,opening,4,5.512,e7e5,,13,4
2,0,8,v6-ordering,P10,opening,5,15.744,e7e5,,13,5
2,0,8,v6-ordering,P10,opening,6,27.889,e7e5,,13,6
2,0,8,v6-ordering,P11,opening,4,4.907,f1d3,,-55,4
2,0,8,v6-ordering,P11,opening,5,9.900,e4d5,,-55,5
2,0,8,v6-ordering,P11,opening,6,32.962,e4e5,,-55,6
2,0,8,v6-ordering,P12,opening,4,7.255,c8d7,,-14,4
2,0,8,v6-ordering,P12,opening,5,11.717,c8d7,,-14,5
2,0,8,v6-ordering,P12,opening,6,23.434,c8d7,,-14,6
2,0,8,v6-ordering,P13,opening,4,2.946,b8c6,,-1,4
2,0,8,v6-ordering,P13,opening,5,4.207,b8c6,,-1,5
2,0,8,v6-ordering,P13,opening,6,20.633,e7e6,,-1,6
2,0,8,v6-ordering,P14,opening,4,3.989,c6d4,,-37,4
2,0,8,v6-ordering,P14,opening,5,11.162,c6d4,,-37,5
2,0,8,v6-ordering,P14,opening,6,32.513,c6d4,,-37,6
2,0,8,v6-ordering,P15,middlegame,4,7.622,h4g3,,76,4
2,0,8,v6-ordering,P15,middlegame,5,15.244,h4g3,,76,5
2,0,8,v6-ordering,P15,middlegame,6,39.917,h4g3,,76,6
2,0,8,v6-ordering,P16,middlegame,4,3.976,a6a5,,-97,4
2,0,8,v6-ordering,P16,middlegame,5,10.681,a6a5,,-97,5
2,0,8,v6-ordering,P16,middlegame,6,34.500,c8b7,,-97,6
2,0,8,v6-ordering,P17,middlegame,4,6.180,c6b4,,-124,4
2,0,8,v6-ordering,P17,middlegame,5,13.019,c6b4,,-124,5
2,0,8,v6-ordering,P17,middlegame,6,48.153,e7f5,,-124,6
2,0,8,v6-ordering,P18,middlegame,4,5.781,c1a3,,117,4
2,0,8,v6-ordering,P18,middlegame,5,18.592,c1e3,,117,5
2,0,8,v6-ordering,P18,middlegame,6,41.827,c1e3,,117,6
2,0,8,v6-ordering,P19,middlegame,4,2.113,c4d5,,-197,4
2,0,8,v6-ordering,P19,middlegame,5,3.216,c4d5,,-197,5
2,0,8,v6-ordering,P19,middlegame,6,4.664,c4d5,,-197,6
2,0,8,v6-ordering,P20,middlegame,4,4.916,h7h6,,40,4
2,0,8,v6-ordering,P20,middlegame,5,16.060,h7h6,,40,5
2,0,8,v6-ordering,P20,middlegame,6,59.569,d8d7,,40,6
2,0,8,v6-ordering,P21,middlegame,4,7.372,e7d5,,-46,4
2,0,8,v6-ordering,P21,middlegame,5,13.122,e7d5,,-46,5
2,0,8,v6-ordering,P21,middlegame,6,44.357,e7d5,,-46,6
2,0,8,v6-ordering,P22,middlegame,4,9.847,g1h1,,69,4
2,0,8,v6-ordering,P22,middlegame,5,18.160,g1h1,,69,5
2,0,8,v6-ordering,P22,middlegame,6,39.846,g1h1,,69,6
2,0,8,v6-ordering,P23,middlegame,4,6.728,e7f6,,33,4
2,0,8,v6-ordering,P23,middlegame,5,9.982,f8e8,,33,5
2,0,8,v6-ordering,P23,middlegame,6,35.452,e7d6,,33,6
2,0,8,v6-ordering,P24,middlegame,4,9.701,b5c6,,156,4
2,0,8,v6-ordering,P24,middlegame,5,16.478,b5c6,,156,5
2,0,8,v6-ordering,P24,middlegame,6,45.509,b5c6,,156,6
2,0,8,v6-ordering,P25,middlegame,4,4.904,d7f6,,-100,4
2,0,8,v6-ordering,P25,middlegame,5,15.006,d7b6,,-100,5
2,0,8,v6-ordering,P25,middlegame,6,23.675,d7b6,,-100,6
2,0,8,v6-ordering,P26,middlegame,4,4.040,g8g7,,-298,4
2,0,8,v6-ordering,P26,middlegame,5,7.971,g8g7,,-298,5
2,0,8,v6-ordering,P26,middlegame,6,20.452,g8g7,,-298,6
2,0,8,v6-ordering,P27,middlegame,4,4.324,b4c6,,-98,4
2,0,8,v6-ordering,P27,middlegame,5,7.463,b4c6,,-98,5
2,0,8,v6-ordering,P27,middlegame,6,23.454,b4c6,,-98,6
2,0,8,v6-ordering,P28,middlegame,4,5.589,c3d3,,-86,4
2,0,8,v6-ordering,P28,middlegame,5,8.800,c3d3,,-86,5
2,0,8,v6-ordering,P28,middlegame,6,19.909,c3d3,,-86,6
2,0,8,v6-ordering,P29,middlegame,4,6.250,d8e8,,-52,4
2,0,8,v6-ordering,P29,middlegame,5,14.760,c8b8,,-52,5
2,0,8,v6-ordering,P29,middlegame,6,28.472,d8e8,,-52,6
2,0,8,v6-ordering,P30,middlegame,4,5.647,a6b4,,-100,4
2,0,8,v6-ordering,P30,middlegame,5,20.514,f5f4,,-100,5
2,0,8,v6-ordering,P30,middlegame,6,38.718,f5f4,,-100,6
2,0,8,v6-ordering,P31,endgame,4,2.624,c5g1,,-280,4
2,0,8,v6-ordering,P31,endgame,5,2.555,c5g1,,-280,5
2,0,8,v6-ordering,P31,endgame,6,4.744,c5g1,,-280,6
2,0,8,v6-ordering,P32,endgame,4,2.502,f2e3,,156,4
2,0,8,v6-ordering,P32,endgame,5,4.291,f2e3,,156,5
2,0,8,v6-ordering,P32,endgame,6,8.993,f2e3,,156,6
2,0,8,v6-ordering,P33,endgame,4,3.565,b4a4,,-113,4
2,0,8,v6-ordering,P33,endgame,5,4.768,b4a4,,-113,5
2,0,8,v6-ordering,P33,endgame,6,9.441,b4a4,,-113,6
2,0,8,v6-ordering,P34,endgame,4,1.665,a5a8,,341,4
2,0,8,v6-ordering,P34,endgame,5,1.950,a5a8,,341,5
2,0,8,v6-ordering,P34,endgame,6,2.554,a5a8,,341,6
2,0,8,v6-ordering,P35,endgame,4,3.934,f2g1,,36,4
2,0,8,v6-ordering,P35,endgame,5,9.564,f2g1,,36,5
2,0,8,v6-ordering,P35,endgame,6,16.436,f2g1,,36,6
2,0,8,v6-ordering,P36,endgame,4,2.836,g1f2,,-23,4
2,0,8,v6-ordering,P36,endgame,5,3.700,g1f2,,-23,5
2,0,8,v6-ordering,P36,endgame,6,7.931,g1f2,,-23,6
2,0,8,v6-ordering,P37,endgame,4,2.439,g3g7,,23,4
2,0,8,v6-ordering,P37,endgame,5,3.750,g3g7,,23,5
2,0,8,v6-ordering,P37,endgame,6,6.884,g3g7,,23,6
2,0,8,v6-ordering,P38,endgame,4,2.259,a4b5,,-15,4
2,0,8,v6-ordering,P38,endgame,5,2.847,a4b5,,-15,5
2,0,8,v6-ordering,P38,endgame,6,4.845,a4b5,,-15,6
2,0,8,v6-ordering,P39,endgame,4,2.393,d2g2,,-37,4
2,0,8,v6-ordering,P39,endgame,5,3.544,d2g2,,-37,5
2,0,8,v6-ordering,P39,endgame,6,12.655,d2a2,,-37,6
2,0,8,v6-ordering,P40,endgame,4,6.096,e3e8,,99,4
2,0,8,v6-ordering,P40,endgame,5,7.964,e3e8,,99,5
2,0,8,v6-ordering,P40,endgame,6,23.882,a4a5,,99,6
2,0,9,v6.1-stack,P01,opening,4,7.539,g8f6,,-53,4
2,0,9,v6.1-stack,P01,opening,5,9.813,g8f6,,-53,5
2,0,9,v6.1-stack,P01,opening,6,24.218,b8c6,,-53,6
2,0,9,v6.1-stack,P02,opening,4,4.486,b8c6,,20,4
2,0,9,v6.1-stack,P02,opening,5,17.079,e8g8,,20,5
2,0,9,v6.1-stack,P02,opening,6,48.601,d8a5,,20,6
2,0,9,v6.1-stack,P03,opening,4,6.830,a7a5,,27,4
2,0,9,v6.1-stack,P03,opening,5,16.839,c8e6,,27,5
2,0,9,v6.1-stack,P03,opening,6,40.126,a7a5,,27,6
2,0,9,v6.1-stack,P04,opening,4,5.178,e1g1,,18,4
2,0,9,v6.1-stack,P04,opening,5,16.704,d4e5,,18,5
2,0,9,v6.1-stack,P04,opening,6,26.689,d4e5,,18,6
2,0,9,v6.1-stack,P05,opening,4,4.420,e1g1,,-11,4
2,0,9,v6.1-stack,P05,opening,5,10.288,e1g1,,-11,5
2,0,9,v6.1-stack,P05,opening,6,37.106,e1g1,,-11,6
2,0,9,v6.1-stack,P06,opening,4,5.886,f1c4,,-19,4
2,0,9,v6.1-stack,P06,opening,5,9.319,f1c4,,-19,5
2,0,9,v6.1-stack,P06,opening,6,31.046,f1c4,,-19,6
2,0,9,v6.1-stack,P07,opening,4,4.252,d6b6,,-26,4
2,0,9,v6.1-stack,P07,opening,5,19.344,g8f6,,-26,5
2,0,9,v6.1-stack,P07,opening,6,24.602,g8f6,,-26,6
2,0,9,v6.1-stack,P08,opening,4,3.582,g8f6,,19,4
2,0,9,v6.1-stack,P08,opening,5,8.627,g8f6,,19,5
2,0,9,v6.1-stack,P08,opening,6,31.488,b8c6,,19,6
2,0,9,v6.1-stack,P09,opening,4,6.501,e3e4,,158,4
2,0,9,v6.1-stack,P09,opening,5,10.771,d3c2,,158,5
2,0,9,v6.1-stack,P09,opening,6,40.461,d3c2,,158,6
2,0,9,v6.1-stack,P10,opening,4,4.828,e7e5,,13,4
2,0,9,v6.1-stack,P10,opening,5,12.877,e7e5,,13,5
2,0,9,v6.1-stack,P10,opening,6,22.961,e7e5,,13,6
2,0,9,v6.1-stack,P11,opening,4,4.240,f1d3,,-55,4
2,0,9,v6.1-stack,P11,opening,5,8.641,e4d5,,-55,5
2,0,9,v6.1-stack,P11,opening,6,28.008,e4e5,,-55,6
2,0,9,v6.1-stack,P12,opening,4,6.002,c8d7,,-14,4
2,0,9,v6.1-stack,P12,opening,5,9.568,c8d7,,-14,5
2,0,9,v6.1-stack,P12,opening,6,19.135,c8d7,,-14,6
2,0,9,v6.1-stack,P13,opening,4,2.780,b8c6,,-1,4
2,0,9,v6.1-stack,P13,opening,5,3.683,b8c6,,-1,5
2,0,9,v6.1-stack,P13,opening,6,17.217,e7e6,,-1,6
2,0,9,v6.1-stack,P14,opening,4,3.478,c6d4,,-37,4
2,0,9,v6.1-stack,P14,opening,5,9.277,c6d4,,-37,5
2,0,9,v6.1-stack,P14,opening,6,26.326,c6d4,,-37,6
2,0,9,v6.1-stack,P15,middlegame,4,6.486,h4g3,,76,4
2,0,9,v6.1-stack,P15,middlegame,5,12.596,h4g3,,76,5
2,0,9,v6.1-stack,P15,middlegame,6,33.322,h4g3,,76,6
2,0,9,v6.1-stack,P16,middlegame,4,3.325,a6a5,,-97,4
2,0,9,v6.1-stack,P16,middlegame,5,8.728,a6a5,,-97,5
2,0,9,v6.1-stack,P16,middlegame,6,28.185,c8b7,,-97,6
2,0,9,v6.1-stack,P17,middlegame,4,5.398,c6b4,,-124,4
2,0,9,v6.1-stack,P17,middlegame,5,11.207,c6b4,,-124,5
2,0,9,v6.1-stack,P17,middlegame,6,39.770,e7f5,,-124,6
2,0,9,v6.1-stack,P18,middlegame,4,4.929,c1a3,,117,4
2,0,9,v6.1-stack,P18,middlegame,5,15.004,c1e3,,117,5
2,0,9,v6.1-stack,P18,middlegame,6,32.690,c1e3,,117,6
2,0,9,v6.1-stack,P19,middlegame,4,1.998,c4d5,,-197,4
2,0,9,v6.1-stack,P19,middlegame,5,3.089,c4d5,,-197,5
2,0,9,v6.1-stack,P19,middlegame,6,3.872,c4d5,,-197,6
2,0,9,v6.1-stack,P20,middlegame,4,4.329,h7h6,,40,4
2,0,9,v6.1-stack,P20,middlegame,5,13.652,h7h6,,40,5
2,0,9,v6.1-stack,P20,middlegame,6,49.146,d8d7,,40,6
2,0,9,v6.1-stack,P21,middlegame,4,6.172,e7d5,,-46,4
2,0,9,v6.1-stack,P21,middlegame,5,10.556,e7d5,,-46,5
2,0,9,v6.1-stack,P21,middlegame,6,35.566,e7d5,,-46,6
2,0,9,v6.1-stack,P22,middlegame,4,8.042,g1h1,,69,4
2,0,9,v6.1-stack,P22,middlegame,5,15.229,g1h1,,69,5
2,0,9,v6.1-stack,P22,middlegame,6,32.583,g1h1,,69,6
2,0,9,v6.1-stack,P23,middlegame,4,4.530,e7f6,,33,4
2,0,9,v6.1-stack,P23,middlegame,5,8.349,f8e8,,33,5
2,0,9,v6.1-stack,P23,middlegame,6,28.933,e7d6,,33,6
2,0,9,v6.1-stack,P24,middlegame,4,8.348,b5c6,,156,4
2,0,9,v6.1-stack,P24,middlegame,5,13.639,b5c6,,156,5
2,0,9,v6.1-stack,P24,middlegame,6,38.136,b5c6,,156,6
2,0,9,v6.1-stack,P25,middlegame,4,4.361,d7f6,,-100,4
2,0,9,v6.1-stack,P25,middlegame,5,12.522,d7b6,,-100,5
2,0,9,v6.1-stack,P25,middlegame,6,19.830,d7b6,,-100,6
2,0,9,v6.1-stack,P26,middlegame,4,3.633,g8g7,,-298,4
2,0,9,v6.1-stack,P26,middlegame,5,7.141,g8g7,,-298,5
2,0,9,v6.1-stack,P26,middlegame,6,17.512,g8g7,,-298,6
2,0,9,v6.1-stack,P27,middlegame,4,3.696,b4c6,,-98,4
2,0,9,v6.1-stack,P27,middlegame,5,6.141,b4c6,,-98,5
2,0,9,v6.1-stack,P27,middlegame,6,18.530,b4c6,,-98,6
2,0,9,v6.1-stack,P28,middlegame,4,4.454,c3d3,,-86,4
2,0,9,v6.1-stack,P28,middlegame,5,7.048,c3d3,,-86,5
2,0,9,v6.1-stack,P28,middlegame,6,14.999,c3d3,,-86,6
2,0,9,v6.1-stack,P29,middlegame,4,5.392,d8e8,,-52,4
2,0,9,v6.1-stack,P29,middlegame,5,12.175,c8b8,,-52,5
2,0,9,v6.1-stack,P29,middlegame,6,23.285,d8e8,,-52,6
2,0,9,v6.1-stack,P30,middlegame,4,4.866,a6b4,,-100,4
2,0,9,v6.1-stack,P30,middlegame,5,16.942,f5f4,,-100,5
2,0,9,v6.1-stack,P30,middlegame,6,31.867,f5f4,,-100,6
2,0,9,v6.1-stack,P31,endgame,4,2.358,c5g1,,-280,4
2,0,9,v6.1-stack,P31,endgame,5,2.212,c5g1,,-280,5
2,0,9,v6.1-stack,P31,endgame,6,3.888,c5g1,,-280,6
2,0,9,v6.1-stack,P32,endgame,4,2.133,f2e3,,156,4
2,0,9,v6.1-stack,P32,endgame,5,3.457,f2e3,,156,5
2,0,9,v6.1-stack,P32,endgame,6,6.870,f2e3,,156,6
2,0,9,v6.1-stack,P33,endgame,4,2.830,b4a4,,-113,4
2,0,9,v6.1-stack,P33,endgame,5,3.806,b4a4,,-113,5
2,0,9,v6.1-stack,P33,endgame,6,7.447,b4a4,,-113,6
2,0,9,v6.1-stack,P34,endgame,4,1.567,a5a8,,341,4
2,0,9,v6.1-stack,P34,endgame,5,1.831,a5a8,,341,5
2,0,9,v6.1-stack,P34,endgame,6,2.209,a5a8,,341,6
2,0,9,v6.1-stack,P35,endgame,4,3.189,f2g1,,36,4
2,0,9,v6.1-stack,P35,endgame,5,6.740,f2g1,,36,5
2,0,9,v6.1-stack,P35,endgame,6,11.602,f2g1,,36,6
2,0,9,v6.1-stack,P36,endgame,4,2.373,g1f2,,-23,4
2,0,9,v6.1-stack,P36,endgame,5,3.096,g1f2,,-23,5
2,0,9,v6.1-stack,P36,endgame,6,6.337,g1f2,,-23,6
2,0,9,v6.1-stack,P37,endgame,4,2.118,g3g7,,23,4
2,0,9,v6.1-stack,P37,endgame,5,2.939,g3g7,,23,5
2,0,9,v6.1-stack,P37,endgame,6,5.339,g3g7,,23,6
2,0,9,v6.1-stack,P38,endgame,4,2.004,a4b5,,-15,4
2,0,9,v6.1-stack,P38,endgame,5,2.468,a4b5,,-15,5
2,0,9,v6.1-stack,P38,endgame,6,3.974,a4b5,,-15,6
2,0,9,v6.1-stack,P39,endgame,4,2.285,d2g2,,-37,4
2,0,9,v6.1-stack,P39,endgame,5,3.135,d2g2,,-37,5
2,0,9,v6.1-stack,P39,endgame,6,9.368,d2a2,,-37,6
2,0,9,v6.1-stack,P40,endgame,4,4.769,e3e8,,99,4
2,0,9,v6.1-stack,P40,endgame,5,6.032,e3e8,,99,5
2,0,9,v6.1-stack,P40,endgame,6,16.937,a4a5,,99,6
2,0,10,v7,P01,opening,4,8.677,g8f6,-63,-75,4
2,0,10,v7,P01,opening,5,8.124,g8f6,-63,-75,5
2,0,10,v7,P01,opening,6,24.010,b8d7,-69,-75,6
2,0,10,v7,P02,opening,4,5.796,d8b6,82,36,4
2,0,10,v7,P02,opening,5,11.240,b8c6,65,36,5
2,0,10,v7,P02,opening,6,40.334,d8a5,64,36,6
2,0,10,v7,P03,opening,4,5.106,e7e6,47,41,4
2,0,10,v7,P03,opening,5,10.446,e7e6,89,41,5
2,0,10,v7,P03,opening,6,29.594,e7e6,59,41,6
2,0,10,v7,P04,opening,4,5.188,d4e5,98,73,4
2,0,10,v7,P04,opening,5,8.515,d4e5,116,73,5
2,0,10,v7,P04,opening,6,23.221,b1c3,96,73,6
2,0,10,v7,P05,opening,4,7.714,e1g1,76,-22,4
2,0,10,v7,P05,opening,5,12.063,e1g1,100,-22,5
2,0,10,v7,P05,opening,6,32.658,e1g1,76,-22,6
2,0,10,v7,P06,opening,4,4.122,f1c4,80,24,4
2,0,10,v7,P06,opening,5,7.308,f1c4,63,24,5
2,0,10,v7,P06,opening,6,21.610,f1c4,49,24,6
2,0,10,v7,P07,opening,4,2.548,d6b6,73,17,4
2,0,10,v7,P07,opening,5,9.718,g8f6,44,17,5
2,0,10,v7,P07,opening,6,21.514,d6b6,23,17,6
2,0,10,v7,P08,opening,4,5.839,b8c6,-1,28,4
2,0,10,v7,P08,opening,5,7.244,b8c6,49,28,5
2,0,10,v7,P08,opening,6,28.862,b8c6,-20,28,6
2,0,10,v7,P09,opening,4,4.212,c3b5,98,160,4
2,0,10,v7,P09,opening,5,8.437,a2a4,100,160,5
2,0,10,v7,P09,opening,6,25.801,a2a4,71,160,6
2,0,10,v7,P10,opening,4,3.102,g8f6,39,28,4
2,0,10,v7,P10,opening,5,6.588,e7e5,45,28,5
2,0,10,v7,P10,opening,6,15.586,e7e5,34,28,6
2,0,10,v7,P11,opening,4,2.989,e4d5,-43,-56,4
2,0,10,v7,P11,opening,5,4.894,e4d5,29,-56,5
2,0,10,v7,P11,opening,6,15.380,e4e5,-25,-56,6
2,0,10,v7,P12,opening,4,6.398,d8b6,-95,-45,4
2,0,10,v7,P12,opening,5,11.828,c8d7,-39,-45,5
2,0,10,v7,P12,opening,6,23.937,d8b6,-62,-45,6
2,0,10,v7,P13,opening,4,2.101,b8c6,-31,26,4
2,0,10,v7,P13,opening,5,3.472,e7e6,21,26,5
2,0,10,v7,P13,opening,6,9.682,e7e5,-1,26,6
2,0,10,v7,P14,opening,4,4.232,c6d4,40,-78,4
2,0,10,v7,P14,opening,5,10.661,c6d4,57,-78,5
2,0,10,v7,P14,opening,6,22.706,c6d4,57,-78,6
2,0,10,v7,P15,middlegame,4,5.730,h4g3,-9,67,4
2,0,10,v7,P15,middlegame,5,8.519,h4g3,-6,67,5
2,0,10,v7,P15,middlegame,6,39.684,h4g3,30,67,6
2,0,10,v7,P16,middlegame,4,4.030,a6a5,-102,-83,4
2,0,10,v7,P16,middlegame,5,7.226,a6a5,-72,-83,5
2,0,10,v7,P16,middlegame,6,24.782,c8b7,-118,-83,6
2,0,10,v7,P17,middlegame,4,5.355,a7a6,-102,-92,4
2,0,10,v7,P17,middlegame,5,15.942,c6b4,-71,-92,5
2,0,10,v7,P17,middlegame,6,38.451,e7f5,-58,-92,6
2,0,10,v7,P18,middlegame,4,4.387,c1a3,199,140,4
2,0,10,v7,P18,middlegame,5,12.622,g4d7,187,140,5
2,0,10,v7,P18,middlegame,6,22.796,c1a3,180,140,6
2,0,10,v7,P19,middlegame,4,1.614,c4d5,145,-176,4
2,0,10,v7,P19,middlegame,5,2.221,c4d5,128,-176,5
2,0,10,v7,P19,middlegame,6,3.944,c4d5,122,-176,6
2,0,10,v7,P20,middlegame,4,3.944,h7h6,45,2,4
2,0,10,v7,P20,middlegame,5,10.253,h7h6,50,2,5
2,0,10,v7,P20,middlegame,6,29.486,f8e8,43,2,6
2,0,10,v7,P21,middlegame,4,5.538,e8g8,-28,-83,4
2,0,10,v7,P21,middlegame,5,8.724,e8g8,12,-83,5
2,0,10,v7,P21,middlegame,6,28.218,e8g8,-20,-83,6
2,0,10,v7,P22,middlegame,4,6.594,e4f5,-14,54,4
2,0,10,v7,P22,middlegame,5,16.375,e2e3,-25,54,5
2,0,10,v7,P22,middlegame,6,38.083,e2e3,-19,54,6
2,0,10,v7,P23,middlegame,4,3.866,e7d6,41,20,4
2,0,10,v7,P23,middlegame,5,7.252,e7d6,99,20,5
2,0,10,v7,P23,middlegame,6,11.989,e7d6,76,20,6
2,0,10,v7,P24,middlegame,4,7.487,f4e3,72,90,4
2,0,10,v7,P24,middlegame,5,16.607,d3e5,68,90,5
2,0,10,v7,P24,middlegame,6,47.543,d3e5,64,90,6
2,0,10,v7,P25,middlegame,4,3.562,d7f6,-101,-94,4
2,0,10,v7,P25,middlegame,5,8.312,d7f6,-72,-94,5
2,0,10,v7,P25,middlegame,6,13.542,d7f6,-72,-94,6
2,0,10,v7,P26,middlegame,4,3.425,g8g7,-99,-202,4
2,0,10,v7,P26,middlegame,5,5.664,g8g7,-119,-202,5
2,0,10,v7,P26,middlegame,6,14.001,g8g7,-129,-202,6
2,0,10,v7,P27,middlegame,4,3.361,b4d3,-90,-187,4
2,0,10,v7,P27,middlegame,5,6.738,b4d3,-75,-187,5
2,0,10,v7,P27,middlegame,6,14.828,g5f3,-27,-187,6
2,0,10,v7,P28,middlegame,4,6.161,e2e4,-91,-116,4
2,0,10,v7,P28,middlegame,5,12.385,c3c1,-113,-116,5
2,0,10,v7,P28,middlegame,6,23.176,c3c1,-113,-116,6
2,0,10,v7,P29,middlegame,4,3.529,f8e7,-76,-75,4
2,0,10,v7,P29,middlegame,5,5.514,f8e7,-76,-75,5
2,0,10,v7,P29,middlegame,6,18.943,a7a6,-45,-75,6
2,0,10,v7,P30,middlegame,4,4.171,d8h4,-113,-137,4
2,0,10,v7,P30,middlegame,5,8.702,d8h4,-105,-137,5
2,0,10,v7,P30,middlegame,6,26.922,d8h4,-118,-137,6
2,0,10,v7,P31,endgame,4,2.075,c5g1,-134,-426,4
2,0,10,v7,P31,endgame,5,2.538,c5g1,-134,-426,5
2,0,10,v7,P31,endgame,6,4.938,c5g1,-134,-426,6
2,0,10,v7,P32,endgame,4,3.294,f2f3,258,245,4
2,0,10,v7,P32,endgame,5,7.426,a1a6,266,245,5
2,0,10,v7,P32,endgame,6,19.099,f2e3,248,245,6
2,0,10,v7,P33,endgame,4,2.833,e1c1,-91,-91,4
2,0,10,v7,P33,endgame,5,5.640,b4a4,-73,-91,5
2,0,10,v7,P33,endgame,6,11.064,b4a4,-93,-91,6
2,0,10,v7,P34,endgame,4,1.714,a5a6,95,105,4
2,0,10,v7,P34,endgame,5,2.240,a5a6,137,105,5
2,0,10,v7,P34,endgame,6,3.800,a5a6,95,105,6
2,0,10,v7,P35,endgame,4,2.711,f2g1,-16,32,4
2,0,10,v7,P35,endgame,5,5.020,f2g1,-16,32,5
2,0,10,v7,P35,endgame,6,10.576,f2g1,-16,32,6
2,0,10,v7,P36,endgame,4,3.236,g1h1,25,25,4
2,0,10,v7,P36,endgame,5,4.893,e7d8,40,25,5
2,0,10,v7,P36,endgame,6,10.449,e7d8,40,25,6
2,0,10,v7,P37,endgame,4,2.240,g3g7,216,-35,4
2,0,10,v7,P37,endgame,5,2.819,g3g7,216,-35,5
2,0,10,v7,P37,endgame,6,4.380,g3g7,216,-35,6
2,0,10,v7,P38,endgame,4,2.082,a4b5,-67,-116,4
2,0,10,v7,P38,endgame,5,2.878,a4b5,-19,-116,5
2,0,10,v7,P38,endgame,6,4.952,a4b5,-16,-116,6
2,0,10,v7,P39,endgame,4,2.653,d2g2,26,-20,4
2,0,10,v7,P39,endgame,5,4.150,d2g2,26,-20,5
2,0,10,v7,P39,endgame,6,14.023,d2a2,-2,-20,6
2,0,10,v7,P40,endgame,4,5.280,e3d3,131,12,4
2,0,10,v7,P40,endgame,5,16.153,e3e8,147,12,5
2,0,10,v7,P40,endgame,6,31.264,e3d4,168,12,6
2,0,11,v7-nnue,P01,opening,4,9.156,g8f6,-63,-75,4
2,0,11,v7-nnue,P01,opening,5,8.064,g8f6,-63,-75,5
2,0,11,v7-nnue,P01,opening,6,23.941,b8d7,-69,-75,6
2,0,11,v7-nnue,P02,opening,4,5.751,d8b6,82,36,4
2,0,11,v7-nnue,P02,opening,5,11.141,b8c6,65,36,5
2,0,11,v7-nnue,P02,opening,6,40.085,d8a5,64,36,6
2,0,11,v7-nnue,P03,opening,4,5.149,e7e6,47,41,4
2,0,11,v7-nnue,P03,opening,5,10.127,e7e6,89,41,5
2,0,11,v7-nnue,P03,opening,6,29.400,e7e6,59,41,6
2,0,11,v7-nnue,P04,opening,4,5.192,d4e5,98,73,4
2,0,11,v7-nnue,P04,opening,5,8.448,d4e5,116,73,5
2,0,11,v7-nnue,P04,opening,6,23.500,b1c3,96,73,6
2,0,11,v7-nnue,P05,opening,4,7.506,e1g1,76,-22,4
2,0,11,v7-nnue,P05,opening,5,12.174,e1g1,100,-22,5
2,0,11,v7-nnue,P05,opening,6,32.643,e1g1,76,-22,6
2,0,11,v7-nnue,P06,opening,4,4.090,f1c4,80,24,4
2,0,11,v7-nnue,P06,opening,5,7.553,f1c4,63,24,5
2,0,11,v7-nnue,P06,opening,6,21.509,f1c4,49,24,6
2,0,11,v7-nnue,P07,opening,4,2.577,d6b6,73,17,4
2,0,11,v7-nnue,P07,opening,5,9.957,g8f6,44,17,5
2,0,11,v7-nnue,P07,opening,6,21.865,d6b6,23,17,6
2,0,11,v7-nnue,P08,opening,4,3.908,b8c6,-1,28,4
2,0,11,v7-nnue,P08,opening,5,7.235,b8c6,49,28,5
2,0,11,v7-nnue,P08,opening,6,28.881,b8c6,-20,28,6
2,0,11,v7-nnue,P09,opening,4,4.248,c3b5,98,160,4
2,0,11,v7-nnue,P09,opening,5,8.566,a2a4,100,160,5
2,0,11,v7-nnue,P09,opening,6,26.241,a2a4,71,160,6
2,0,11,v7-nnue,P10,opening,4,3.083,g8f6,39,28,4
2,0,11,v7-nnue,P10,opening,5,6.501,e7e5,45,28,5
2,0,11,v7-nnue,P10,opening,6,15.552,e7e5,34,28,6
2,0,11,v7-nnue,P11,opening,4,3.137,e4d5,-43,-56,4
2,0,11,v7-nnue,P11,opening,5,4.944,e4d5,29,-56,5
2,0,11,v7-nnue,P11,opening,6,15.355,e4e5,-25,-56,6
2,0,11,v7-nnue,P12,opening,4,6.337,d8b6,-95,-45,4
2,0,11,v7-nnue,P12,opening,5,11.578,c8d7,-39,-45,5
2,0,11,v7-nnue,P12,opening,6,23.586,d8b6,-62,-45,6
2,0,11,v7-nnue,P13,opening,4,2.096,b8c6,-31,26,4
2,0,11,v7-nnue,P13,opening,5,3.477,e7e6,21,26,5
2,0,11,v7-nnue,P13,opening,6,9.838,e7e5,-1,26,6
2,0,11,v7-nnue,P14,opening,4,4.129,c6d4,40,-78,4
2,0,11,v7-nnue,P14,opening,5,10.481,c6d4,57,-78,5
2,0,11,v7-nnue,P14,opening,6,22.079,c6d4,57,-78,6
2,0,11,v7-nnue,P15,middlegame,4,5.905,h4g3,-9,67,4
2,0,11,v7-nnue,P15,middlegame,5,8.339,h4g3,-6,67,5
2,0,11,v7-nnue,P15,middlegame,6,40.710,h4g3,30,67,6
2,0,11,v7-nnue,P16,middlegame,4,3.979,a6a5,-102,-83,4
2,0,11,v7-nnue,P16,middlegame,5,7.427,a6a5,-72,-83,5
2,0,11,v7-nnue,P16,middlegame,6,24.114,c8b7,-118,-83,6
2,0,11,v7-nnue,P17,middlegame,4,5.517,a7a6,-102,-92,4
2,0,11,v7-nnue,P17,middlegame,5,15.869,c6b4,-71,-92,5
2,0,11,v7-nnue,P17,middlegame,6,37.826,e7f5,-58,-92,6
2,0,11,v7-nnue,P18,middlegame,4,4.435,c1a3,199,140,4
2,0,11,v7-nnue,P18,middlegame,5,12.613,g4d7,187,140,5
2,0,11,v7-nnue,P18,middlegame,6,23.013,c1a3,180,140,6
2,0,11,v7-nnue,P19,middlegame,4,1.639,c4d5,145,-176,4
2,0,11,v7-nnue,P19,middlegame,5,2.235,c4d5,128,-176,5
2,0,11,v7-nnue,P19,middlegame,6,4.004,c4d5,122,-176,6
2,0,11,v7-nnue,P20,middlegame,4,4.067,h7h6,45,2,4
2,0,11,v7-nnue,P20,middlegame,5,10.378,h7h6,50,2,5
2,0,11,v7-nnue,P20,middlegame,6,28.835,f8e8,43,2,6
2,0,11,v7-nnue,P21,middlegame,4,5.543,e8g8,-28,-83,4
2,0,11,v7-nnue,P21,middlegame,5,8.111,e8g8,12,-83,5
2,0,11,v7-nnue,P21,middlegame,6,28.338,e8g8,-20,-83,6
2,0,11,v7-nnue,P22,middlegame,4,6.316,e4f5,-14,54,4
2,0,11,v7-nnue,P22,middlegame,5,16.345,e2e3,-25,54,5
2,0,11,v7-nnue,P22,middlegame,6,38.646,e2e3,-19,54,6
2,0,11,v7-nnue,P23,middlegame,4,3.800,e7d6,41,20,4
2,0,11,v7-nnue,P23,middlegame,5,7.354,e7d6,99,20,5
2,0,11,v7-nnue,P23,middlegame,6,11.803,e7d6,76,20,6
2,0,11,v7-nnue,P24,middlegame,4,7.534,f4e3,72,90,4
2,0,11,v7-nnue,P24,middlegame,5,16.181,d3e5,68,90,5
2,0,11,v7-nnue,P24,middlegame,6,45.855,d3e5,64,90,6
2,0,11,v7-nnue,P25,middlegame,4,3.589,d7f6,-101,-94,4
2,0,11,v7-nnue,P25,middlegame,5,8.295,d7f6,-72,-94,5
2,0,11,v7-nnue,P25,middlegame,6,13.419,d7f6,-72,-94,6
2,0,11,v7-nnue,P26,middlegame,4,3.382,g8g7,-99,-202,4
2,0,11,v7-nnue,P26,middlegame,5,5.538,g8g7,-119,-202,5
2,0,11,v7-nnue,P26,middlegame,6,13.766,g8g7,-129,-202,6
2,0,11,v7-nnue,P27,middlegame,4,3.395,b4d3,-90,-187,4
2,0,11,v7-nnue,P27,middlegame,5,6.768,b4d3,-75,-187,5
2,0,11,v7-nnue,P27,middlegame,6,14.984,g5f3,-27,-187,6
2,0,11,v7-nnue,P28,middlegame,4,6.185,e2e4,-91,-116,4
2,0,11,v7-nnue,P28,middlegame,5,12.244,c3c1,-113,-116,5
2,0,11,v7-nnue,P28,middlegame,6,23.255,c3c1,-113,-116,6
2,0,11,v7-nnue,P29,middlegame,4,3.423,f8e7,-76,-75,4
2,0,11,v7-nnue,P29,middlegame,5,5.471,f8e7,-76,-75,5
2,0,11,v7-nnue,P29,middlegame,6,18.978,a7a6,-45,-75,6
2,0,11,v7-nnue,P30,middlegame,4,4.110,d8h4,-113,-137,4
2,0,11,v7-nnue,P30,middlegame,5,8.709,d8h4,-105,-137,5
2,0,11,v7-nnue,P30,middlegame,6,26.764,d8h4,-118,-137,6
2,0,11,v7-nnue,P31,endgame,4,2.107,c5g1,-134,-426,4
2,0,11,v7-nnue,P31,endgame,5,2.458,c5g1,-134,-426,5
2,0,11,v7-nnue,P31,endgame,6,5.074,c5g1,-134,-426,6
2,0,11,v7-nnue,P32,endgame,4,3.309,f2f3,258,245,4
2,0,11,v7-nnue,P32,endgame,5,7.399,a1a6,266,245,5
2,0,11,v7-nnue,P32,endgame,6,19.038,f2e3,248,245,6
2,0,11,v7-nnue,P33,endgame,4,2.806,e1c1,-91,-91,4
2,0,11,v7-nnue,P33,endgame,5,5.739,b4a4,-73,-91,5
2,0,11,v7-nnue,P33,endgame,6,10.909,b4a4,-93,-91,6
2,0,11,v7-nnue,P34,endgame,4,1.653,a5a6,95,105,4
2,0,11,v7-nnue,P34,endgame,5,2.348,a5a6,137,105,5
2,0,11,v7-nnue,P34,endgame,6,3.652,a5a6,95,105,6
2,0,11,v7-nnue,P35,endgame,4,2.791,f2g1,-16,32,4
2,0,11,v7-nnue,P35,endgame,5,5.165,f2g1,-16,32,5
2,0,11,v7-nnue,P35,endgame,6,10.305,f2g1,-16,32,6
2,0,11,v7-nnue,P36,endgame,4,3.298,g1h1,25,25,4
2,0,11,v7-nnue,P36,endgame,5,4.799,e7d8,40,25,5
2,0,11,v7-nnue,P36,endgame,6,10.619,e7d8,40,25,6
2,0,11,v7-nnue,P37,endgame,4,2.481,g3g7,216,-35,4
2,0,11,v7-nnue,P37,endgame,5,2.850,g3g7,216,-35,5
2,0,11,v7-nnue,P37,endgame,6,4.391,g3g7,216,-35,6
2,0,11,v7-nnue,P38,endgame,4,2.188,a4b5,-67,-116,4
2,0,11,v7-nnue,P38,endgame,5,2.708,a4b5,-19,-116,5
2,0,11,v7-nnue,P38,endgame,6,4.985,a4b5,-16,-116,6
2,0,11,v7-nnue,P39,endgame,4,2.603,d2g2,26,-20,4
2,0,11,v7-nnue,P39,endgame,5,4.134,d2g2,26,-20,5
2,0,11,v7-nnue,P39,endgame,6,14.249,d2a2,-2,-20,6
2,0,11,v7-nnue,P40,endgame,4,4.939,e3d3,131,12,4
2,0,11,v7-nnue,P40,endgame,5,16.047,e3e8,147,12,5
2,0,11,v7-nnue,P40,endgame,6,31.163,e3d4,168,12,6
2,0,12,v7.2-nnue,P01,opening,4,9.602,g8f6,-34,19,4
2,0,12,v7.2-nnue,P01,opening,5,8.654,a7a5,-41,19,5
2,0,12,v7.2-nnue,P01,opening,6,30.257,g8f6,-53,19,6
2,0,12,v7.2-nnue,P02,opening,4,8.232,d8b6,99,112,4
2,0,12,v7.2-nnue,P02,opening,5,14.820,d8a5,58,112,5
2,0,12,v7.2-nnue,P02,opening,6,44.830,d8a5,72,112,6
2,0,12,v7.2-nnue,P03,opening,4,5.005,c8e6,81,135,4
2,0,12,v7.2-nnue,P03,opening,5,10.422,e7e5,43,135,5
2,0,12,v7.2-nnue,P03,opening,6,43.422,c8e6,44,135,6
2,0,12,v7.2-nnue,P04,opening,4,4.688,e1g1,150,154,4
2,0,12,v7.2-nnue,P04,opening,5,7.322,f3e5,102,154,5
2,0,12,v7.2-nnue,P04,opening,6,24.330,f3e5,136,154,6
2,0,12,v7.2-nnue,P05,opening,4,4.205,f3d4,132,64,4
2,0,12,v7.2-nnue,P05,opening,5,8.328,f3d4,65,64,5
2,0,12,v7.2-nnue,P05,opening,6,29.860,f3d4,131,64,6
2,0,12,v7.2-nnue,P06,opening,4,4.205,f1c4,121,105,4
2,0,12,v7.2-nnue,P06,opening,5,10.035,f1c4,18,105,5
2,0,12,v7.2-nnue,P06,opening,6,30.011,f1b5,60,105,6
2,0,12,v7.2-nnue,P07,opening,4,8.778,g8f6,102,105,4
2,0,12,v7.2-nnue,P07,opening,5,11.757,d6b6,23,105,5
2,0,12,v7.2-nnue,P07,opening,6,33.010,g8f6,61,105,6
2,0,12,v7.2-nnue,P08,opening,4,5.252,g8f6,56,96,4
2,0,12,v7.2-nnue,P08,opening,5,8.006,g8f6,23,96,5
2,0,12,v7.2-nnue,P08,opening,6,31.002,b8c6,21,96,6
2,0,12,v7.2-nnue,P09,opening,4,7.503,c1d2,148,221,4
2,0,12,v7.2-nnue,P09,opening,5,10.640,a2a3,82,221,5
2,0,12,v7.2-nnue,P09,opening,6,53.493,c1d2,84,221,6
2,0,12,v7.2-nnue,P10,opening,4,2.937,g8f6,105,116,4
2,0,12,v7.2-nnue,P10,opening,5,5.013,g8f6,36,116,5
2,0,12,v7.2-nnue,P10,opening,6,14.656,g8f6,62,116,6
2,0,12,v7.2-nnue,P11,opening,4,3.758,e4e5,9,23,4
2,0,12,v7.2-nnue,P11,opening,5,8.037,e4d5,-42,23,5
2,0,12,v7.2-nnue,P11,opening,6,25.865,e4d5,-25,23,6
2,0,12,v7.2-nnue,P12,opening,4,6.054,d8b6,-47,53,4
2,0,12,v7.2-nnue,P12,opening,5,10.613,c8d7,-74,53,5
2,0,12,v7.2-nnue,P12,opening,6,36.805,d8c7,-34,53,6
2,0,12,v7.2-nnue,P13,opening,4,2.582,e7e6,54,111,4
2,0,12,v7.2-nnue,P13,opening,5,6.063,d7d5,-23,111,5
2,0,12,v7.2-nnue,P13,opening,6,18.756,b8c6,51,111,6
2,0,12,v7.2-nnue,P14,opening,4,3.347,c6d4,21,14,4
2,0,12,v7.2-nnue,P14,opening,5,5.123,c6d4,21,14,5
2,0,12,v7.2-nnue,P14,opening,6,12.240,c6d4,21,14,6
2,0,12,v7.2-nnue,P15,middlegame,4,6.350,h4g3,72,166,4
2,0,12,v7.2-nnue,P15,middlegame,5,8.688,h4g3,28,166,5
2,0,12,v7.2-nnue,P15,middlegame,6,38.705,h4g3,86,166,6
2,0,12,v7.2-nnue,P16,middlegame,4,5.663,e6e5,-58,-13,4
2,0,12,v7.2-nnue,P16,middlegame,5,9.824,d8f6,-173,-13,5
2,0,12,v7.2-nnue,P16,middlegame,6,72.109,a8b8,-57,-13,6
2,0,12,v7.2-nnue,P17,middlegame,4,5.750,c6b4,-29,-20,4
2,0,12,v7.2-nnue,P17,middlegame,5,9.464,c6b4,-130,-20,5
2,0,12,v7.2-nnue,P17,middlegame,6,55.562,e7g6,-62,-20,6
2,0,12,v7.2-nnue,P18,middlegame,4,6.626,c1a3,224,235,4
2,0,12,v7.2-nnue,P18,middlegame,5,9.439,c1a3,209,235,5
2,0,12,v7.2-nnue,P18,middlegame,6,43.685,c1e3,217,235,6
2,0,12,v7.2-nnue,P19,middlegame,4,1.643,c4d5,251,-142,4
2,0,12,v7.2-nnue,P19,middlegame,5,1.809,c4d5,193,-142,5
2,0,12,v7.2-nnue,P19,middlegame,6,4.335,c4d5,137,-142,6
2,0,12,v7.2-nnue,P20,middlegame,4,5.867,a8c8,17,121,4
2,0,12,v7.2-nnue,P20,middlegame,5,10.144,a8c8,16,121,5
2,0,12,v7.2-nnue,P20,middlegame,6,42.545,h7h6,20,121,6
2,0,12,v7.2-nnue,P21,middlegame,4,5.542,e8g8,65,-2,4
2,0,12,v7.2-nnue,P21,middlegame,5,7.974,e8g8,65,-2,5
2,0,12,v7.2-nnue,P21,middlegame,6,25.341,e8g8,65,-2,6
2,0,12,v7.2-nnue,P22,middlegame,4,5.735,e2c4,-13,64,4
2,0,12,v7.2-nnue,P22,middlegame,5,13.710,g1h1,-97,64,5
2,0,12,v7.2-nnue,P22,middlegame,6,37.405,f1g2,-95,64,6
2,0,12,v7.2-nnue,P23,middlegame,4,6.989,e7d6,98,96,4
2,0,12,v7.2-nnue,P23,middlegame,5,8.053,e7d6,27,96,5
2,0,12,v7.2-nnue,P23,middlegame,6,25.479,e7d6,87,96,6
2,0,12,v7.2-nnue,P24,middlegame,4,7.578,b5c6,148,171,4
2,0,12,v7.2-nnue,P24,middlegame,5,18.700,b5c6,20,171,5
2,0,12,v7.2-nnue,P24,middlegame,6,74.105,f4e3,128,171,6
2,0,12,v7.2-nnue,P25,middlegame,4,6.525,b7b6,-31,-24,4
2,0,12,v7.2-nnue,P25,middlegame,5,12.505,d7f6,-141,-24,5
2,0,12,v7.2-nnue,P25,middlegame,6,91.342,a7a6,-33,-24,6
2,0,12,v7.2-nnue,P26,middlegame,4,3.166,g8g7,-39,-223,4
2,0,12,v7.2-nnue,P26,middlegame,5,6.337,g8g7,-153,-223,5
2,0,12,v7.2-nnue,P26,middlegame,6,19.312,g8g7,-81,-223,6
2,0,12,v7.2-nnue,P27,middlegame,4,5.513,b4c2,-71,-56,4
2,0,12,v7.2-nnue,P27,middlegame,5,8.898,b4c6,-146,-56,5
2,0,12,v7.2-nnue,P27,middlegame,6,36.679,b4d3,-85,-56,6
2,0,12,v7.2-nnue,P28,middlegame,4,6.159,e2d2,-18,-1,4
2,0,12,v7.2-nnue,P28,middlegame,5,9.242,e2e4,-111,-1,5
2,0,12,v7.2-nnue,P28,middlegame,6,29.371,e2d2,-108,-1,6
2,0,12,v7.2-nnue,P29,middlegame,4,3.149,f8e7,8,16,4
2,0,12,v7.2-nnue,P29,middlegame,5,7.109,a7a5,-87,16,5
2,0,12,v7.2-nnue,P29,middlegame,6,27.794,a7a6,-19,16,6
2,0,12,v7.2-nnue,P30,middlegame,4,6.405,f5f4,-65,-43,4
2,0,12,v7.2-nnue,P30,middlegame,5,8.234,f5f4,-91,-43,5
2,0,12,v7.2-nnue,P30,middlegame,6,54.212,d8a5,-117,-43,6
2,0,12,v7.2-nnue,P31,endgame,4,2.081,c5g1,-157,-385,4
2,0,12,v7.2-nnue,P31,endgame,5,2.461,c5g1,-157,-385,5
2,0,12,v7.2-nnue,P31,endgame,6,5.052,c5g1,-157,-385,6
2,0,12,v7.2-nnue,P32,endgame,4,3.764,a1a6,254,329,4
2,0,12,v7.2-nnue,P32,endgame,5,4.831,a1a6,236,329,5
2,0,12,v7.2-nnue,P32,endgame,6,14.040,f2e3,268,329,6
2,0,12,v7.2-nnue,P33,endgame,4,2.709,b4a4,-83,-13,4
2,0,12,v7.2-nnue,P33,endgame,5,3.842,b4a4,-78,-13,5
2,0,12,v7.2-nnue,P33,endgame,6,7.342,b4a4,-78,-13,6
2,0,12,v7.2-nnue,P34,endgame,4,2.050,a5a7,213,262,4
2,0,12,v7.2-nnue,P34,endgame,5,2.705,c4c5,190,262,5
2,0,12,v7.2-nnue,P34,endgame,6,3.989,c4c5,241,262,6
2,0,12,v7.2-nnue,P35,endgame,4,3.023,f2g1,20,250,4
2,0,12,v7.2-nnue,P35,endgame,5,6.628,f2g1,20,250,5
2,0,12,v7.2-nnue,P35,endgame,6,12.613,f2g1,7,250,6
2,0,12,v7.2-nnue,P36,endgame,4,3.824,e7d7,91,52,4
2,0,12,v7.2-nnue,P36,endgame,5,8.071,e7d8,39,52,5
2,0,12,v7.2-nnue,P36,endgame,6,13.300,e7d7,85,52,6
2,0,12,v7.2-nnue,P37,endgame,4,2.241,g3g7,156,58,4
2,0,12,v7.2-nnue,P37,endgame,5,3.184,g3g7,156,58,5
2,0,12,v7.2-nnue,P37,endgame,6,5.153,g3g7,156,58,6
2,0,12,v7.2-nnue,P38,endgame,4,1.915,a4b5,100,13,4
2,0,12,v7.2-nnue,P38,endgame,5,3.099,a4b5,-7,13,5
2,0,12,v7.2-nnue,P38,endgame,6,7.016,a4b5,104,13,6
2,0,12,v7.2-nnue,P39,endgame,4,4.105,d2a2,-7,12,4
2,0,12,v7.2-nnue,P39,endgame,5,7.006,d2g2,-99,12,5
2,0,12,v7.2-nnue,P39,endgame,6,12.384,d2g2,-35,12,6
2,0,12,v7.2-nnue,P40,endgame,4,5.353,e3e8,322,250,4
2,0,12,v7.2-nnue,P40,endgame,5,13.573,e3e8,283,250,5
2,0,12,v7.2-nnue,P40,endgame,6,36.971,e3e8,300,250,6
3,0,0,v7.2-nnue,P01,opening,4,8.488,g8f6,-34,19,4
3,0,0,v7.2-nnue,P01,opening,5,8.323,a7a5,-41,19,5
3,0,0,v7.2-nnue,P01,opening,6,30.228,g8f6,-53,19,6
3,0,0,v7.2-nnue,P02,opening,4,8.245,d8b6,99,112,4
3,0,0,v7.2-nnue,P02,opening,5,14.910,d8a5,58,112,5
3,0,0,v7.2-nnue,P02,opening,6,44.950,d8a5,72,112,6
3,0,0,v7.2-nnue,P03,opening,4,5.169,c8e6,81,135,4
3,0,0,v7.2-nnue,P03,opening,5,10.350,e7e5,43,135,5
3,0,0,v7.2-nnue,P03,opening,6,43.623,c8e6,44,135,6
3,0,0,v7.2-nnue,P04,opening,4,4.623,e1g1,150,154,4
3,0,0,v7.2-nnue,P04,opening,5,7.345,f3e5,102,154,5
3,0,0,v7.2-nnue,P04,opening,6,24.379,f3e5,136,154,6
3,0,0,v7.2-nnue,P05,opening,4,4.197,f3d4,132,64,4
3,0,0,v7.2-nnue,P05,opening,5,8.281,f3d4,65,64,5
3,0,0,v7.2-nnue,P05,opening,6,29.892,f3d4,131,64,6
3,0,0,v7.2-nnue,P06,opening,4,4.195,f1c4,121,105,4
3,0,0,v7.2-nnue,P06,opening,5,9.939,f1c4,18,105,5
3,0,0,v7.2-nnue,P06,opening,6,30.147,f1b5,60,105,6
3,0,0,v7.2-nnue,P07,opening,4,8.856,g8f6,102,105,4
3,0,0,v7.2-nnue,P07,opening,5,11.876,d6b6,23,105,5
3,0,0,v7.2-nnue,P07,opening,6,32.589,g8f6,61,105,6
3,0,0,v7.2-nnue,P08,opening,4,5.165,g8f6,56,96,4
3,0,0,v7.2-nnue,P08,opening,5,8.022,g8f6,23,96,5
3,0,0,v7.2-nnue,P08,opening,6,30.540,b8c6,21,96,6
3,0,0,v7.2-nnue,P09,opening,4,7.395,c1d2,148,221,4
3,0,0,v7.2-nnue,P09,opening,5,10.622,a2a3,82,221,5
3,0,0,v7.2-nnue,P09,opening,6,52.025,c1d2,84,221,6
3,0,0,v7.2-nnue,P10,opening,4,2.918,g8f6,105,116,4
3,0,0,v7.2-nnue,P10,opening,5,4.986,g8f6,36,116,5
3,0,0,v7.2-nnue,P10,opening,6,14.508,g8f6,62,116,6
3,0,0,v7.2-nnue,P11,opening,4,3.723,e4e5,9,23,4
3,0,0,v7.2-nnue,P11,opening,5,7.884,e4d5,-42,23,5
3,0,0,v7.2-nnue,P11,opening,6,25.347,e4d5,-25,23,6
3,0,0,v7.2-nnue,P12,opening,4,6.042,d8b6,-47,53,4
3,0,0,v7.2-nnue,P12,opening,5,10.718,c8d7,-74,53,5
3,0,0,v7.2-nnue,P12,opening,6,37.100,d8c7,-34,53,6
3,0,0,v7.2-nnue,P13,opening,4,2.735,e7e6,54,111,4
3,0,0,v7.2-nnue,P13,opening,5,5.669,d7d5,-23,111,5
3,0,0,v7.2-nnue,P13,opening,6,18.612,b8c6,51,111,6
3,0,0,v7.2-nnue,P14,opening,4,3.509,c6d4,21,14,4
3,0,0,v7.2-nnue,P14,opening,5,5.095,c6d4,21,14,5
3,0,0,v7.2-nnue,P14,opening,6,12.527,c6d4,21,14,6
3,0,0,v7.2-nnue,P15,middlegame,4,6.366,h4g3,72,166,4
3,0,0,v7.2-nnue,P15,middlegame,5,8.909,h4g3,28,166,5
3,0,0,v7.2-nnue,P15,middlegame,6,38.747,h4g3,86,166,6
3,0,0,v7.2-nnue,P16,middlegame,4,5.661,e6e5,-58,-13,4
3,0,0,v7.2-nnue,P16,middlegame,5,9.761,d8f6,-173,-13,5
3,0,0,v7.2-nnue,P16,middlegame,6,67.250,a8b8,-57,-13,6
3,0,0,v7.2-nnue,P17,middlegame,4,5.945,c6b4,-29,-20,4
3,0,0,v7.2-nnue,P17,middlegame,5,9.224,c6b4,-130,-20,5
3,0,0,v7.2-nnue,P17,middlegame,6,53.688,e7g6,-62,-20,6
3,0,0,v7.2-nnue,P18,middlegame,4,6.389,c1a3,224,235,4
3,0,0,v7.2-nnue,P18,middlegame,5,9.333,c1a3,209,235,5
3,0,0,v7.2-nnue,P18,middlegame,6,42.332,c1e3,217,235,6
3,0,0,v7.2-nnue,P19,middlegame,4,1.653,c4d5,251,-142,4
3,0,0,v7.2-nnue,P19,middlegame,5,1.741,c4d5,193,-142,5
3,0,0,v7.2-nnue,P19,middlegame,6,4.396,c4d5,137,-142,6
3,0,0,v7.2-nnue,P20,middlegame,4,6.038,a8c8,17,121,4
3,0,0,v7.2-nnue,P20,middlegame,5,9.906,a8c8,16,121,5
3,0,0,v7.2-nnue,P20,middlegame,6,41.640,h7h6,20,121,6
3,0,0,v7.2-nnue,P21,middlegame,4,5.611,e8g8,65,-2,4
3,0,0,v7.2-nnue,P21,middlegame,5,8.054,e8g8,65,-2,5
3,0,0,v7.2-nnue,P21,middlegame,6,24.856,e8g8,65,-2,6
3,0,0,v7.2-nnue,P22,middlegame,4,5.688,e2c4,-13,64,4
3,0,0,v7.2-nnue,P22,middlegame,5,13.660,g1h1,-97,64,5
3,0,0,v7.2-nnue,P22,middlegame,6,37.040,f1g2,-95,64,6
3,0,0,v7.2-nnue,P23,middlegame,4,5.641,e7d6,98,96,4
3,0,0,v7.2-nnue,P23,middlegame,5,8.238,e7d6,27,96,5
3,0,0,v7.2-nnue,P23,middlegame,6,25.780,e7d6,87,96,6
3,0,0,v7.2-nnue,P24,middlegame,4,7.560,b5c6,148,171,4
3,0,0,v7.2-nnue,P24,middlegame,5,18.558,b5c6,20,171,5
3,0,0,v7.2-nnue,P24,middlegame,6,73.521,f4e3,128,171,6
3,0,0,v7.2-nnue,P25,middlegame,4,6.574,b7b6,-31,-24,4
3,0,0,v7.2-nnue,P25,middlegame,5,12.351,d7f6,-141,-24,5
3,0,0,v7.2-nnue,P25,middlegame,6,91.713,a7a6,-33,-24,6
3,0,0,v7.2-nnue,P26,middlegame,4,3.129,g8g7,-39,-223,4
3,0,0,v7.2-nnue,P26,middlegame,5,6.417,g8g7,-153,-223,5
3,0,0,v7.2-nnue,P26,middlegame,6,19.646,g8g7,-81,-223,6
3,0,0,v7.2-nnue,P27,middlegame,4,5.517,b4c2,-71,-56,4
3,0,0,v7.2-nnue,P27,middlegame,5,8.893,b4c6,-146,-56,5
3,0,0,v7.2-nnue,P27,middlegame,6,37.163,b4d3,-85,-56,6
3,0,0,v7.2-nnue,P28,middlegame,4,6.224,e2d2,-18,-1,4
3,0,0,v7.2-nnue,P28,middlegame,5,9.465,e2e4,-111,-1,5
3,0,0,v7.2-nnue,P28,middlegame,6,31.053,e2d2,-108,-1,6
3,0,0,v7.2-nnue,P29,middlegame,4,3.159,f8e7,8,16,4
3,0,0,v7.2-nnue,P29,middlegame,5,7.096,a7a5,-87,16,5
3,0,0,v7.2-nnue,P29,middlegame,6,28.699,a7a6,-19,16,6
3,0,0,v7.2-nnue,P30,middlegame,4,6.392,f5f4,-65,-43,4
3,0,0,v7.2-nnue,P30,middlegame,5,8.367,f5f4,-91,-43,5
3,0,0,v7.2-nnue,P30,middlegame,6,55.038,d8a5,-117,-43,6
3,0,0,v7.2-nnue,P31,endgame,4,4.014,c5g1,-157,-385,4
3,0,0,v7.2-nnue,P31,endgame,5,2.490,c5g1,-157,-385,5
3,0,0,v7.2-nnue,P31,endgame,6,5.026,c5g1,-157,-385,6
3,0,0,v7.2-nnue,P32,endgame,4,3.519,a1a6,254,329,4
3,0,0,v7.2-nnue,P32,endgame,5,5.051,a1a6,236,329,5
3,0,0,v7.2-nnue,P32,endgame,6,13.842,f2e3,268,329,6
3,0,0,v7.2-nnue,P33,endgame,4,2.632,b4a4,-83,-13,4
3,0,0,v7.2-nnue,P33,endgame,5,3.726,b4a4,-78,-13,5
3,0,0,v7.2-nnue,P33,endgame,6,7.299,b4a4,-78,-13,6
3,0,0,v7.2-nnue,P34,endgame,4,1.981,a5a7,213,262,4
3,0,0,v7.2-nnue,P34,endgame,5,2.669,c4c5,190,262,5
3,0,0,v7.2-nnue,P34,endgame,6,4.037,c4c5,241,262,6
3,0,0,v7.2-nnue,P35,endgame,4,3.058,f2g1,20,250,4
3,0,0,v7.2-nnue,P35,endgame,5,6.686,f2g1,20,250,5
3,0,0,v7.2-nnue,P35,endgame,6,13.114,f2g1,7,250,6
3,0,0,v7.2-nnue,P36,endgame,4,3.589,e7d7,91,52,4
3,0,0,v7.2-nnue,P36,endgame,5,8.234,e7d8,39,52,5
3,0,0,v7.2-nnue,P36,endgame,6,13.169,e7d7,85,52,6
3,0,0,v7.2-nnue,P37,endgame,4,2.258,g3g7,156,58,4
3,0,0,v7.2-nnue,P37,endgame,5,3.054,g3g7,156,58,5
3,0,0,v7.2-nnue,P37,endgame,6,5.173,g3g7,156,58,6
3,0,0,v7.2-nnue,P38,endgame,4,1.984,a4b5,100,13,4
3,0,0,v7.2-nnue,P38,endgame,5,3.127,a4b5,-7,13,5
3,0,0,v7.2-nnue,P38,endgame,6,6.865,a4b5,104,13,6
3,0,0,v7.2-nnue,P39,endgame,4,4.213,d2a2,-7,12,4
3,0,0,v7.2-nnue,P39,endgame,5,6.784,d2g2,-99,12,5
3,0,0,v7.2-nnue,P39,endgame,6,12.302,d2g2,-35,12,6
3,0,0,v7.2-nnue,P40,endgame,4,5.368,e3e8,322,250,4
3,0,0,v7.2-nnue,P40,endgame,5,13.654,e3e8,283,250,5
3,0,0,v7.2-nnue,P40,endgame,6,36.650,e3e8,300,250,6
3,0,1,v7-nnue,P01,opening,4,7.619,g8f6,-63,-75,4
3,0,1,v7-nnue,P01,opening,5,7.748,g8f6,-63,-75,5
3,0,1,v7-nnue,P01,opening,6,23.842,b8d7,-69,-75,6
3,0,1,v7-nnue,P02,opening,4,5.675,d8b6,82,36,4
3,0,1,v7-nnue,P02,opening,5,11.344,b8c6,65,36,5
3,0,1,v7-nnue,P02,opening,6,39.948,d8a5,64,36,6
3,0,1,v7-nnue,P03,opening,4,5.054,e7e6,47,41,4
3,0,1,v7-nnue,P03,opening,5,10.390,e7e6,89,41,5
3,0,1,v7-nnue,P03,opening,6,29.760,e7e6,59,41,6
3,0,1,v7-nnue,P04,opening,4,5.269,d4e5,98,73,4
3,0,1,v7-nnue,P04,opening,5,8.483,d4e5,116,73,5
3,0,1,v7-nnue,P04,opening,6,24.022,b1c3,96,73,6
3,0,1,v7-nnue,P05,opening,4,7.670,e1g1,76,-22,4
3,0,1,v7-nnue,P05,opening,5,12.196,e1g1,100,-22,5
3,0,1,v7-nnue,P05,opening,6,33.522,e1g1,76,-22,6
3,0,1,v7-nnue,P06,opening,4,4.068,f1c4,80,24,4
3,0,1,v7-nnue,P06,opening,5,7.349,f1c4,63,24,5
3,0,1,v7-nnue,P06,opening,6,21.917,f1c4,49,24,6
3,0,1,v7-nnue,P07,opening,4,2.545,d6b6,73,17,4
3,0,1,v7-nnue,P07,opening,5,9.868,g8f6,44,17,5
3,0,1,v7-nnue,P07,opening,6,21.670,d6b6,23,17,6
3,0,1,v7-nnue,P08,opening,4,3.845,b8c6,-1,28,4
3,0,1,v7-nnue,P08,opening,5,7.310,b8c6,49,28,5
3,0,1,v7-nnue,P08,opening,6,28.889,b8c6,-20,28,6
3,0,1,v7-nnue,P09,opening,4,4.249,c3b5,98,160,4
3,0,1,v7-nnue,P09,opening,5,8.398,a2a4,100,160,5
3,0,1,v7-nnue,P09,opening,6,26.213,a2a4,71,160,6
3,0,1,v7-nnue,P10,opening,4,3.126,g8f6,39,28,4
3,0,1,v7-nnue,P10,opening,5,6.639,e7e5,45,28,5
3,0,1,v7-nnue,P10,opening,6,15.506,e7e5,34,28,6
3,0,1,v7-nnue,P11,opening,4,2.965,e4d5,-43,-56,4
3,0,1,v7-nnue,P11,opening,5,5.067,e4d5,29,-56,5
3,0,1,v7-nnue,P11,opening,6,15.321,e4e5,-25,-56,6
3,0,1,v7-nnue,P12,opening,4,6.455,d8b6,-95,-45,4
3,0,1,v7-nnue,P12,opening,5,11.714,c8d7,-39,-45,5
3,0,1,v7-nnue,P12,opening,6,23.360,d8b6,-62,-45,6
3,0,1,v7-nnue,P13,opening,4,2.130,b8c6,-31,26,4
3,0,1,v7-nnue,P13,opening,5,3.530,e7e6,21,26,5
3,0,1,v7-nnue,P13,opening,6,9.703,e7e5,-1,26,6
3,0,1,v7-nnue,P14,opening,4,4.223,c6d4,40,-78,4
3,0,1,v7-nnue,P14,opening,5,10.334,c6d4,57,-78,5
3,0,1,v7-nnue,P14,opening,6,22.111,c6d4,57,-78,6
3,0,1,v7-nnue,P15,middlegame,4,5.749,h4g3,-9,67,4
3,0,1,v7-nnue,P15,middlegame,5,8.567,h4g3,-6,67,5
3,0,1,v7-nnue,P15,middlegame,6,40.791,h4g3,30,67,6
3,0,1,v7-nnue,P16,middlegame,4,4.048,a6a5,-102,-83,4
3,0,1,v7-nnue,P16,middlegame,5,7.289,a6a5,-72,-83,5
3,0,1,v7-nnue,P16,middlegame,6,24.814,c8b7,-118,-83,6
3,0,1,v7-nnue,P17,middlegame,4,5.328,a7a6,-102,-92,4
3,0,1,v7-nnue,P17,middlegame,5,16.074,c6b4,-71,-92,5
3,0,1,v7-nnue,P17,middlegame,6,37.920,e7f5,-58,-92,6
3,0,1,v7-nnue,P18,middlegame,4,4.633,c1a3,199,140,4
3,0,1,v7-nnue,P18,middlegame,5,12.628,g4d7,187,140,5
3,0,1,v7-nnue,P18,middlegame,6,22.722,c1a3,180,140,6
3,0,1,v7-nnue,P19,middlegame,4,1.710,c4d5,145,-176,4
3,0,1,v7-nnue,P19,middlegame,5,2.278,c4d5,128,-176,5
3,0,1,v7-nnue,P19,middlegame,6,4.200,c4d5,122,-176,6
3,0,1,v7-nnue,P20,middlegame,4,3.888,h7h6,45,2,4
3,0,1,v7-nnue,P20,middlegame,5,10.592,h7h6,50,2,5
3,0,1,v7-nnue,P20,middlegame,6,28.685,f8e8,43,2,6
3,0,1,v7-nnue,P21,middlegame,4,5.596,e8g8,-28,-83,4
3,0,1,v7-nnue,P21,middlegame,5,8.377,e8g8,12,-83,5
3,0,1,v7-nnue,P21,middlegame,6,28.042,e8g8,-20,-83,6
3,0,1,v7-nnue,P22,middlegame,4,6.499,e4f5,-14,54,4
3,0,1,v7-nnue,P22,middlegame,5,16.444,e2e3,-25,54,5
3,0,1,v7-nnue,P22,middlegame,6,38.287,e2e3,-19,54,6
3,0,1,v7-nnue,P23,middlegame,4,3.865,e7d6,41,20,4
3,0,1,v7-nnue,P23,middlegame,5,7.355,e7d6,99,20,5
3,0,1,v7-nnue,P23,middlegame,6,12.077,e7d6,76,20,6
3,0,1,v7-nnue,P24,middlegame,4,7.279,f4e3,72,90,4
3,0,1,v7-nnue,P24,middlegame,5,15.871,d3e5,68,90,5
3,0,1,v7-nnue,P24,middlegame,6,46.103,d3e5,64,90,6
3,0,1,v7-nnue,P25,middlegame,4,3.532,d7f6,-101,-94,4
3,0,1,v7-nnue,P25,middlegame,5,8.056,d7f6,-72,-94,5
3,0,1,v7-nnue,P25,middlegame,6,13.506,d7f6,-72,-94,6
3,0,1,v7-nnue,P26,middlegame,4,3.438,g8g7,-99,-202,4
3,0,1,v7-nnue,P26,middlegame,5,5.695,g8g7,-119,-202,5
3,0,1,v7-nnue,P26,middlegame,6,13.724,g8g7,-129,-202,6
3,0,1,v7-nnue,P27,middlegame,4,3.410,b4d3,-90,-187,4
3,0,1,v7-nnue,P27,middlegame,5,6.631,b4d3,-75,-187,5
3,0,1,v7-nnue,P27,middlegame,6,14.931,g5f3,-27,-187,6
3,0,1,v7-nnue,P28,middlegame,4,6.325,e2e4,-91,-116,4
3,0,1,v7-nnue,P28,middlegame,5,12.294,c3c1,-113,-116,5
3,0,1,v7-nnue,P28,middlegame,6,23.168,c3c1,-113,-116,6
3,0,1,v7-nnue,P29,middlegame,4,3.546,f8e7,-76,-75,4
3,0,1,v7-nnue,P29,middlegame,5,5.578,f8e7,-76,-75,5
3,0,1,v7-nnue,P29,middlegame,6,18.950,a7a6,-45,-75,6
3,0,1,v7-nnue,P30,middlegame,4,4.148,d8h4,-113,-137,4
3,0,1,v7-nnue,P30,middlegame,5,8.846,d8h4,-105,-137,5
3,0,1,v7-nnue,P30,middlegame,6,26.752,d8h4,-118,-137,6
3,0,1,v7-nnue,P31,endgame,4,2.117,c5g1,-134,-426,4
3,0,1,v7-nnue,P31,endgame,5,2.432,c5g1,-134,-426,5
3,0,1,v7-nnue,P31,endgame,6,4.843,c5g1,-134,-426,6
3,0,1,v7-nnue,P32,endgame,4,3.540,f2f3,258,245,4
3,0,1,v7-nnue,P32,endgame,5,7.260,a1a6,266,245,5
3,0,1,v7-nnue,P32,endgame,6,19.031,f2e3,248,245,6
3,0,1,v7-nnue,P33,endgame,4,2.891,e1c1,-91,-91,4
3,0,1,v7-nnue,P33,endgame,5,5.617,b4a4,-73,-91,5
3,0,1,v7-nnue,P33,endgame,6,11.132,b4a4,-93,-91,6
3,0,1,v7-nnue,P34,endgame,4,1.661,a5a6,95,105,4
3,0,1,v7-nnue,P34,endgame,5,2.281,a5a6,137,105,5
3,0,1,v7-nnue,P34,endgame,6,3.633,a5a6,95,105,6
3,0,1,v7-nnue,P35,endgame,4,2.922,f2g1,-16,32,4
3,0,1,v7-nnue,P35,endgame,5,5.058,f2g1,-16,32,5
3,0,1,v7-nnue,P35,endgame,6,10.541,f2g1,-16,32,6
3,0,1,v7-nnue,P36,endgame,4,3.178,g1h1,25,25,4
3,0,1,v7-nnue,P36,endgame,5,4.807,e7d8,40,25,5
3,0,1,v7-nnue,P36,endgame,6,10.510,e7d8,40,25,6
3,0,1,v7-nnue,P37,endgame,4,2.142,g3g7,216,-35,4
3,0,1,v7-nnue,P37,endgame,5,2.876,g3g7,216,-35,5
3,0,1,v7-nnue,P37,endgame,6,4.413,g3g7,216,-35,6
3,0,1,v7-nnue,P38,endgame,4,2.068,a4b5,-67,-116,4
3,0,1,v7-nnue,P38,endgame,5,2.748,a4b5,-19,-116,5
3,0,1,v7-nnue,P38,endgame,6,5.095,a4b5,-16,-116,6
3,0,1,v7-nnue,P39,endgame,4,2.590,d2g2,26,-20,4
3,0,1,v7-nnue,P39,endgame,5,4.174,d2g2,26,-20,5
3,0,1,v7-nnue,P39,endgame,6,14.181,d2a2,-2,-20,6
3,0,1,v7-nnue,P40,endgame,4,5.125,e3d3,131,12,4
3,0,1,v7-nnue,P40,endgame,5,16.050,e3e8,147,12,5
3,0,1,v7-nnue,P40,endgame,6,31.144,e3d4,168,12,6
3,0,2,v7,P01,opening,4,7.629,g8f6,-63,-75,4
3,0,2,v7,P01,opening,5,7.873,g8f6,-63,-75,5
3,0,2,v7,P01,opening,6,23.704,b8d7,-69,-75,6
3,0,2,v7,P02,opening,4,5.788,d8b6,82,36,4
3,0,2,v7,P02,opening,5,11.270,b8c6,65,36,5
3,0,2,v7,P02,opening,6,40.229,d8a5,64,36,6
3,0,2,v7,P03,opening,4,4.992,e7e6,47,41,4
3,0,2,v7,P03,opening,5,10.405,e7e6,89,41,5
3,0,2,v7,P03,opening,6,29.272,e7e6,59,41,6
3,0,2,v7,P04,opening,4,5.156,d4e5,98,73,4
3,0,2,v7,P04,opening,5,8.384,d4e5,116,73,5
3,0,2,v7,P04,opening,6,23.503,b1c3,96,73,6
3,0,2,v7,P05,opening,4,7.647,e1g1,76,-22,4
3,0,2,v7,P05,opening,5,12.043,e1g1,100,-22,5
3,0,2,v7,P05,opening,6,32.536,e1g1,76,-22,6
3,0,2,v7,P06,opening,4,5.768,f1c4,80,24,4
3,0,2,v7,P06,opening,5,7.250,f1c4,63,24,5
3,0,2,v7,P06,opening,6,23.608,f1c4,49,24,6
3,0,2,v7,P07,opening,4,2.703,d6b6,73,17,4
3,0,2,v7,P07,opening,5,11.254,g8f6,44,17,5
3,0,2,v7,P07,opening,6,21.855,d6b6,23,17,6
3,0,2,v7,P08,opening,4,3.856,b8c6,-1,28,4
3,0,2,v7,P08,opening,5,7.136,b8c6,49,28,5
3,0,2,v7,P08,opening,6,28.307,b8c6,-20,28,6
3,0,2,v7,P09,opening,4,4.208,c3b5,98,160,4
3,0,2,v7,P09,opening,5,8.448,a2a4,100,160,5
3,0,2,v7,P09,opening,6,25.854,a2a4,71,160,6
3,0,2,v7,P10,opening,4,3.151,g8f6,39,28,4
3,0,2,v7,P10,opening,5,6.424,e7e5,45,28,5
3,0,2,v7,P10,opening,6,15.368,e7e5,34,28,6
3,0,2,v7,P11,opening,4,2.975,e4d5,-43,-56,4
3,0,2,v7,P11,opening,5,5.067,e4d5,29,-56,5
3,0,2,v7,P11,opening,6,14.903,e4e5,-25,-56,6
3,0,2,v7,P12,opening,4,6.179,d8b6,-95,-45,4
3,0,2,v7,P12,opening,5,11.441,c8d7,-39,-45,5
3,0,2,v7,P12,opening,6,22.991,d8b6,-62,-45,6
3,0,2,v7,P13,opening,4,2.209,b8c6,-31,26,4
3,0,2,v7,P13,opening,5,3.475,e7e6,21,26,5
3,0,2,v7,P13,opening,6,9.561,e7e5,-1,26,6
3,0,2,v7,P14,opening,4,4.089,c6d4,40,-78,4
3,0,2,v7,P14,opening,5,10.231,c6d4,57,-78,5
3,0,2,v7,P14,opening,6,21.470,c6d4,57,-78,6
3,0,2,v7,P15,middlegame,4,5.706,h4g3,-9,67,4
3,0,2,v7,P15,middlegame,5,8.427,h4g3,-6,67,5
3,0,2,v7,P15,middlegame,6,39.468,h4g3,30,67,6
3,0,2,v7,P16,middlegame,4,4.096,a6a5,-102,-83,4
3,0,2,v7,P16,middlegame,5,7.189,a6a5,-72,-83,5
3,0,2,v7,P16,middlegame,6,24.250,c8b7,-118,-83,6
3,0,2,v7,P17,middlegame,4,5.302,a7a6,-102,-92,4
3,0,2,v7,P17,middlegame,5,15.756,c6b4,-71,-92,5
3,0,2,v7,P17,middlegame,6,37.098,e7f5,-58,-92,6
3,0,2,v7,P18,middlegame,4,4.488,c1a3,199,140,4
3,0,2,v7,P18,middlegame,5,12.292,g4d7,187,140,5
3,0,2,v7,P18,middlegame,6,22.395,c1a3,180,140,6
3,0,2,v7,P19,middlegame,4,1.665,c4d5,145,-176,4
3,0,2,v7,P19,middlegame,5,2.258,c4d5,128,-176,5
3,0,2,v7,P19,middlegame,6,4.115,c4d5,122,-176,6
3,0,2,v7,P20,middlegame,4,3.893,h7h6,45,2,4
3,0,2,v7,P20,middlegame,5,10.399,h7h6,50,2,5
3,0,2,v7,P20,middlegame,6,27.871,f8e8,43,2,6
3,0,2,v7,P21,middlegame,4,5.663,e8g8,-28,-83,4
3,0,2,v7,P21,middlegame,5,8.087,e8g8,12,-83,5
3,0,2,v7,P21,middlegame,6,27.396,e8g8,-20,-83,6
3,0,2,v7,P22,middlegame,4,6.276,e4f5,-14,54,4
3,0,2,v7,P22,middlegame,5,16.032,e2e3,-25,54,5
3,0,2,v7,P22,middlegame,6,37.240,e2e3,-19,54,6
3,0,2,v7,P23,middlegame,4,3.791,e7d6,41,20,4
3,0,2,v7,P23,middlegame,5,7.410,e7d6,99,20,5
3,0,2,v7,P23,middlegame,6,11.783,e7d6,76,20,6
3,0,2,v7,P24,middlegame,4,7.311,f4e3,72,90,4
3,0,2,v7,P24,middlegame,5,15.981,d3e5,68,90,5
3,0,2,v7,P24,middlegame,6,44.665,d3e5,64,90,6
3,0,2,v7,P25,middlegame,4,3.494,d7f6,-101,-94,4
3,0,2,v7,P25,middlegame,5,8.213,d7f6,-72,-94,5
3,0,2,v7,P25,middlegame,6,13.497,d7f6,-72,-94,6
3,0,2,v7,P26,middlegame,4,3.348,g8g7,-99,-202,4
3,0,2,v7,P26,middlegame,5,5.480,g8g7,-119,-202,5
3,0,2,v7,P26,middlegame,6,13.555,g8g7,-129,-202,6
3,0,2,v7,P27,middlegame,4,3.397,b4d3,-90,-187,4
3,0,2,v7,P27,middlegame,5,6.868,b4d3,-75,-187,5
3,0,2,v7,P27,middlegame,6,14.983,g5f3,-27,-187,6
3,0,2,v7,P28,middlegame,4,6.179,e2e4,-91,-116,4
3,0,2,v7,P28,middlegame,5,12.376,c3c1,-113,-116,5
3,0,2,v7,P28,middlegame,6,23.682,c3c1,-113,-116,6
3,0,2,v7,P29,middlegame,4,3.449,f8e7,-76,-75,4
3,0,2,v7,P29,middlegame,5,5.588,f8e7,-76,-75,5
3,0,2,v7,P29,middlegame,6,19.098,a7a6,-45,-75,6
3,0,2,v7,P30,middlegame,4,4.136,d8h4,-113,-137,4
3,0,2,v7,P30,middlegame,5,8.809,d8h4,-105,-137,5
3,0,2,v7,P30,middlegame,6,27.295,d8h4,-118,-137,6
3,0,2,v7,P31,endgame,4,2.071,c5g1,-134,-426,4
3,0,2,v7,P31,endgame,5,2.492,c5g1,-134,-426,5
3,0,2,v7,P31,endgame,6,4.763,c5g1,-134,-426,6
3,0,2,v7,P32,endgame,4,3.348,f2f3,258,245,4
3,0,2,v7,P32,endgame,5,7.476,a1a6,266,245,5
3,0,2,v7,P32,endgame,6,19.447,f2e3,248,245,6
3,0,2,v7,P33,endgame,4,2.744,e1c1,-91,-91,4
3,0,2,v7,P33,endgame,5,5.778,b4a4,-73,-91,5
3,0,2,v7,P33,endgame,6,11.165,b4a4,-93,-91,6
3,0,2,v7,P34,endgame,4,1.799,a5a6,95,105,4
3,0,2,v7,P34,endgame,5,2.242,a5a6,137,105,5
3,0,2,v7,P34,endgame,6,3.648,a5a6,95,105,6
3,0,2,v7,P35,endgame,4,2.803,f2g1,-16,32,4
3,0,2,v7,P35,endgame,5,5.213,f2g1,-16,32,5
3,0,2,v7,P35,endgame,6,10.399,f2g1,-16,32,6
3,0,2,v7,P36,endgame,4,3.149,g1h1,25,25,4
3,0,2,v7,P36,endgame,5,4.771,e7d8,40,25,5
3,0,2,v7,P36,endgame,6,10.495,e7d8,40,25,6
3,0,2,v7,P37,endgame,4,2.136,g3g7,216,-35,4
3,0,2,v7,P37,endgame,5,2.790,g3g7,216,-35,5
3,0,2,v7,P37,endgame,6,4.423,g3g7,216,-35,6
3,0,2,v7,P38,endgame,4,2.073,a4b5,-67,-116,4
3,0,2,v7,P38,endgame,5,2.748,a4b5,-19,-116,5
3,0,2,v7,P38,endgame,6,4.949,a4b5,-16,-116,6
3,0,2,v7,P39,endgame,4,2.687,d2g2,26,-20,4
3,0,2,v7,P39,endgame,5,4.104,d2g2,26,-20,5
3,0,2,v7,P39,endgame,6,13.788,d2a2,-2,-20,6
3,0,2,v7,P40,endgame,4,5.057,e3d3,131,12,4
3,0,2,v7,P40,endgame,5,16.856,e3e8,147,12,5
3,0,2,v7,P40,endgame,6,32.897,e3d4,168,12,6
3,0,3,v6.1-stack,P01,opening,4,7.362,g8f6,,-53,4
3,0,3,v6.1-stack,P01,opening,5,9.897,g8f6,,-53,5
3,0,3,v6.1-stack,P01,opening,6,24.111,b8c6,,-53,6
3,0,3,v6.1-stack,P02,opening,4,4.550,b8c6,,20,4
3,0,3,v6.1-stack,P02,opening,5,16.886,e8g8,,20,5
3,0,3,v6.1-stack,P02,opening,6,49.197,d8a5,,20,6
3,0,3,v6.1-stack,P03,opening,4,6.859,a7a5,,27,4
3,0,3,v6.1-stack,P03,opening,5,16.577,c8e6,,27,5
3,0,3,v6.1-stack,P03,opening,6,40.068,a7a5,,27,6
3,0,3,v6.1-stack,P04,opening,4,5.146,e1g1,,18,4
3,0,3,v6.1-stack,P04,opening,5,16.664,d4e5,,18,5
3,0,3,v6.1-stack,P04,opening,6,27.170,d4e5,,18,6
3,0,3,v6.1-stack,P05,opening,4,4.364,e1g1,,-11,4
3,0,3,v6.1-stack,P05,opening,5,10.381,e1g1,,-11,5
3,0,3,v6.1-stack,P05,opening,6,36.926,e1g1,,-11,6
3,0,3,v6.1-stack,P06,opening,4,5.937,f1c4,,-19,4
3,0,3,v6.1-stack,P06,opening,5,9.666,f1c4,,-19,5
3,0,3,v6.1-stack,P06,opening,6,30.816,f1c4,,-19,6
3,0,3,v6.1-stack,P07,opening,4,4.285,d6b6,,-26,4
3,0,3,v6.1-stack,P07,opening,5,18.970,g8f6,,-26,5
3,0,3,v6.1-stack,P07,opening,6,24.684,g8f6,,-26,6
3,0,3,v6.1-stack,P08,opening,4,3.814,g8f6,,19,4
3,0,3,v6.1-stack,P08,opening,5,8.538,g8f6,,19,5
3,0,3,v6.1-stack,P08,opening,6,31.380,b8c6,,19,6
3,0,3,v6.1-stack,P09,opening,4,6.574,e3e4,,158,4
3,0,3,v6.1-stack,P09,opening,5,10.744,d3c2,,158,5
3,0,3,v6.1-stack,P09,opening,6,40.464,d3c2,,158,6
3,0,3,v6.1-stack,P10,opening,4,4.814,e7e5,,13,4
3,0,3,v6.1-stack,P10,opening,5,13.022,e7e5,,13,5
3,0,3,v6.1-stack,P10,opening,6,23.102,e7e5,,13,6
3,0,3,v6.1-stack,P11,opening,4,4.255,f1d3,,-55,4
3,0,3,v6.1-stack,P11,opening,5,8.500,e4d5,,-55,5
3,0,3,v6.1-stack,P11,opening,6,27.751,e4e5,,-55,6
3,0,3,v6.1-stack,P12,opening,4,6.081,c8d7,,-14,4
3,0,3,v6.1-stack,P12,opening,5,9.680,c8d7,,-14,5
3,0,3,v6.1-stack,P12,opening,6,19.250,c8d7,,-14,6
3,0,3,v6.1-stack,P13,opening,4,2.760,b8c6,,-1,4
3,0,3,v6.1-stack,P13,opening,5,3.745,b8c6,,-1,5
3,0,3,v6.1-stack,P13,opening,6,17.266,e7e6,,-1,6
3,0,3,v6.1-stack,P14,opening,4,3.520,c6d4,,-37,4
3,0,3,v6.1-stack,P14,opening,5,9.180,c6d4,,-37,5
3,0,3,v6.1-stack,P14,opening,6,26.303,c6d4,,-37,6
3,0,3,v6.1-stack,P15,middlegame,4,6.519,h4g3,,76,4
3,0,3,v6.1-stack,P15,middlegame,5,12.790,h4g3,,76,5
3,0,3,v6.1-stack,P15,middlegame,6,33.332,h4g3,,76,6
3,0,3,v6.1-stack,P16,middlegame,4,3.334,a6a5,,-97,4
3,0,3,v6.1-stack,P16,middlegame,5,8.951,a6a5,,-97,5
3,0,3,v6.1-stack,P16,middlegame,6,27.923,c8b7,,-97,6
3,0,3,v6.1-stack,P17,middlegame,4,5.370,c6b4,,-124,4
3,0,3,v6.1-stack,P17,middlegame,5,11.418,c6b4,,-124,5
3,0,3,v6.1-stack,P17,middlegame,6,39.513,e7f5,,-124,6
3,0,3,v6.1-stack,P18,middlegame,4,4.905,c1a3,,117,4
3,0,3,v6.1-stack,P18,middlegame,5,14.948,c1e3,,117,5
3,0,3,v6.1-stack,P18,middlegame,6,32.944,c1e3,,117,6
3,0,3,v6.1-stack,P19,middlegame,4,2.028,c4d5,,-197,4
3,0,3,v6.1-stack,P19,middlegame,5,2.769,c4d5,,-197,5
3,0,3,v6.1-stack,P19,middlegame,6,3.989,c4d5,,-197,6
3,0,3,v6.1-stack,P20,middlegame,4,4.480,h7h6,,40,4
3,0,3,v6.1-stack,P20,middlegame,5,13.409,h7h6,,40,5
3,0,3,v6.1-stack,P20,middlegame,6,49.385,d8d7,,40,6
3,0,3,v6.1-stack,P21,middlegame,4,6.173,e7d5,,-46,4
3,0,3,v6.1-stack,P21,middlegame,5,10.945,e7d5,,-46,5
3,0,3,v6.1-stack,P21,middlegame,6,35.742,e7d5,,-46,6
3,0,3,v6.1-stack,P22,middlegame,4,8.154,g1h1,,69,4
3,0,3,v6.1-stack,P22,middlegame,5,14.851,g1h1,,69,5
3,0,3,v6.1-stack,P22,middlegame,6,32.709,g1h1,,69,6
3,0,3,v6.1-stack,P23,middlegame,4,4.516,e7f6,,33,4
3,0,3,v6.1-stack,P23,middlegame,5,8.776,f8e8,,33,5
3,0,3,v6.1-stack,P23,middlegame,6,29.317,e7d6,,33,6
3,0,3,v6.1-stack,P24,middlegame,4,8.429,b5c6,,156,4
3,0,3,v6.1-stack,P24,middlegame,5,13.857,b5c6,,156,5
3,0,3,v6.1-stack,P24,middlegame,6,38.064,b5c6,,156,6
3,0,3,v6.1-stack,P25,middlegame,4,4.425,d7f6,,-100,4
3,0,3,v6.1-stack,P25,middlegame,5,12.358,d7b6,,-100,5
3,0,3,v6.1-stack,P25,middlegame,6,19.780,d7b6,,-100,6
3,0,3,v6.1-stack,P26,middlegame,4,3.631,g8g7,,-298,4
3,0,3,v6.1-stack,P26,middlegame,5,7.004,g8g7,,-298,5
3,0,3,v6.1-stack,P26,middlegame,6,17.538,g8g7,,-298,6
3,0,3,v6.1-stack,P27,middlegame,4,3.667,b4c6,,-98,4
3,0,3,v6.1-stack,P27,middlegame,5,5.977,b4c6,,-98,5
3,0,3,v6.1-stack,P27,middlegame,6,18.366,b4c6,,-98,6
3,0,3,v6.1-stack,P28,middlegame,4,4.649,c3d3,,-86,4
3,0,3,v6.1-stack,P28,middlegame,5,6.937,c3d3,,-86,5
3,0,3,v6.1-stack,P28,middlegame,6,15.025,c3d3,,-86,6
3,0,3,v6.1-stack,P29,middlegame,4,5.429,d8e8,,-52,4
3,0,3,v6.1-stack,P29,middlegame,5,12.056,c8b8,,-52,5
3,0,3,v6.1-stack,P29,middlegame,6,23.450,d8e8,,-52,6
3,0,3,v6.1-stack,P30,middlegame,4,4.972,a6b4,,-100,4
3,0,3,v6.1-stack,P30,middlegame,5,16.824,f5f4,,-100,5
3,0,3,v6.1-stack,P30,middlegame,6,31.758,f5f4,,-100,6
3,0,3,v6.1-stack,P31,endgame,4,2.398,c5g1,,-280,4
3,0,3,v6.1-stack,P31,endgame,5,2.227,c5g1,,-280,5
3,0,3,v6.1-stack,P31,endgame,6,3.645,c5g1,,-280,6
3,0,3,v6.1-stack,P32,endgame,4,2.138,f2e3,,156,4
3,0,3,v6.1-stack,P32,endgame,5,3.512,f2e3,,156,5
3,0,3,v6.1-stack,P32,endgame,6,6.675,f2e3,,156,6
3,0,3,v6.1-stack,P33,endgame,4,2.884,b4a4,,-113,4
3,0,3,v6.1-stack,P33,endgame,5,3.848,b4a4,,-113,5
3,0,3,v6.1-stack,P33,endgame,6,7.293,b4a4,,-113,6
3,0,3,v6.1-stack,P34,endgame,4,1.568,a5a8,,341,4
3,0,3,v6.1-stack,P34,endgame,5,1.756,a5a8,,341,5
3,0,3,v6.1-stack,P34,endgame,6,2.417,a5a8,,341,6
3,0,3,v6.1-stack,P35,endgame,4,3.028,f2g1,,36,4
3,0,3,v6.1-stack,P35,endgame,5,6.833,f2g1,,36,5
3,0,3,v6.1-stack,P35,endgame,6,11.612,f2g1,,36,6
3,0,3,v6.1-stack,P36,endgame,4,2.351,g1f2,,-23,4
3,0,3,v6.1-stack,P36,endgame,5,3.228,g1f2,,-23,5
3,0,3,v6.1-stack,P36,endgame,6,5.958,g1f2,,-23,6
3,0,3,v6.1-stack,P37,endgame,4,2.090,g3g7,,23,4
3,0,3,v6.1-stack,P37,endgame,5,2.965,g3g7,,23,5
3,0,3,v6.1-stack,P37,endgame,6,5.183,g3g7,,23,6
3,0,3,v6.1-stack,P38,endgame,4,2.073,a4b5,,-15,4
3,0,3,v6.1-stack,P38,endgame,5,2.414,a4b5,,-15,5
3,0,3,v6.1-stack,P38,endgame,6,4.116,a4b5,,-15,6
3,0,3,v6.1-stack,P39,endgame,4,2.095,d2g2,,-37,4
3,0,3,v6.1-stack,P39,endgame,5,3.016,d2g2,,-37,5
3,0,3,v6.1-stack,P39,endgame,6,9.641,d2a2,,-37,6
3,0,3,v6.1-stack,P40,endgame,4,4.568,e3e8,,99,4
3,0,3,v6.1-stack,P40,endgame,5,6.068,e3e8,,99,5
3,0,3,v6.1-stack,P40,endgame,6,16.924,a4a5,,99,6
3,0,4,v6-ordering,P01,opening,4,7.823,g8f6,,-53,4
3,0,4,v6-ordering,P01,opening,5,11.815,g8f6,,-53,5
3,0,4,v6-ordering,P01,opening,6,28.586,b8c6,,-53,6
3,0,4,v6-ordering,P02,opening,4,5.131,b8c6,,20,4
3,0,4,v6-ordering,P02,opening,5,20.362,e8g8,,20,5
3,0,4,v6-ordering,P02,opening,6,58.350,d8a5,,20,6
3,0,4,v6-ordering,P03,opening,4,10.084,a7a5,,27,4
3,0,4,v6-ordering,P03,opening,5,20.033,c8e6,,27,5
3,0,4,v6-ordering,P03,opening,6,47.489,a7a5,,27,6
3,0,4,v6-ordering,P04,opening,4,5.847,e1g1,,18,4
3,0,4,v6-ordering,P04,opening,5,19.716,d4e5,,18,5
3,0,4,v6-ordering,P04,opening,6,31.922,d4e5,,18,6
3,0,4,v6-ordering,P05,opening,4,5.152,e1g1,,-11,4
3,0,4,v6-ordering,P05,opening,5,12.278,e1g1,,-11,5
3,0,4,v6-ordering,P05,opening,6,43.840,e1g1,,-11,6
3,0,4,v6-ordering,P06,opening,4,7.037,f1c4,,-19,4
3,0,4,v6-ordering,P06,opening,5,10.951,f1c4,,-19,5
3,0,4,v6-ordering,P06,opening,6,36.634,f1c4,,-19,6
3,0,4,v6-ordering,P07,opening,4,4.828,d6b6,,-26,4
3,0,4,v6-ordering,P07,opening,5,23.306,g8f6,,-26,5
3,0,4,v6-ordering,P07,opening,6,30.202,g8f6,,-26,6
3,0,4,v6-ordering,P08,opening,4,4.058,g8f6,,19,4
3,0,4,v6-ordering,P08,opening,5,10.332,g8f6,,19,5
3,0,4,v6-ordering,P08,opening,6,38.199,b8c6,,19,6
3,0,4,v6-ordering,P09,opening,4,7.862,e3e4,,158,4
3,0,4,v6-ordering,P09,opening,5,12.563,d3c2,,158,5
3,0,4,v6-ordering,P09,opening,6,47.235,d3c2,,158,6
3,0,4,v6-ordering,P10,opening,4,5.582,e7e5,,13,4
3,0,4,v6-ordering,P10,opening,5,16.339,e7e5,,13,5
3,0,4,v6-ordering,P10,opening,6,28.007,e7e5,,13,6
3,0,4,v6-ordering,P11,opening,4,4.725,f1d3,,-55,4
3,0,4,v6-ordering,P11,opening,5,10.016,e4d5,,-55,5
3,0,4,v6-ordering,P11,opening,6,33.054,e4e5,,-55,6
3,0,4,v6-ordering,P12,opening,4,7.131,c8d7,,-14,4
3,0,4,v6-ordering,P12,opening,5,11.544,c8d7,,-14,5
3,0,4,v6-ordering,P12,opening,6,23.205,c8d7,,-14,6
3,0,4,v6-ordering,P13,opening,4,3.086,b8c6,,-1,4
3,0,4,v6-ordering,P13,opening,5,4.054,b8c6,,-1,5
3,0,4,v6-ordering,P13,opening,6,21.003,e7e6,,-1,6
3,0,4,v6-ordering,P14,opening,4,4.056,c6d4,,-37,4
3,0,4,v6-ordering,P14,opening,5,11.247,c6d4,,-37,5
3,0,4,v6-ordering,P14,opening,6,32.274,c6d4,,-37,6
3,0,4,v6-ordering,P15,middlegame,4,7.770,h4g3,,76,4
3,0,4,v6-ordering,P15,middlegame,5,15.149,h4g3,,76,5
3,0,4,v6-ordering,P15,middlegame,6,39.459,h4g3,,76,6
3,0,4,v6-ordering,P16,middlegame,4,3.726,a6a5,,-97,4
3,0,4,v6-ordering,P16,middlegame,5,10.495,a6a5,,-97,5
3,0,4,v6-ordering,P16,middlegame,6,34.871,c8b7,,-97,6
3,0,4,v6-ordering,P17,middlegame,4,6.180,c6b4,,-124,4
3,0,4,v6-ordering,P17,middlegame,5,13.222,c6b4,,-124,5
3,0,4,v6-ordering,P17,middlegame,6,47.938,e7f5,,-124,6
3,0,4,v6-ordering,P18,middlegame,4,5.785,c1a3,,117,4
3,0,4,v6-ordering,P18,middlegame,5,18.527,c1e3,,117,5
3,0,4,v6-ordering,P18,middlegame,6,41.758,c1e3,,117,6
3,0,4,v6-ordering,P19,middlegame,4,2.138,c4d5,,-197,4
3,0,4,v6-ordering,P19,middlegame,5,3.226,c4d5,,-197,5
3,0,4,v6-ordering,P19,middlegame,6,4.698,c4d5,,-197,6
3,0,4,v6-ordering,P20,middlegame,4,4.877,h7h6,,40,4
3,0,4,v6-ordering,P20,middlegame,5,16.120,h7h6,,40,5
3,0,4,v6-ordering,P20,middlegame,6,59.569,d8d7,,40,6
3,0,4,v6-ordering,P21,middlegame,4,7.527,e7d5,,-46,4
3,0,4,v6-ordering,P21,middlegame,5,13.137,e7d5,,-46,5
3,0,4,v6-ordering,P21,middlegame,6,43.578,e7d5,,-46,6
3,0,4,v6-ordering,P22,middlegame,4,9.673,g1h1,,69,4
3,0,4,v6-ordering,P22,middlegame,5,18.357,g1h1,,69,5
3,0,4,v6-ordering,P22,middlegame,6,40.607,g1h1,,69,6
3,0,4,v6-ordering,P23,middlegame,4,5.264,e7f6,,33,4
3,0,4,v6-ordering,P23,middlegame,5,10.027,f8e8,,33,5
3,0,4,v6-ordering,P23,middlegame,6,35.278,e7d6,,33,6
3,0,4,v6-ordering,P24,middlegame,4,9.754,b5c6,,156,4
3,0,4,v6-ordering,P24,middlegame,5,16.377,b5c6,,156,5
3,0,4,v6-ordering,P24,middlegame,6,44.934,b5c6,,156,6
3,0,4,v6-ordering,P25,middlegame,4,4.941,d7f6,,-100,4
3,0,4,v6-ordering,P25,middlegame,5,15.099,d7b6,,-100,5
3,0,4,v6-ordering,P25,middlegame,6,23.963,d7b6,,-100,6
3,0,4,v6-ordering,P26,middlegame,4,4.038,g8g7,,-298,4
3,0,4,v6-ordering,P26,middlegame,5,7.997,g8g7,,-298,5
3,0,4,v6-ordering,P26,middlegame,6,20.452,g8g7,,-298,6
3,0,4,v6-ordering,P27,middlegame,4,4.344,b4c6,,-98,4
3,0,4,v6-ordering,P27,middlegame,5,7.333,b4c6,,-98,5
3,0,4,v6-ordering,P27,middlegame,6,23.373,b4c6,,-98,6
3,0,4,v6-ordering,P28,middlegame,4,5.533,c3d3,,-86,4
3,0,4,v6-ordering,P28,middlegame,5,8.765,c3d3,,-86,5
3,0,4,v6-ordering,P28,middlegame,6,19.946,c3d3,,-86,6
3,0,4,v6-ordering,P29,middlegame,4,6.192,d8e8,,-52,4
3,0,4,v6-ordering,P29,middlegame,5,14.848,c8b8,,-52,5
3,0,4,v6-ordering,P29,middlegame,6,28.681,d8e8,,-52,6
3,0,4,v6-ordering,P30,middlegame,4,5.762,a6b4,,-100,4
3,0,4,v6-ordering,P30,middlegame,5,20.361,f5f4,,-100,5
3,0,4,v6-ordering,P30,middlegame,6,38.254,f5f4,,-100,6
3,0,4,v6-ordering,P31,endgame,4,2.584,c5g1,,-280,4
3,0,4,v6-ordering,P31,endgame,5,2.567,c5g1,,-280,5
3,0,4,v6-ordering,P31,endgame,6,4.787,c5g1,,-280,6
3,0,4,v6-ordering,P32,endgame,4,2.449,f2e3,,156,4
3,0,4,v6-ordering,P32,endgame,5,4.287,f2e3,,156,5
3,0,4,v6-ordering,P32,endgame,6,8.874,f2e3,,156,6
3,0,4,v6-ordering,P33,endgame,4,3.471,b4a4,,-113,4
3,0,4,v6-ordering,P33,endgame,5,4.795,b4a4,,-113,5
3,0,4,v6-ordering,P33,endgame,6,9.627,b4a4,,-113,6
3,0,4,v6-ordering,P34,endgame,4,1.661,a5a8,,341,4
3,0,4,v6-ordering,P34,endgame,5,2.162,a5a8,,341,5
3,0,4,v6-ordering,P34,endgame,6,2.585,a5a8,,341,6
3,0,4,v6-ordering,P35,endgame,4,3.972,f2g1,,36,4
3,0,4,v6-ordering,P35,endgame,5,9.524,f2g1,,36,5
3,0,4,v6-ordering,P35,endgame,6,16.369,f2g1,,36,6
3,0,4,v6-ordering,P36,endgame,4,2.758,g1f2,,-23,4
3,0,4,v6-ordering,P36,endgame,5,3.727,g1f2,,-23,5
3,0,4,v6-ordering,P36,endgame,6,8.142,g1f2,,-23,6
3,0,4,v6-ordering,P37,endgame,4,2.490,g3g7,,23,4
3,0,4,v6-ordering,P37,endgame,5,3.576,g3g7,,23,5
3,0,4,v6-ordering,P37,endgame,6,7.030,g3g7,,23,6
3,0,4,v6-ordering,P38,endgame,4,2.361,a4b5,,-15,4
3,0,4,v6-ordering,P38,endgame,5,2.792,a4b5,,-15,5
3,0,4,v6-ordering,P38,endgame,6,5.099,a4b5,,-15,6
3,0,4,v6-ordering,P39,endgame,4,2.385,d2g2,,-37,4
3,0,4,v6-ordering,P39,endgame,5,3.587,d2g2,,-37,5
3,0,4,v6-ordering,P39,endgame,6,12.471,d2a2,,-37,6
3,0,4,v6-ordering,P40,endgame,4,6.013,e3e8,,99,4
3,0,4,v6-ordering,P40,endgame,5,7.950,e3e8,,99,5
3,0,4,v6-ordering,P40,endgame,6,23.760,a4a5,,99,6
3,0,5,v5-engine,P01,opening,4,9.584,a7a6,,-53,4
3,0,5,v5-engine,P01,opening,5,19.483,g8f6,,-53,5
3,0,5,v5-engine,P01,opening,6,40.812,b8c6,,-53,6
3,0,5,v5-engine,P02,opening,4,6.080,b8c6,,20,4
3,0,5,v5-engine,P02,opening,5,23.488,e8g8,,20,5
3,0,5,v5-engine,P02,opening,6,81.419,d8a5,,20,6
3,0,5,v5-engine,P03,opening,4,8.687,a7a5,,27,4
3,0,5,v5-engine,P03,opening,5,22.123,c8e6,,27,5
3,0,5,v5-engine,P03,opening,6,66.825,e7e6,,27,6
3,0,5,v5-engine,P04,opening,4,5.996,e1g1,,18,4
3,0,5,v5-engine,P04,opening,5,21.493,d4e5,,18,5
3,0,5,v5-engine,P04,opening,6,39.323,d4e5,,18,6
3,0,5,v5-engine,P05,opening,4,5.234,e1g1,,-11,4
3,0,5,v5-engine,P05,opening,5,14.147,e1g1,,-11,5
3,0,5,v5-engine,P05,opening,6,41.123,e1g1,,-11,6
3,0,5,v5-engine,P06,opening,4,6.812,f1c4,,-19,4
3,0,5,v5-engine,P06,opening,5,11.566,f1c4,,-19,5
3,0,5,v5-engine,P06,opening,6,39.790,f1c4,,-19,6
3,0,5,v5-engine,P07,opening,4,5.764,d6b6,,-26,4
3,0,5,v5-engine,P07,opening,5,16.543,g8f6,,-26,5
3,0,5,v5-engine,P07,opening,6,25.109,g8f6,,-26,6
3,0,5,v5-engine,P08,opening,4,4.575,g8f6,,19,4
3,0,5,v5-engine,P08,opening,5,11.822,g8f6,,19,5
3,0,5,v5-engine,P08,opening,6,36.570,g8f6,,19,6
3,0,5,v5-engine,P09,opening,4,10.129,e3e4,,158,4
3,0,5,v5-engine,P09,opening,5,16.673,d3c2,,158,5
3,0,5,v5-engine,P09,opening,6,61.386,a2a3,,158,6
3,0,5,v5-engine,P10,opening,4,6.340,e7e5,,13,4
3,0,5,v5-engine,P10,opening,5,13.820,e7e5,,13,5
3,0,5,v5-engine,P10,opening,6,25.283,e7e5,,13,6
3,0,5,v5-engine,P11,opening,4,5.339,f1d3,,-55,4
3,0,5,v5-engine,P11,opening,5,11.814,e4d5,,-55,5
3,0,5,v5-engine,P11,opening,6,39.723,e4e5,,-55,6
3,0,5,v5-engine,P12,opening,4,7.575,c8d7,,-14,4
3,0,5,v5-engine,P12,opening,5,14.023,c8d7,,-14,5
3,0,5,v5-engine,P12,opening,6,28.032,c8d7,,-14,6
3,0,5,v5-engine,P13,opening,4,3.263,b8c6,,-1,4
3,0,5,v5-engine,P13,opening,5,4.610,b8c6,,-1,5
3,0,5,v5-engine,P13,opening,6,22.732,e7e6,,-1,6
3,0,5,v5-engine,P14,opening,4,3.960,c6d4,,-37,4
3,0,5,v5-engine,P14,opening,5,9.810,c6d4,,-37,5
3,0,5,v5-engine,P14,opening,6,30.528,c6d4,,-37,6
3,0,5,v5-engine,P15,middlegame,4,8.475,h4g3,,76,4
3,0,5,v5-engine,P15,middlegame,5,17.414,h4g3,,76,5
3,0,5,v5-engine,P15,middlegame,6,36.322,h4g3,,76,6
3,0,5,v5-engine,P16,middlegame,4,4.336,a6a5,,-97,4
3,0,5,v5-engine,P16,middlegame,5,14.355,a6a5,,-97,5
3,0,5,v5-engine,P16,middlegame,6,62.042,c8b7,,-97,6
3,0,5,v5-engine,P17,middlegame,4,6.493,c6b4,,-124,4
3,0,5,v5-engine,P17,middlegame,5,14.051,c6b4,,-124,5
3,0,5,v5-engine,P17,middlegame,6,28.471,c6b4,,-124,6
3,0,5,v5-engine,P18,middlegame,4,6.659,c1a3,,117,4
3,0,5,v5-engine,P18,middlegame,5,24.806,c1e3,,117,5
3,0,5,v5-engine,P18,middlegame,6,52.324,c1e3,,117,6
3,0,5,v5-engine,P19,middlegame,4,2.317,c4d5,,-197,4
3,0,5,v5-engine,P19,middlegame,5,3.093,c4d5,,-197,5
3,0,5,v5-engine,P19,middlegame,6,5.026,c4d5,,-197,6
3,0,5,v5-engine,P20,middlegame,4,4.717,h7h6,,40,4
3,0,5,v5-engine,P20,middlegame,5,17.915,h7h6,,40,5
3,0,5,v5-engine,P20,middlegame,6,61.489,d8d7,,40,6
3,0,5,v5-engine,P21,middlegame,4,6.524,e7d5,,-46,4
3,0,5,v5-engine,P21,middlegame,5,11.701,e7d5,,-46,5
3,0,5,v5-engine,P21,middlegame,6,43.068,e7d5,,-46,6
3,0,5,v5-engine,P22,middlegame,4,11.244,e2e3,,69,4
3,0,5,v5-engine,P22,middlegame,5,25.462,g1h1,,69,5
3,0,5,v5-engine,P22,middlegame,6,46.686,g1h1,,69,6
3,0,5,v5-engine,P23,middlegame,4,6.465,e7d6,,33,4
3,0,5,v5-engine,P23,middlegame,5,16.988,f8e8,,33,5
3,0,5,v5-engine,P23,middlegame,6,43.038,f8e8,,33,6
3,0,5,v5-engine,P24,middlegame,4,11.126,b5c6,,156,4
3,0,5,v5-engine,P24,middlegame,5,19.695,b5c6,,156,5
3,0,5,v5-engine,P24,middlegame,6,47.594,b5c6,,156,6
3,0,5,v5-engine,P25,middlegame,4,6.647,d7f6,,-100,4
3,0,5,v5-engine,P25,middlegame,5,17.528,d7f6,,-100,5
3,0,5,v5-engine,P25,middlegame,6,38.729,d7f6,,-100,6
3,0,5,v5-engine,P26,middlegame,4,5.311,g8g7,,-298,4
3,0,5,v5-engine,P26,middlegame,5,10.934,g8g7,,-298,5
3,0,5,v5-engine,P26,middlegame,6,22.283,g8g7,,-298,6
3,0,5,v5-engine,P27,middlegame,4,5.001,b4c6,,-98,4
3,0,5,v5-engine,P27,middlegame,5,8.519,b4c6,,-98,5
3,0,5,v5-engine,P27,middlegame,6,30.049,g5e6,,-98,6
3,0,5,v5-engine,P28,middlegame,4,7.629,c3d3,,-86,4
3,0,5,v5-engine,P28,middlegame,5,13.463,c3d3,,-86,5
3,0,5,v5-engine,P28,middlegame,6,37.621,c3d3,,-86,6
3,0,5,v5-engine,P29,middlegame,4,7.654,d8e8,,-52,4
3,0,5,v5-engine,P29,middlegame,5,24.526,c8b8,,-52,5
3,0,5,v5-engine,P29,middlegame,6,45.394,d8e8,,-52,6
3,0,5,v5-engine,P30,middlegame,4,10.150,f5f4,,-100,4
3,0,5,v5-engine,P30,middlegame,5,17.531,f5f4,,-100,5
3,0,5,v5-engine,P30,middlegame,6,36.422,f5f4,,-100,6
3,0,5,v5-engine,P31,endgame,4,2.661,c5g1,,-280,4
3,0,5,v5-engine,P31,endgame,5,2.667,c5g1,,-280,5
3,0,5,v5-engine,P31,endgame,6,5.135,c5g1,,-280,6
3,0,5,v5-engine,P32,endgame,4,2.698,f2e3,,156,4
3,0,5,v5-engine,P32,endgame,5,5.406,f2e3,,156,5
3,0,5,v5-engine,P32,endgame,6,9.854,f2e3,,156,6
3,0,5,v5-engine,P33,endgame,4,4.275,b4a4,,-113,4
3,0,5,v5-engine,P33,endgame,5,6.037,b4a4,,-113,5
3,0,5,v5-engine,P33,endgame,6,14.494,b4a4,,-113,6
3,0,5,v5-engine,P34,endgame,4,1.693,a5a8,,341,4
3,0,5,v5-engine,P34,endgame,5,2.022,a5a8,,341,5
3,0,5,v5-engine,P34,endgame,6,2.558,a5a8,,341,6
3,0,5,v5-engine,P35,endgame,4,3.924,f2g1,,36,4
3,0,5,v5-engine,P35,endgame,5,10.509,f2g1,,36,5
3,0,5,v5-engine,P35,endgame,6,20.460,f2g1,,36,6
3,0,5,v5-engine,P36,endgame,4,2.854,g1f2,,-23,4
3,0,5,v5-engine,P36,endgame,5,4.013,g1f2,,-23,5
3,0,5,v5-engine,P36,endgame,6,8.376,g1f2,,-23,6
3,0,5,v5-engine,P37,endgame,4,3.030,g3g7,,23,4
3,0,5,v5-engine,P37,endgame,5,5.287,g3g7,,23,5
3,0,5,v5-engine,P37,endgame,6,11.038,g3g7,,23,6
3,0,5,v5-engine,P38,endgame,4,2.381,a4b5,,-15,4
3,0,5,v5-engine,P38,endgame,5,2.938,a4b5,,-15,5
3,0,5,v5-engine,P38,endgame,6,6.255,a4b5,,-15,6
3,0,5,v5-engine,P39,endgame,4,2.859,d2g2,,-37,4
3,0,5,v5-engine,P39,endgame,5,5.140,d2g2,,-37,5
3,0,5,v5-engine,P39,endgame,6,18.917,d2a2,,-37,6
3,0,5,v5-engine,P40,endgame,4,5.964,e3e8,,99,4
3,0,5,v5-engine,P40,endgame,5,8.156,e3e8,,99,5
3,0,5,v5-engine,P40,endgame,6,23.771,a4a5,,99,6
3,0,6,v4.3-counter,P01,opening,4,6.598,b8c6,,-53,4
3,0,6,v4.3-counter,P01,opening,5,13.895,g8f6,,-53,5
3,0,6,v4.3-counter,P01,opening,6,39.472,b8c6,,-53,6
3,0,6,v4.3-counter,P02,opening,4,5.788,b8c6,,20,4
3,0,6,v4.3-counter,P02,opening,5,25.894,e8g8,,20,5
3,0,6,v4.3-counter,P02,opening,6,95.597,d8a5,,20,6
3,0,6,v4.3-counter,P03,opening,4,9.483,b8a6,,27,4
3,0,6,v4.3-counter,P03,opening,5,35.147,c8e6,,27,5
3,0,6,v4.3-counter,P03,opening,6,93.075,e7e6,,27,6
3,0,6,v4.3-counter,P04,opening,4,4.403,d4e5,,18,4
3,0,6,v4.3-counter,P04,opening,5,10.581,d4e5,,18,5
3,0,6,v4.3-counter,P04,opening,6,24.063,d4e5,,18,6
3,0,6,v4.3-counter,P05,opening,4,7.699,e1g1,,-11,4
3,0,6,v4.3-counter,P05,opening,5,23.227,e1g1,,-11,5
3,0,6,v4.3-counter,P05,opening,6,52.633,e1g1,,-11,6
3,0,6,v4.3-counter,P06,opening,4,7.304,f1c4,,-19,4
3,0,6,v4.3-counter,P06,opening,5,14.996,f1b5,,-19,5
3,0,6,v4.3-counter,P06,opening,6,54.132,f1c4,,-19,6
3,0,6,v4.3-counter,P07,opening,4,5.865,d6b6,,-26,4
3,0,6,v4.3-counter,P07,opening,5,12.080,g8f6,,-26,5
3,0,6,v4.3-counter,P07,opening,6,28.211,g8f6,,-26,6
3,0,6,v4.3-counter,P08,opening,4,3.693,g8f6,,19,4
3,0,6,v4.3-counter,P08,opening,5,11.056,g8f6,,19,5
3,0,6,v4.3-counter,P08,opening,6,32.302,b8c6,,19,6
3,0,6,v4.3-counter,P09,opening,4,11.447,e3e4,,158,4
3,0,6,v4.3-counter,P09,opening,5,22.905,d3c2,,158,5
3,0,6,v4.3-counter,P09,opening,6,72.904,d3c2,,158,6
3,0,6,v4.3-counter,P10,opening,4,4.499,e7e5,,13,4
3,0,6,v4.3-counter,P10,opening,5,15.033,e7e5,,13,5
3,0,6,v4.3-counter,P10,opening,6,26.211,e7e5,,13,6
3,0,6,v4.3-counter,P11,opening,4,4.632,b1c3,,-55,4
3,0,6,v4.3-counter,P11,opening,5,11.109,f1d3,,-55,5
3,0,6,v4.3-counter,P11,opening,6,32.254,e4e5,,-55,6
3,0,6,v4.3-counter,P12,opening,4,10.130,c8d7,,-14,4
3,0,6,v4.3-counter,P12,opening,5,20.969,c8d7,,-14,5
3,0,6,v4.3-counter,P12,opening,6,45.564,c8d7,,-14,6
3,0,6,v4.3-counter,P13,opening,4,2.444,b8c6,,-1,4
3,0,6,v4.3-counter,P13,opening,5,4.135,b8c6,,-1,5
3,0,6,v4.3-counter,P13,opening,6,27.824,e7e6,,-1,6
3,0,6,v4.3-counter,P14,opening,4,4.382,c6d4,,-37,4
3,0,6,v4.3-counter,P14,opening,5,11.455,c6d4,,-37,5
3,0,6,v4.3-counter,P14,opening,6,43.975,c5d4,,-37,6
3,0,6,v4.3-counter,P15,middlegame,4,7.953,h4g3,,76,4
3,0,6,v4.3-counter,P15,middlegame,5,18.235,h4g3,,76,5
3,0,6,v4.3-counter,P15,middlegame,6,65.487,h4g3,,76,6
3,0,6,v4.3-counter,P16,middlegame,4,7.588,a6a5,,-97,4
3,0,6,v4.3-counter,P16,middlegame,5,22.528,a6a5,,-97,5
3,0,6,v4.3-counter,P16,middlegame,6,51.403,c8b7,,-97,6
3,0,6,v4.3-counter,P17,middlegame,4,7.555,c6b4,,-124,4
3,0,6,v4.3-counter,P17,middlegame,5,20.297,c6b4,,-124,5
3,0,6,v4.3-counter,P17,middlegame,6,68.507,c6b4,,-124,6
3,0,6,v4.3-counter,P18,middlegame,4,7.235,c1e3,,117,4
3,0,6,v4.3-counter,P18,middlegame,5,21.454,c1e3,,117,5
3,0,6,v4.3-counter,P18,middlegame,6,47.599,c1e3,,117,6
3,0,6,v4.3-counter,P19,middlegame,4,0.586,c4d5,,-197,4
3,0,6,v4.3-counter,P19,middlegame,5,1.784,c4d5,,-197,5
3,0,6,v4.3-counter,P19,middlegame,6,3.574,c4d5,,-197,6
3,0,6,v4.3-counter,P20,middlegame,4,7.117,h7h6,,40,4
3,0,6,v4.3-counter,P20,middlegame,5,27.252,h7h6,,40,5
3,0,6,v4.3-counter,P20,middlegame,6,93.219,d8d7,,40,6
3,0,6,v4.3-counter,P21,middlegame,4,4.153,e7d5,,-46,4
3,0,6,v4.3-counter,P21,middlegame,5,10.613,e7d5,,-46,5
3,0,6,v4.3-counter,P21,middlegame,6,42.364,e7d5,,-46,6
3,0,6,v4.3-counter,P22,middlegame,4,7.663,e2e3,,69,4
3,0,6,v4.3-counter,P22,middlegame,5,18.891,g1h1,,69,5
3,0,6,v4.3-counter,P22,middlegame,6,49.496,g1h1,,69,6
3,0,6,v4.3-counter,P23,middlegame,4,7.782,f8e8,,33,4
3,0,6,v4.3-counter,P23,middlegame,5,17.619,e7f6,,33,5
3,0,6,v4.3-counter,P23,middlegame,6,49.015,e7d6,,33,6
3,0,6,v4.3-counter,P24,middlegame,4,9.026,b5c6,,156,4
3,0,6,v4.3-counter,P24,middlegame,5,17.671,b5c6,,156,5
3,0,6,v4.3-counter,P24,middlegame,6,46.141,b5c6,,156,6
3,0,6,v4.3-counter,P25,middlegame,4,7.512,d7f6,,-100,4
3,0,6,v4.3-counter,P25,middlegame,5,20.880,d7b6,,-100,5
3,0,6,v4.3-counter,P25,middlegame,6,42.479,d7f6,,-100,6
3,0,6,v4.3-counter,P26,middlegame,4,4.911,g8g7,,-298,4
3,0,6,v4.3-counter,P26,middlegame,5,15.816,g8g7,,-298,5
3,0,6,v4.3-counter,P26,middlegame,6,49.315,g8g7,,-298,6
3,0,6,v4.3-counter,P27,middlegame,4,4.014,b4c6,,-98,4
3,0,6,v4.3-counter,P27,middlegame,5,9.904,b4c6,,-98,5
3,0,6,v4.3-counter,P27,middlegame,6,32.143,b4c6,,-98,6
3,0,6,v4.3-counter,P28,middlegame,4,12.667,c3d3,,-86,4
3,0,6,v4.3-counter,P28,middlegame,5,22.199,c3d3,,-86,5
3,0,6,v4.3-counter,P28,middlegame,6,55.610,c3d3,,-86,6
3,0,6,v4.3-counter,P29,middlegame,4,7.175,d8e8,,-52,4
3,0,6,v4.3-counter,P29,middlegame,5,26.458,c8b8,,-52,5
3,0,6,v4.3-counter,P29,middlegame,6,59.693,c8b8,,-52,6
3,0,6,v4.3-counter,P30,middlegame,4,10.501,f5f4,,-100,4
3,0,6,v4.3-counter,P30,middlegame,5,35.329,f5f4,,-100,5
3,0,6,v4.3-counter,P30,middlegame,6,87.630,f5f4,,-100,6
3,0,6,v4.3-counter,P31,endgame,4,3.371,c5g1,,-280,4
3,0,6,v4.3-counter,P31,endgame,5,4.307,c5g1,,-280,5
3,0,6,v4.3-counter,P31,endgame,6,11.532,c5g1,,-280,6
3,0,6,v4.3-counter,P32,endgame,4,2.556,f2e3,,156,4
3,0,6,v4.3-counter,P32,endgame,5,5.636,f2f3,,156,5
3,0,6,v4.3-counter,P32,endgame,6,12.579,f2e3,,156,6
3,0,6,v4.3-counter,P33,endgame,4,3.958,b4a4,,-113,4
3,0,6,v4.3-counter,P33,endgame,5,10.055,b4a4,,-113,5
3,0,6,v4.3-counter,P33,endgame,6,31.625,b4a4,,-113,6
3,0,6,v4.3-counter,P34,endgame,4,0.990,a5a6,,341,4
3,0,6,v4.3-counter,P34,endgame,5,2.472,a5a7,,341,5
3,0,6,v4.3-counter,P34,endgame,6,4.564,a5a7,,341,6
3,0,6,v4.3-counter,P35,endgame,4,4.337,f2g1,,36,4
3,0,6,v4.3-counter,P35,endgame,5,15.245,f2g1,,36,5
3,0,6,v4.3-counter,P35,endgame,6,24.568,f2g1,,36,6
3,0,6,v4.3-counter,P36,endgame,4,3.449,g1f1,,-23,4
3,0,6,v4.3-counter,P36,endgame,5,5.641,g1f2,,-23,5
3,0,6,v4.3-counter,P36,endgame,6,17.601,g1f2,,-23,6
3,0,6,v4.3-counter,P37,endgame,4,3.435,g3g7,,23,4
3,0,6,v4.3-counter,P37,endgame,5,5.614,g3g7,,23,5
3,0,6,v4.3-counter,P37,endgame,6,9.914,g8g7,,23,6
3,0,6,v4.3-counter,P38,endgame,4,1.015,a4b5,,-15,4
3,0,6,v4.3-counter,P38,endgame,5,1.647,a4b5,,-15,5
3,0,6,v4.3-counter,P38,endgame,6,4.719,a4b5,,-15,6
3,0,6,v4.3-counter,P39,endgame,4,2.097,d2g2,,-37,4
3,0,6,v4.3-counter,P39,endgame,5,4.337,d2g2,,-37,5
3,0,6,v4.3-counter,P39,endgame,6,22.947,d2a2,,-37,6
3,0,6,v4.3-counter,P40,endgame,4,4.875,e3e8,,99,4
3,0,6,v4.3-counter,P40,endgame,5,9.770,e3e8,,99,5
3,0,6,v4.3-counter,P40,endgame,6,27.675,a4a5,,99,6
3,0,7,v4.2_null,P01,opening,4,6.844,b8c6,,-53,4
3,0,7,v4.2_null,P01,opening,5,15.959,g8f6,,-53,5
3,0,7,v4.2_null,P01,opening,6,46.040,b8c6,,-53,6
3,0,7,v4.2_null,P02,opening,4,8.150,d8b6,,20,4
3,0,7,v4.2_null,P02,opening,5,29.943,e8g8,,20,5
3,0,7,v4.2_null,P02,opening,6,98.733,d8a5,,20,6
3,0,7,v4.2_null,P03,opening,4,7.055,a7a5,,27,4
3,0,7,v4.2_null,P03,opening,5,25.976,c8e6,,27,5
3,0,7,v4.2_null,P03,opening,6,81.011,e7e6,,27,6
3,0,7,v4.2_null,P04,opening,4,4.127,d4e5,,18,4
3,0,7,v4.2_null,P04,opening,5,10.705,d4e5,,18,5
3,0,7,v4.2_null,P04,opening,6,25.286,d4e5,,18,6
3,0,7,v4.2_null,P05,opening,4,7.391,e1g1,,-11,4
3,0,7,v4.2_null,P05,opening,5,23.893,e1g1,,-11,5
3,0,7,v4.2_null,P05,opening,6,54.657,e1g1,,-11,6
3,0,7,v4.2_null,P06,opening,4,8.053,f1c4,,-19,4
3,0,7,v4.2_null,P06,opening,5,24.534,f1c4,,-19,5
3,0,7,v4.2_null,P06,opening,6,60.182,f1c4,,-19,6
3,0,7,v4.2_null,P07,opening,4,6.309,d6b6,,-26,4
3,0,7,v4.2_null,P07,opening,5,12.677,g8f6,,-26,5
3,0,7,v4.2_null,P07,opening,6,30.837,g8f6,,-26,6
3,0,7,v4.2_null,P08,opening,4,3.925,g8f6,,19,4
3,0,7,v4.2_null,P08,opening,5,10.910,g8f6,,19,5
3,0,7,v4.2_null,P08,opening,6,36.807,c8f5,,19,6
3,0,7,v4.2_null,P09,opening,4,11.219,e3e4,,158,4
3,0,7,v4.2_null,P09,opening,5,20.148,d3c2,,158,5
3,0,7,v4.2_null,P09,opening,6,64.731,c1d2,,158,6
3,0,7,v4.2_null,P10,opening,4,3.767,e7e5,,13,4
3,0,7,v4.2_null,P10,opening,5,13.901,e7e5,,13,5
3,0,7,v4.2_null,P10,opening,6,30.324,e7e5,,13,6
3,0,7,v4.2_null,P11,opening,4,4.687,b1c3,,-55,4
3,0,7,v4.2_null,P11,opening,5,9.434,e4d5,,-55,5
3,0,7,v4.2_null,P11,opening,6,35.471,e4e5,,-55,6
3,0,7,v4.2_null,P12,opening,4,9.298,c8d7,,-14,4
3,0,7,v4.2_null,P12,opening,5,24.629,c8d7,,-14,5
3,0,7,v4.2_null,P12,opening,6,59.809,c8d7,,-14,6
3,0,7,v4.2_null,P13,opening,4,2.681,b8c6,,-1,4
3,0,7,v4.2_null,P13,opening,5,4.857,b8c6,,-1,5
3,0,7,v4.2_null,P13,opening,6,35.572,e7e6,,-1,6
3,0,7,v4.2_null,P14,opening,4,4.456,c6d4,,-37,4
3,0,7,v4.2_null,P14,opening,5,12.285,c6d4,,-37,5
3,0,7,v4.2_null,P14,opening,6,45.825,c5d4,,-37,6
3,0,7,v4.2_null,P15,middlegame,4,7.711,h4g3,,76,4
3,0,7,v4.2_null,P15,middlegame,5,19.686,h4g3,,76,5
3,0,7,v4.2_null,P15,middlegame,6,52.187,h4g3,,76,6
3,0,7,v4.2_null,P16,middlegame,4,4.338,a6a5,,-97,4
3,0,7,v4.2_null,P16,middlegame,5,16.322,a6a5,,-97,5
3,0,7,v4.2_null,P16,middlegame,6,51.592,c8b7,,-97,6
3,0,7,v4.2_null,P17,middlegame,4,9.972,c6b4,,-124,4
3,0,7,v4.2_null,P17,middlegame,5,23.067,c6b4,,-124,5
3,0,7,v4.2_null,P17,middlegame,6,77.694,c6b4,,-124,6
3,0,7,v4.2_null,P18,middlegame,4,7.315,c1e3,,117,4
3,0,7,v4.2_null,P18,middlegame,5,20.706,c1e3,,117,5
3,0,7,v4.2_null,P18,middlegame,6,80.028,c1a3,,117,6
3,0,7,v4.2_null,P19,middlegame,4,0.563,c4d5,,-197,4
3,0,7,v4.2_null,P19,middlegame,5,1.952,c4d5,,-197,5
3,0,7,v4.2_null,P19,middlegame,6,2.817,c4d5,,-197,6
3,0,7,v4.2_null,P20,middlegame,4,8.839,a8c8,,40,4
3,0,7,v4.2_null,P20,middlegame,5,33.613,h7h6,,40,5
3,0,7,v4.2_null,P20,middlegame,6,108.972,h7h6,,40,6
3,0,7,v4.2_null,P21,middlegame,4,4.276,e7d5,,-46,4
3,0,7,v4.2_null,P21,middlegame,5,14.091,e7d5,,-46,5
3,0,7,v4.2_null,P21,middlegame,6,43.251,e7d5,,-46,6
3,0,7,v4.2_null,P22,middlegame,4,7.386,e2e3,,69,4
3,0,7,v4.2_null,P22,middlegame,5,17.576,g1h1,,69,5
3,0,7,v4.2_null,P22,middlegame,6,45.291,g1h1,,69,6
3,0,7,v4.2_null,P23,middlegame,4,7.351,f8e8,,33,4
3,0,7,v4.2_null,P23,middlegame,5,20.204,c8e6,,33,5
3,0,7,v4.2_null,P23,middlegame,6,71.128,e7f6,,33,6
3,0,7,v4.2_null,P24,middlegame,4,10.254,b5c6,,156,4
3,0,7,v4.2_null,P24,middlegame,5,23.779,b5c6,,156,5
3,0,7,v4.2_null,P24,middlegame,6,88.012,b5c6,,156,6
3,0,7,v4.2_null,P25,middlegame,4,8.146,d7f6,,-100,4
3,0,7,v4.2_null,P25,middlegame,5,24.019,d7b6,,-100,5
3,0,7,v4.2_null,P25,middlegame,6,54.520,d7f6,,-100,6
3,0,7,v4.2_null,P26,middlegame,4,4.870,g8g7,,-298,4
3,0,7,v4.2_null,P26,middlegame,5,16.096,g8g7,,-298,5
3,0,7,v4.2_null,P26,middlegame,6,41.984,g8g7,,-298,6
3,0,7,v4.2_null,P27,middlegame,4,4.305,b4c6,,-98,4
3,0,7,v4.2_null,P27,middlegame,5,10.468,b4c6,,-98,5
3,0,7,v4.2_null,P27,middlegame,6,30.599,b4c6,,-98,6
3,0,7,v4.2_null,P28,middlegame,4,11.134,c3d3,,-86,4
3,0,7,v4.2_null,P28,middlegame,5,31.225,c3d3,,-86,5
3,0,7,v4.2_null,P28,middlegame,6,83.255,c3d3,,-86,6
3,0,7,v4.2_null,P29,middlegame,4,7.384,d8e8,,-52,4
3,0,7,v4.2_null,P29,middlegame,5,30.263,c8b8,,-52,5
3,0,7,v4.2_null,P29,middlegame,6,64.548,c8b8,,-52,6
3,0,7,v4.2_null,P30,middlegame,4,10.804,f5f4,,-100,4
3,0,7,v4.2_null,P30,middlegame,5,41.092,f5f4,,-100,5
3,0,7,v4.2_null,P30,middlegame,6,99.515,f5f4,,-100,6
3,0,7,v4.2_null,P31,endgame,4,2.194,c5g1,,-280,4
3,0,7,v4.2_null,P31,endgame,5,2.669,c5g1,,-280,5
3,0,7,v4.2_null,P31,endgame,6,4.958,c5g1,,-280,6
3,0,7,v4.2_null,P32,endgame,4,2.500,a1a6,,156,4
3,0,7,v4.2_null,P32,endgame,5,4.546,f2e3,,156,5
3,0,7,v4.2_null,P32,endgame,6,9.857,f2e3,,156,6
3,0,7,v4.2_null,P33,endgame,4,4.796,b4a4,,-113,4
3,0,7,v4.2_null,P33,endgame,5,11.640,b4a4,,-113,5
3,0,7,v4.2_null,P33,endgame,6,34.252,b4a4,,-113,6
3,0,7,v4.2_null,P34,endgame,4,1.031,a5a6,,341,4
3,0,7,v4.2_null,P34,endgame,5,2.447,a5a7,,341,5
3,0,7,v4.2_null,P34,endgame,6,4.430,a5a7,,341,6
3,0,7,v4.2_null,P35,endgame,4,4.361,f2g1,,36,4
3,0,7,v4.2_null,P35,endgame,5,14.793,f2g1,,36,5
3,0,7,v4.2_null,P35,endgame,6,24.726,f2g1,,36,6
3,0,7,v4.2_null,P36,endgame,4,3.730,g1f2,,-23,4
3,0,7,v4.2_null,P36,endgame,5,6.432,g1f2,,-23,5
3,0,7,v4.2_null,P36,endgame,6,14.540,g1f2,,-23,6
3,0,7,v4.2_null,P37,endgame,4,3.639,g3g7,,23,4
3,0,7,v4.2_null,P37,endgame,5,6.161,g3g7,,23,5
3,0,7,v4.2_null,P37,endgame,6,10.563,g8g7,,23,6
3,0,7,v4.2_null,P38,endgame,4,2.679,a4a5,,-15,4
3,0,7,v4.2_null,P38,endgame,5,3.397,a4b5,,-15,5
3,0,7,v4.2_null,P38,endgame,6,7.687,a4b5,,-15,6
3,0,7,v4.2_null,P39,endgame,4,2.165,d2g2,,-37,4
3,0,7,v4.2_null,P39,endgame,5,4.466,d2g2,,-37,5
3,0,7,v4.2_null,P39,endgame,6,24.204,d2a2,,-37,6
3,0,7,v4.2_null,P40,endgame,4,4.896,e3e8,,99,4
3,0,7,v4.2_null,P40,endgame,5,11.148,e3e8,,99,5
3,0,7,v4.2_null,P40,endgame,6,28.094,a4a5,,99,6
3,0,8,v4.1_LMR,P01,opening,4,10.712,b8c6,,-53,4
3,0,8,v4.1_LMR,P01,opening,5,23.156,g8f6,,-53,5
3,0,8,v4.1_LMR,P01,opening,6,74.270,b8c6,,-53,6
3,0,8,v4.1_LMR,P02,opening,4,15.902,d8b6,,20,4
3,0,8,v4.1_LMR,P02,opening,5,39.393,e8g8,,20,5
3,0,8,v4.1_LMR,P02,opening,6,161.148,d8a5,,20,6
3,0,8,v4.1_LMR,P03,opening,4,9.269,a7a5,,27,4
3,0,8,v4.1_LMR,P03,opening,5,31.564,c8e6,,27,5
3,0,8,v4.1_LMR,P03,opening,6,117.960,c8f5,,27,6
3,0,8,v4.1_LMR,P04,opening,4,9.693,d4e5,,18,4
3,0,8,v4.1_LMR,P04,opening,5,18.514,d4e5,,18,5
3,0,8,v4.1_LMR,P04,opening,6,69.743,d4e5,,18,6
3,0,8,v4.1_LMR,P05,opening,4,13.761,e1g1,,-11,4
3,0,8,v4.1_LMR,P05,opening,5,34.298,e1g1,,-11,5
3,0,8,v4.1_LMR,P05,opening,6,128.688,e1g1,,-11,6
3,0,8,v4.1_LMR,P06,opening,4,10.639,f1c4,,-19,4
3,0,8,v4.1_LMR,P06,opening,5,22.448,f1b5,,-19,5
3,0,8,v4.1_LMR,P06,opening,6,98.026,f1c4,,-19,6
3,0,8,v4.1_LMR,P07,opening,4,9.692,d6b6,,-26,4
3,0,8,v4.1_LMR,P07,opening,5,23.250,g8f6,,-26,5
3,0,8,v4.1_LMR,P07,opening,6,76.487,g8f6,,-26,6
3,0,8,v4.1_LMR,P08,opening,4,5.588,g8f6,,19,4
3,0,8,v4.1_LMR,P08,opening,5,14.158,g8f6,,19,5
3,0,8,v4.1_LMR,P08,opening,6,58.074,c8f5,,19,6
3,0,8,v4.1_LMR,P09,opening,4,13.022,e3e4,,158,4
3,0,8,v4.1_LMR,P09,opening,5,24.683,d3c2,,158,5
3,0,8,v4.1_LMR,P09,opening,6,92.882,c1d2,,158,6
3,0,8,v4.1_LMR,P10,opening,4,5.335,e7e5,,13,4
3,0,8,v4.1_LMR,P10,opening,5,16.899,e7e5,,13,5
3,0,8,v4.1_LMR,P10,opening,6,48.254,e7e5,,13,6
3,0,8,v4.1_LMR,P11,opening,4,6.307,b1c3,,-55,4
3,0,8,v4.1_LMR,P11,opening,5,11.324,e4d5,,-55,5
3,0,8,v4.1_LMR,P11,opening,6,55.101,e4e5,,-55,6
3,0,8,v4.1_LMR,P12,opening,4,10.028,c8d7,,-14,4
3,0,8,v4.1_LMR,P12,opening,5,27.801,c8d7,,-14,5
3,0,8,v4.1_LMR,P12,opening,6,80.358,c8d7,,-14,6
3,0,8,v4.1_LMR,P13,opening,4,3.185,b8c6,,-1,4
3,0,8,v4.1_LMR,P13,opening,5,6.894,d7d5,,-1,5
3,0,8,v4.1_LMR,P13,opening,6,50.453,e7e6,,-1,6
3,0,8,v4.1_LMR,P14,opening,4,7.526,c6d4,,-37,4
3,0,8,v4.1_LMR,P14,opening,5,15.052,c6d4,,-37,5
3,0,8,v4.1_LMR,P14,opening,6,61.546,c6d4,,-37,6
3,0,8,v4.1_LMR,P15,middlegame,4,10.674,h4g3,,76,4
3,0,8,v4.1_LMR,P15,middlegame,5,22.714,h4g3,,76,5
3,0,8,v4.1_LMR,P15,middlegame,6,94.068,h4g3,,76,6
3,0,8,v4.1_LMR,P16,middlegame,4,11.526,a6a5,,-97,4
3,0,8,v4.1_LMR,P16,middlegame,5,29.803,a6a5,,-97,5
3,0,8,v4.1_LMR,P16,middlegame,6,116.187,c8b7,,-97,6
3,0,8,v4.1_LMR,P17,middlegame,4,16.230,c6b4,,-124,4
3,0,8,v4.1_LMR,P17,middlegame,5,39.391,c6b4,,-124,5
3,0,8,v4.1_LMR,P17,middlegame,6,152.496,e7g6,,-124,6
3,0,8,v4.1_LMR,P18,middlegame,4,12.991,c1e3,,117,4
3,0,8,v4.1_LMR,P18,middlegame,5,34.353,c1e3,,117,5
3,0,8,v4.1_LMR,P18,middlegame,6,145.333,c1a3,,117,6
3,0,8,v4.1_LMR,P19,middlegame,4,0.960,c4d5,,-197,4
3,0,8,v4.1_LMR,P19,middlegame,5,3.058,c4d5,,-197,5
3,0,8,v4.1_LMR,P19,middlegame,6,5.393,c4d5,,-197,6
3,0,8,v4.1_LMR,P20,middlegame,4,10.793,a8c8,,40,4
3,0,8,v4.1_LMR,P20,middlegame,5,41.479,h7h6,,40,5
3,0,8,v4.1_LMR,P20,middlegame,6,177.658,d8d7,,40,6
3,0,8,v4.1_LMR,P21,middlegame,4,8.345,e7d5,,-46,4
3,0,8,v4.1_LMR,P21,middlegame,5,20.834,e7d5,,-46,5
3,0,8,v4.1_LMR,P21,middlegame,6,80.645,e7d5,,-46,6
3,0,8,v4.1_LMR,P22,middlegame,4,8.597,e2e3,,69,4
3,0,8,v4.1_LMR,P22,middlegame,5,18.819,g1h1,,69,5
3,0,8,v4.1_LMR,P22,middlegame,6,63.033,g1h1,,69,6
3,0,8,v4.1_LMR,P23,middlegame,4,11.012,f8e8,,33,4
3,0,8,v4.1_LMR,P23,middlegame,5,26.298,f8e8,,33,5
3,0,8,v4.1_LMR,P23,middlegame,6,96.824,e7f6,,33,6
3,0,8,v4.1_LMR,P24,middlegame,4,14.833,b5c6,,156,4
3,0,8,v4.1_LMR,P24,middlegame,5,30.928,b5c6,,156,5
3,0,8,v4.1_LMR,P24,middlegame,6,140.455,b5c6,,156,6
3,0,8,v4.1_LMR,P25,middlegame,4,14.822,d7f6,,-100,4
3,0,8,v4.1_LMR,P25,middlegame,5,51.796,d7f6,,-100,5
3,0,8,v4.1_LMR,P25,middlegame,6,174.368,d7b6,,-100,6
3,0,8,v4.1_LMR,P26,middlegame,4,6.308,g8g7,,-298,4
3,0,8,v4.1_LMR,P26,middlegame,5,20.230,g8g7,,-298,5
3,0,8,v4.1_LMR,P26,middlegame,6,81.867,g8g7,,-298,6
3,0,8,v4.1_LMR,P27,middlegame,4,6.114,b4c6,,-98,4
3,0,8,v4.1_LMR,P27,middlegame,5,13.393,b4c6,,-98,5
3,0,8,v4.1_LMR,P27,middlegame,6,47.813,b4c6,,-98,6
3,0,8,v4.1_LMR,P28,middlegame,4,14.262,c3d3,,-86,4
3,0,8,v4.1_LMR,P28,middlegame,5,34.137,c3d3,,-86,5
3,0,8,v4.1_LMR,P28,middlegame,6,115.425,c3d3,,-86,6
3,0,8,v4.1_LMR,P29,middlegame,4,9.277,d8e8,,-52,4
3,0,8,v4.1_LMR,P29,middlegame,5,35.553,c8b8,,-52,5
3,0,8,v4.1_LMR,P29,middlegame,6,108.678,d8e8,,-52,6
3,0,8,v4.1_LMR,P30,middlegame,4,16.374,f5f4,,-100,4
3,0,8,v4.1_LMR,P30,middlegame,5,59.155,f5f4,,-100,5
3,0,8,v4.1_LMR,P30,middlegame,6,177.034,f5f4,,-100,6
3,0,8,v4.1_LMR,P31,endgame,4,3.861,c5g1,,-280,4
3,0,8,v4.1_LMR,P31,endgame,5,5.434,c5g1,,-280,5
3,0,8,v4.1_LMR,P31,endgame,6,21.874,c5g1,,-280,6
3,0,8,v4.1_LMR,P32,endgame,4,3.859,a1a6,,156,4
3,0,8,v4.1_LMR,P32,endgame,5,6.115,f2e3,,156,5
3,0,8,v4.1_LMR,P32,endgame,6,11.758,f2e3,,156,6
3,0,8,v4.1_LMR,P33,endgame,4,5.763,b4a4,,-113,4
3,0,8,v4.1_LMR,P33,endgame,5,12.764,b4a4,,-113,5
3,0,8,v4.1_LMR,P33,endgame,6,27.200,b4a4,,-113,6
3,0,8,v4.1_LMR,P34,endgame,4,1.257,a5a6,,341,4
3,0,8,v4.1_LMR,P34,endgame,5,2.174,a5a6,,341,5
3,0,8,v4.1_LMR,P34,endgame,6,5.638,a5a7,,341,6
3,0,8,v4.1_LMR,P35,endgame,4,4.885,f2g1,,36,4
3,0,8,v4.1_LMR,P35,endgame,5,14.721,f2g1,,36,5
3,0,8,v4.1_LMR,P35,endgame,6,26.949,f2g1,,36,6
3,0,8,v4.1_LMR,P36,endgame,4,5.725,g1f2,,-23,4
3,0,8,v4.1_LMR,P36,endgame,5,8.897,g1f2,,-23,5
3,0,8,v4.1_LMR,P36,endgame,6,31.042,g1f2,,-23,6
3,0,8,v4.1_LMR,P37,endgame,4,6.215,g3g7,,23,4
3,0,8,v4.1_LMR,P37,endgame,5,9.878,g3g7,,23,5
3,0,8,v4.1_LMR,P37,endgame,6,21.489,g8g7,,23,6
3,0,8,v4.1_LMR,P38,endgame,4,3.357,a4a5,,-15,4
3,0,8,v4.1_LMR,P38,endgame,5,4.964,a4b5,,-15,5
3,0,8,v4.1_LMR,P38,endgame,6,15.705,a4b5,,-15,6
3,0,8,v4.1_LMR,P39,endgame,4,3.329,d2g2,,-37,4
3,0,8,v4.1_LMR,P39,endgame,5,6.724,d2g2,,-37,5
3,0,8,v4.1_LMR,P39,endgame,6,24.423,d2a2,,-37,6
3,0,8,v4.1_LMR,P40,endgame,4,5.812,e3e8,,99,4
3,0,8,v4.1_LMR,P40,endgame,5,16.522,e3e8,,99,5
3,0,8,v4.1_LMR,P40,endgame,6,39.544,a4a5,,99,6
3,0,9,v4_LMR,P01,opening,4,14.807,a7a5,,-53,4
3,0,9,v4_LMR,P01,opening,5,38.392,g8f6,,-53,5
3,0,9,v4_LMR,P01,opening,6,238.445,e7e5,,-53,6
3,0,9,v4_LMR,P02,opening,4,19.514,d8a5,,20,4
3,0,9,v4_LMR,P02,opening,5,66.492,e8g8,,20,5
3,0,9,v4_LMR,P02,opening,6,335.431,d8a5,,20,6
3,0,9,v4_LMR,P03,opening,4,12.794,a7a5,,27,4
3,0,9,v4_LMR,P03,opening,5,77.126,c8e6,,27,5
3,0,9,v4_LMR,P03,opening,6,292.516,c8e6,,27,6
3,0,9,v4_LMR,P04,opening,4,11.229,d4e5,,18,4
3,0,9,v4_LMR,P04,opening,5,33.798,d4e5,,18,5
3,0,9,v4_LMR,P04,opening,6,156.110,d4e5,,18,6
3,0,9,v4_LMR,P05,opening,4,16.095,e1g1,,-11,4
3,0,9,v4_LMR,P05,opening,5,63.582,e1g1,,-11,5
3,0,9,v4_LMR,P05,opening,6,255.208,e1g1,,-11,6
3,0,9,v4_LMR,P06,opening,4,13.644,f1c4,,-19,4
3,0,9,v4_LMR,P06,opening,5,54.000,f1c4,,-19,5
3,0,9,v4_LMR,P06,opening,6,194.036,f1c4,,-19,6
3,0,9,v4_LMR,P07,opening,4,12.687,g8f6,,-26,4
3,0,9,v4_LMR,P07,opening,5,62.176,g8f6,,-26,5
3,0,9,v4_LMR,P07,opening,6,216.641,g8f6,,-26,6
3,0,9,v4_LMR,P08,opening,4,6.829,g8f6,,19,4
3,0,9,v4_LMR,P08,opening,5,25.537,b8c6,,19,5
3,0,9,v4_LMR,P08,opening,6,184.227,b8c6,,19,6
3,0,9,v4_LMR,P09,opening,4,15.620,e3e4,,158,4
3,0,9,v4_LMR,P09,opening,5,42.360,e3e4,,158,5
3,0,9,v4_LMR,P09,opening,6,209.759,d3c2,,158,6
3,0,9,v4_LMR,P10,opening,4,6.829,g8f6,,13,4
3,0,9,v4_LMR,P10,opening,5,35.189,e7e5,,13,5
3,0,9,v4_LMR,P10,opening,6,140.686,d6d5,,13,6
3,0,9,v4_LMR,P11,opening,4,8.929,f1d3,,-55,4
3,0,9,v4_LMR,P11,opening,5,31.548,e4e5,,-55,5
3,0,9,v4_LMR,P11,opening,6,157.285,e4e5,,-55,6
3,0,9,v4_LMR,P12,opening,4,12.705,c8d7,,-14,4
3,0,9,v4_LMR,P12,opening,5,33.400,c8d7,,-14,5
3,0,9,v4_LMR,P12,opening,6,158.687,c8d7,,-14,6
3,0,9,v4_LMR,P13,opening,4,3.588,b8c6,,-1,4
3,0,9,v4_LMR,P13,opening,5,21.468,d7d5,,-1,5
3,0,9,v4_LMR,P13,opening,6,86.037,e7e6,,-1,6
3,0,9,v4_LMR,P14,opening,4,8.390,c6d4,,-37,4
3,0,9,v4_LMR,P14,opening,5,25.900,c6d4,,-37,5
3,0,9,v4_LMR,P14,opening,6,120.657,c6d4,,-37,6
3,0,9,v4_LMR,P15,middlegame,4,13.040,h4g3,,76,4
3,0,9,v4_LMR,P15,middlegame,5,45.795,h4g3,,76,5
3,0,9,v4_LMR,P15,middlegame,6,162.908,h4g3,,76,6
3,0,9,v4_LMR,P16,middlegame,4,15.096,a6a5,,-97,4
3,0,9,v4_LMR,P16,middlegame,5,45.375,a6a5,,-97,5
3,0,9,v4_LMR,P16,middlegame,6,314.291,e6e5,,-97,6
3,0,9,v4_LMR,P17,middlegame,4,23.807,c6b4,,-124,4
3,0,9,v4_LMR,P17,middlegame,5,72.724,c6b4,,-124,5
3,0,9,v4_LMR,P17,middlegame,6,309.725,e7f5,,-124,6
3,0,9,v4_LMR,P18,middlegame,4,17.409,c1e3,,117,4
3,0,9,v4_LMR,P18,middlegame,5,45.510,c1e3,,117,5
3,0,9,v4_LMR,P18,middlegame,6,139.196,c1e3,,117,6
3,0,9,v4_LMR,P19,middlegame,4,1.265,c4d5,,-197,4
3,0,9,v4_LMR,P19,middlegame,5,3.416,c4d5,,-197,5
3,0,9,v4_LMR,P19,middlegame,6,10.629,c4d5,,-197,6
3,0,9,v4_LMR,P20,middlegame,4,15.460,a8c8,,40,4
3,0,9,v4_LMR,P20,middlegame,5,68.553,h7h6,,40,5
3,0,9,v4_LMR,P20,middlegame,6,258.079,h7h6,,40,6
3,0,9,v4_LMR,P21,middlegame,4,9.719,e7d5,,-46,4
3,0,9,v4_LMR,P21,middlegame,5,32.298,e7d5,,-46,5
3,0,9,v4_LMR,P21,middlegame,6,133.913,e7d5,,-46,6
3,0,9,v4_LMR,P22,middlegame,4,14.548,f1g2,,69,4
3,0,9,v4_LMR,P22,middlegame,5,33.710,g1h1,,69,5
3,0,9,v4_LMR,P22,middlegame,6,97.643,g1h1,,69,6
3,0,9,v4_LMR,P23,middlegame,4,13.995,f8e8,,33,4
3,0,9,v4_LMR,P23,middlegame,5,50.959,e7f6,,33,5
3,0,9,v4_LMR,P23,middlegame,6,279.078,e7f6,,33,6
3,0,9,v4_LMR,P24,middlegame,4,15.225,b5c6,,156,4
3,0,9,v4_LMR,P24,middlegame,5,51.198,b5c6,,156,5
3,0,9,v4_LMR,P24,middlegame,6,244.872,f4e3,,156,6
3,0,9,v4_LMR,P25,middlegame,4,24.193,d7f6,,-100,4
3,0,9,v4_LMR,P25,middlegame,5,84.165,d7b6,,-100,5
3,0,9,v4_LMR,P25,middlegame,6,370.597,d7b6,,-100,6
3,0,9,v4_LMR,P26,middlegame,4,10.571,g8g7,,-298,4
3,0,9,v4_LMR,P26,middlegame,5,45.049,g8g7,,-298,5
3,0,9,v4_LMR,P26,middlegame,6,164.465,g8g7,,-298,6
3,0,9,v4_LMR,P27,middlegame,4,6.306,b4c6,,-98,4
3,0,9,v4_LMR,P27,middlegame,5,16.569,b4c6,,-98,5
3,0,9,v4_LMR,P27,middlegame,6,70.031,g5e6,,-98,6
3,0,9,v4_LMR,P28,middlegame,4,15.100,c3d3,,-86,4
3,0,9,v4_LMR,P28,middlegame,5,41.361,c3d3,,-86,5
3,0,9,v4_LMR,P28,middlegame,6,141.265,c3d3,,-86,6
3,0,9,v4_LMR,P29,middlegame,4,14.252,d8e8,,-52,4
3,0,9,v4_LMR,P29,middlegame,5,66.230,d8e8,,-52,5
3,0,9,v4_LMR,P29,middlegame,6,225.517,c8b8,,-52,6
3,0,9,v4_LMR,P30,middlegame,4,35.535,f5f4,,-100,4
3,0,9,v4_LMR,P30,middlegame,5,108.368,f5f4,,-100,5
3,0,9,v4_LMR,P30,middlegame,6,349.878,f5f4,,-100,6
3,0,9,v4_LMR,P31,endgame,4,4.073,c5g1,,-280,4
3,0,9,v4_LMR,P31,endgame,5,7.358,c5g1,,-280,5
3,0,9,v4_LMR,P31,endgame,6,17.882,c5g1,,-280,6
3,0,9,v4_LMR,P32,endgame,4,4.009,f2e3,,156,4
3,0,9,v4_LMR,P32,endgame,5,9.077,f2e3,,156,5
3,0,9,v4_LMR,P32,endgame,6,16.795,f2e3,,156,6
3,0,9,v4_LMR,P33,endgame,4,6.807,b4a4,,-113,4
3,0,9,v4_LMR,P33,endgame,5,16.831,b4a4,,-113,5
3,0,9,v4_LMR,P33,endgame,6,41.556,b4a4,,-113,6
3,0,9,v4_LMR,P34,endgame,4,1.591,a5a6,,341,4
3,0,9,v4_LMR,P34,endgame,5,4.255,a5a7,,341,5
3,0,9,v4_LMR,P34,endgame,6,8.974,a5a6,,341,6
3,0,9,v4_LMR,P35,endgame,4,6.831,f2g1,,36,4
3,0,9,v4_LMR,P35,endgame,5,20.468,f2g1,,36,5
3,0,9,v4_LMR,P35,endgame,6,36.600,f2g1,,36,6
3,0,9,v4_LMR,P36,endgame,4,6.518,g1f2,,-23,4
3,0,9,v4_LMR,P36,endgame,5,14.146,g1f2,,-23,5
3,0,9,v4_LMR,P36,endgame,6,35.115,g1f2,,-23,6
3,0,9,v4_LMR,P37,endgame,4,6.271,g3g7,,23,4
3,0,9,v4_LMR,P37,endgame,5,10.702,g3g7,,23,5
3,0,9,v4_LMR,P37,endgame,6,23.026,g8g7,,23,6
3,0,9,v4_LMR,P38,endgame,4,3.222,a4a5,,-15,4
3,0,9,v4_LMR,P38,endgame,5,6.313,a4b5,,-15,5
3,0,9,v4_LMR,P38,endgame,6,19.775,a4b5,,-15,6
3,0,9,v4_LMR,P39,endgame,4,3.374,d2g2,,-37,4
3,0,9,v4_LMR,P39,endgame,5,8.313,d2g2,,-37,5
3,0,9,v4_LMR,P39,endgame,6,39.079,d2a2,,-37,6
3,0,9,v4_LMR,P40,endgame,4,5.854,e3e8,,99,4
3,0,9,v4_LMR,P40,endgame,5,13.578,e3e8,,99,5
3,0,9,v4_LMR,P40,endgame,6,37.106,a4a5,,99,6
3,0,10,v3_engine,P01,opening,4,18.236,a7a5,,-53,4
3,0,10,v3_engine,P01,opening,5,65.716,b8c6,,-53,5
3,0,10,v3_engine,P01,opening,6,309.955,b8c6,,-53,6
3,0,10,v3_engine,P02,opening,4,24.055,e8g8,,20,4
3,0,10,v3_engine,P02,opening,5,145.465,e8g8,,20,5
3,0,10,v3_engine,P02,opening,6,640.141,c5b4,,20,6
3,0,10,v3_engine,P03,opening,4,16.636,a7a5,,27,4
3,0,10,v3_engine,P03,opening,5,71.970,c8e6,,27,5
3,0,10,v3_engine,P03,opening,6,297.183,c8e6,,27,6
3,0,10,v3_engine,P04,opening,4,14.121,d4e5,,18,4
3,0,10,v3_engine,P04,opening,5,58.160,d4e5,,18,5
3,0,10,v3_engine,P04,opening,6,250.405,d4e5,,18,6
3,0,10,v3_engine,P05,opening,4,21.632,e1g1,,-11,4
3,0,10,v3_engine,P05,opening,5,121.039,e1g1,,-11,5
3,0,10,v3_engine,P05,opening,6,402.590,e1g1,,-11,6
3,0,10,v3_engine,P06,opening,4,12.783,f1c4,,-19,4
3,0,10,v3_engine,P06,opening,5,71.763,f1c4,,-19,5
3,0,10,v3_engine,P06,opening,6,216.836,f1c4,,-19,6
3,0,10,v3_engine,P07,opening,4,14.360,g8f6,,-26,4
3,0,10,v3_engine,P07,opening,5,75.449,g8f6,,-26,5
3,0,10,v3_engine,P07,opening,6,261.069,g8f6,,-26,6
3,0,10,v3_engine,P08,opening,4,8.708,g8f6,,19,4
3,0,10,v3_engine,P08,opening,5,42.216,g8f6,,19,5
3,0,10,v3_engine,P08,opening,6,302.493,b8c6,,19,6
3,0,10,v3_engine,P09,opening,4,17.395,e3e4,,158,4
3,0,10,v3_engine,P09,opening,5,104.285,d3c2,,158,5
3,0,10,v3_engine,P09,opening,6,354.036,d3c2,,158,6
3,0,10,v3_engine,P10,opening,4,9.320,g8f6,,13,4
3,0,10,v3_engine,P10,opening,5,50.313,e7e5,,13,5
3,0,10,v3_engine,P10,opening,6,211.497,d6d5,,13,6
3,0,10,v3_engine,P11,opening,4,10.552,f1d3,,-55,4
3,0,10,v3_engine,P11,opening,5,43.983,e4e5,,-55,5
3,0,10,v3_engine,P11,opening,6,202.124,e4e5,,-55,6
3,0,10,v3_engine,P12,opening,4,15.647,c8d7,,-14,4
3,0,10,v3_engine,P12,opening,5,48.383,c8d7,,-14,5
3,0,10,v3_engine,P12,opening,6,136.602,c8d7,,-14,6
3,0,10,v3_engine,P13,opening,4,4.507,b8c6,,-1,4
3,0,10,v3_engine,P13,opening,5,26.177,e7e6,,-1,5
3,0,10,v3_engine,P13,opening,6,96.720,e7e6,,-1,6
3,0,10,v3_engine,P14,opening,4,7.735,c6d4,,-37,4
3,0,10,v3_engine,P14,opening,5,36.388,c6d4,,-37,5
3,0,10,v3_engine,P14,opening,6,163.642,c6d4,,-37,6
3,0,10,v3_engine,P15,middlegame,4,13.357,h4g3,,76,4
3,0,10,v3_engine,P15,middlegame,5,78.579,h4g3,,76,5
3,0,10,v3_engine,P15,middlegame,6,314.961,h4g3,,76,6
3,0,10,v3_engine,P16,middlegame,4,19.827,a6a5,,-97,4
3,0,10,v3_engine,P16,middlegame,5,92.735,a6a5,,-97,5
3,0,10,v3_engine,P16,middlegame,6,513.501,c8b7,,-97,6
3,0,10,v3_engine,P17,middlegame,4,26.617,c6b4,,-124,4
3,0,10,v3_engine,P17,middlegame,5,158.304,e7g6,,-124,5
3,0,10,v3_engine,P17,middlegame,6,767.797,c6b4,,-124,6
3,0,10,v3_engine,P18,middlegame,4,16.680,c1e3,,117,4
3,0,10,v3_engine,P18,middlegame,5,83.738,c1e3,,117,5
3,0,10,v3_engine,P18,middlegame,6,311.903,c1e3,,117,6
3,0,10,v3_engine,P19,middlegame,4,1.193,c4d5,,-197,4
3,0,10,v3_engine,P19,middlegame,5,4.678,c4d5,,-197,5
3,0,10,v3_engine,P19,middlegame,6,11.581,c4d5,,-197,6
3,0,10,v3_engine,P20,middlegame,4,17.639,h7h6,,40,4
3,0,10,v3_engine,P20,middlegame,5,98.105,h7h6,,40,5
3,0,10,v3_engine,P20,middlegame,6,378.509,h7h6,,40,6
3,0,10,v3_engine,P21,middlegame,4,11.283,e7d5,,-46,4
3,0,10,v3_engine,P21,middlegame,5,49.897,e7d5,,-46,5
3,0,10,v3_engine,P21,middlegame,6,244.500,e7d5,,-46,6
3,0,10,v3_engine,P22,middlegame,4,13.705,g1h1,,69,4
3,0,10,v3_engine,P22,middlegame,5,49.638,g1h1,,69,5
3,0,10,v3_engine,P22,middlegame,6,244.699,g1h1,,69,6
3,0,10,v3_engine,P23,middlegame,4,24.044,f8e8,,33,4
3,0,10,v3_engine,P23,middlegame,5,120.100,f8e8,,33,5
3,0,10,v3_engine,P23,middlegame,6,616.364,e7f6,,33,6
3,0,10,v3_engine,P24,middlegame,4,22.975,b5c6,,156,4
3,0,10,v3_engine,P24,middlegame,5,189.149,b5c6,,156,5
3,0,10,v3_engine,P24,middlegame,6,676.378,f4e3,,156,6
3,0,10,v3_engine,P25,middlegame,4,28.479,d7f6,,-100,4
3,0,10,v3_engine,P25,middlegame,5,151.961,d7b6,,-100,5
3,0,10,v3_engine,P25,middlegame,6,772.683,d7b6,,-100,6
3,0,10,v3_engine,P26,middlegame,4,14.107,g8g7,,-298,4
3,0,10,v3_engine,P26,middlegame,5,80.345,g8g7,,-298,5
3,0,10,v3_engine,P26,middlegame,6,407.398,g8g7,,-298,6
3,0,10,v3_engine,P27,middlegame,4,7.110,b4c6,,-98,4
3,0,10,v3_engine,P27,middlegame,5,30.176,b4c6,,-98,5
3,0,10,v3_engine,P27,middlegame,6,121.079,b4c6,,-98,6
3,0,10,v3_engine,P28,middlegame,4,27.904,c3d3,,-86,4
3,0,10,v3_engine,P28,middlegame,5,88.807,c3d3,,-86,5
3,0,10,v3_engine,P28,middlegame,6,262.378,c3d3,,-86,6
3,0,10,v3_engine,P29,middlegame,4,14.090,d8e8,,-52,4
3,0,10,v3_engine,P29,middlegame,5,81.534,d8e8,,-52,5
3,0,10,v3_engine,P29,middlegame,6,329.375,c8b8,,-52,6
3,0,10,v3_engine,P30,middlegame,4,26.705,f5f4,,-100,4
3,0,10,v3_engine,P30,middlegame,5,140.269,f5f4,,-100,5
3,0,10,v3_engine,P30,middlegame,6,554.058,f5f4,,-100,6
3,0,10,v3_engine,P31,endgame,4,11.164,c5g1,,-280,4
3,0,10,v3_engine,P31,endgame,5,29.168,c5g1,,-280,5
3,0,10,v3_engine,P31,endgame,6,60.447,c5g1,,-280,6
3,0,10,v3_engine,P32,endgame,4,3.997,f2e3,,156,4
3,0,10,v3_engine,P32,endgame,5,10.473,f2e3,,156,5
3,0,10,v3_engine,P32,endgame,6,24.233,f2e3,,156,6
3,0,10,v3_engine,P33,endgame,4,5.742,b4a4,,-113,4
3,0,10,v3_engine,P33,endgame,5,16.005,b4a4,,-113,5
3,0,10,v3_engine,P33,endgame,6,85.252,b4a4,,-113,6
3,0,10,v3_engine,P34,endgame,4,1.372,a5a6,,341,4
3,0,10,v3_engine,P34,endgame,5,4.608,a5a7,,341,5
3,0,10,v3_engine,P34,endgame,6,11.335,a5a6,,341,6
3,0,10,v3_engine,P35,endgame,4,7.400,f2g1,,36,4
3,0,10,v3_engine,P35,endgame,5,24.537,f2g1,,36,5
3,0,10,v3_engine,P35,endgame,6,55.872,f2g1,,36,6
3,0,10,v3_engine,P36,endgame,4,5.404,g1f2,,-23,4
3,0,10,v3_engine,P36,endgame,5,16.175,g1f2,,-23,5
3,0,10,v3_engine,P36,endgame,6,36.712,g1f2,,-23,6
3,0,10,v3_engine,P37,endgame,4,8.669,g3g7,,23,4
3,0,10,v3_engine,P37,endgame,5,23.571,g3g7,,23,5
3,0,10,v3_engine,P37,endgame,6,61.737,g8g7,,23,6
3,0,10,v3_engine,P38,endgame,4,2.448,a4b5,,-15,4
3,0,10,v3_engine,P38,endgame,5,9.523,a4b5,,-15,5
3,0,10,v3_engine,P38,endgame,6,36.541,a4b5,,-15,6
3,0,10,v3_engine,P39,endgame,4,4.747,d2g2,,-37,4
3,0,10,v3_engine,P39,endgame,5,15.343,d2g2,,-37,5
3,0,10,v3_engine,P39,endgame,6,66.886,d2a2,,-37,6
3,0,10,v3_engine,P40,endgame,4,7.197,e3e8,,99,4
3,0,10,v3_engine,P40,endgame,5,24.972,e3e8,,99,5
3,0,10,v3_engine,P40,endgame,6,64.740,a4a5,,99,6
3,0,11,v2_tablebase,P01,opening,4,77.640,a7a5,,-53,4
3,0,11,v2_tablebase,P01,opening,5,295.010,b8c6,,-53,5
3,0,11,v2_tablebase,P01,opening,6,1450.289,b8c6,,-53,6
3,0,11,v2_tablebase,P02,opening,4,170.880,e8g8,,20,4
3,0,11,v2_tablebase,P02,opening,5,1048.756,e8g8,,20,5
3,0,11,v2_tablebase,P02,opening,6,3905.978,c5b4,,20,6
3,0,11,v2_tablebase,P03,opening,4,85.019,a7a5,,27,4
3,0,11,v2_tablebase,P03,opening,5,370.824,c8e6,,27,5
3,0,11,v2_tablebase,P03,opening,6,1523.703,c8e6,,27,6
3,0,11,v2_tablebase,P04,opening,4,86.449,d4e5,,18,4
3,0,11,v2_tablebase,P04,opening,5,309.644,d4e5,,18,5
3,0,11,v2_tablebase,P04,opening,6,1401.650,d4e5,,18,6
3,0,11,v2_tablebase,P05,opening,4,174.291,e1g1,,-11,4
3,0,11,v2_tablebase,P05,opening,5,784.849,e1g1,,-11,5
3,0,11,v2_tablebase,P05,opening,6,2762.997,e1g1,,-11,6
3,0,11,v2_tablebase,P06,opening,4,62.978,f1c4,,-19,4
3,0,11,v2_tablebase,P06,opening,5,311.962,f1c4,,-19,5
3,0,11,v2_tablebase,P06,opening,6,1081.078,f1c4,,-19,6
3,0,11,v2_tablebase,P07,opening,4,59.419,g8f6,,-26,4
3,0,11,v2_tablebase,P07,opening,5,340.680,g8f6,,-26,5
3,0,11,v2_tablebase,P07,opening,6,1157.856,g8f6,,-26,6
3,0,11,v2_tablebase,P08,opening,4,54.568,g8f6,,19,4
3,0,11,v2_tablebase,P08,opening,5,217.020,g8f6,,19,5
3,0,11,v2_tablebase,P08,opening,6,1717.091,b8c6,,19,6
3,0,11,v2_tablebase,P09,opening,4,88.975,e3e4,,158,4
3,0,11,v2_tablebase,P09,opening,5,511.442,d3c2,,158,5
3,0,11,v2_tablebase,P09,opening,6,1871.426,d3c2,,158,6
3,0,11,v2_tablebase,P10,opening,4,50.809,g8f6,,13,4
3,0,11,v2_tablebase,P10,opening,5,250.526,e7e5,,13,5
3,0,11,v2_tablebase,P10,opening,6,1002.496,d6d5,,13,6
3,0,11,v2_tablebase,P11,opening,4,45.505,f1d3,,-55,4
3,0,11,v2_tablebase,P11,opening,5,187.768,e4e5,,-55,5
3,0,11,v2_tablebase,P11,opening,6,889.025,e4e5,,-55,6
3,0,11,v2_tablebase,P12,opening,4,77.530,c8d7,,-14,4
3,0,11,v2_tablebase,P12,opening,5,251.280,c8d7,,-14,5
3,0,11,v2_tablebase,P12,opening,6,683.631,c8d7,,-14,6
3,0,11,v2_tablebase,P13,opening,4,18.824,b8c6,,-1,4
3,0,11,v2_tablebase,P13,opening,5,102.609,e7e6,,-1,5
3,0,11,v2_tablebase,P13,opening,6,409.703,e7e6,,-1,6
3,0,11,v2_tablebase,P14,opening,4,33.059,c6d4,,-37,4
3,0,11,v2_tablebase,P14,opening,5,160.649,c6d4,,-37,5
3,0,11,v2_tablebase,P14,opening,6,870.768,c6d4,,-37,6
3,0,11,v2_tablebase,P15,middlegame,4,88.830,h4g3,,76,4
3,0,11,v2_tablebase,P15,middlegame,5,455.900,h4g3,,76,5
3,0,11,v2_tablebase,P15,middlegame,6,2261.835,h4g3,,76,6
3,0,11,v2_tablebase,P16,middlegame,4,113.999,a6a5,,-97,4
3,0,11,v2_tablebase,P16,middlegame,5,515.853,a6a5,,-97,5
3,0,11,v2_tablebase,P16,middlegame,6,2810.508,c8b7,,-97,6
3,0,11,v2_tablebase,P17,middlegame,4,187.154,c6b4,,-124,4
3,0,11,v2_tablebase,P17,middlegame,5,1016.857,e7g6,,-124,5
3,0,11,v2_tablebase,P17,middlegame,6,4974.311,c6b4,,-124,6
3,0,11,v2_tablebase,P18,middlegame,4,92.393,c1e3,,117,4
3,0,11,v2_tablebase,P18,middlegame,5,375.996,c1e3,,117,5
3,0,11,v2_tablebase,P18,middlegame,6,1650.302,c1e3,,117,6
3,0,11,v2_tablebase,P19,middlegame,4,3.331,c4d5,,-197,4
3,0,11,v2_tablebase,P19,middlegame,5,14.332,c4d5,,-197,5
3,0,11,v2_tablebase,P19,middlegame,6,35.683,c4d5,,-197,6
3,0,11,v2_tablebase,P20,middlegame,4,89.639,h7h6,,40,4
3,0,11,v2_tablebase,P20,middlegame,5,469.018,h7h6,,40,5
3,0,11,v2_tablebase,P20,middlegame,6,1954.119,h7h6,,40,6
3,0,11,v2_tablebase,P21,middlegame,4,101.889,e7d5,,-46,4
3,0,11,v2_tablebase,P21,middlegame,5,371.982,e7d5,,-46,5
3,0,11,v2_tablebase,P21,middlegame,6,2050.050,e7d5,,-46,6
3,0,11,v2_tablebase,P22,middlegame,4,92.070,g1h1,,69,4
3,0,11,v2_tablebase,P22,middlegame,5,301.423,g1h1,,69,5
3,0,11,v2_tablebase,P22,middlegame,6,1442.779,g1h1,,69,6
3,0,11,v2_tablebase,P23,middlegame,4,145.431,f8e8,,33,4
3,0,11,v2_tablebase,P23,middlegame,5,659.989,f8e8,,33,5
3,0,11,v2_tablebase,P23,middlegame,6,3598.564,e7f6,,33,6
3,0,11,v2_tablebase,P24,middlegame,4,157.857,b5c6,,156,4
3,0,11,v2_tablebase,P24,middlegame,5,1158.617,b5c6,,156,5
3,0,11,v2_tablebase,P24,middlegame,6,4596.678,f4e3,,156,6
3,0,11,v2_tablebase,P25,middlegame,4,198.010,d7f6,,-100,4
3,0,11,v2_tablebase,P25,middlegame,5,973.959,d7b6,,-100,5
3,0,11,v2_tablebase,P25,middlegame,6,4761.909,d7b6,,-100,6
3,0,11,v2_tablebase,P26,middlegame,4,73.672,g8g7,,-298,4
3,0,11,v2_tablebase,P26,middlegame,5,480.403,g8g7,,-298,5
3,0,11,v2_tablebase,P26,middlegame,6,2345.351,g8g7,,-298,6
3,0,11,v2_tablebase,P27,middlegame,4,38.971,b4c6,,-98,4
3,0,11,v2_tablebase,P27,middlegame,5,149.428,b4c6,,-98,5
3,0,11,v2_tablebase,P27,middlegame,6,672.271,b4c6,,-98,6
3,0,11,v2_tablebase,P28,middlegame,4,133.831,c3d3,,-86,4
3,0,11,v2_tablebase,P28,middlegame,5,432.286,c3d3,,-86,5
3,0,11,v2_tablebase,P28,middlegame,6,1278.947,c3d3,,-86,6
3,0,11,v2_tablebase,P29,middlegame,4,79.618,d8e8,,-52,4
3,0,11,v2_tablebase,P29,middlegame,5,468.653,d8e8,,-52,5
3,0,11,v2_tablebase,P29,middlegame,6,1727.327,c8b8,,-52,6
3,0,11,v2_tablebase,P30,middlegame,4,165.133,f5f4,,-100,4
3,0,11,v2_tablebase,P30,middlegame,5,845.669,f5f4,,-100,5
3,0,11,v2_tablebase,P30,middlegame,6,3244.002,f5f4,,-100,6
3,0,11,v2_tablebase,P31,endgame,4,51.332,c5g1,,-280,4
3,0,11,v2_tablebase,P31,endgame,5,130.793,c5g1,,-280,5
3,0,11,v2_tablebase,P31,endgame,6,254.718,c5g1,,-280,6
3,0,11,v2_tablebase,P32,endgame,4,13.597,f2e3,,156,4
3,0,11,v2_tablebase,P32,endgame,5,36.799,f2e3,,156,5
3,0,11,v2_tablebase,P32,endgame,6,91.982,f2e3,,156,6
3,0,11,v2_tablebase,P33,endgame,4,27.386,b4a4,,-113,4
3,0,11,v2_tablebase,P33,endgame,5,65.860,b4a4,,-113,5
3,0,11,v2_tablebase,P33,endgame,6,409.401,b4a4,,-113,6
3,0,11,v2_tablebase,P34,endgame,4,3.650,a5a6,,341,4
3,0,11,v2_tablebase,P34,endgame,5,14.503,a5a7,,341,5
3,0,11,v2_tablebase,P34,endgame,6,35.275,a5a6,,341,6
3,0,11,v2_tablebase,P35,endgame,4,41.847,f2g1,,36,4
3,0,11,v2_tablebase,P35,endgame,5,146.728,f2g1,,36,5
3,0,11,v2_tablebase,P35,endgame,6,362.430,f2g1,,36,6
3,0,11,v2_tablebase,P36,endgame,4,24.397,g1f2,,-23,4
3,0,11,v2_tablebase,P36,endgame,5,69.560,g1f2,,-23,5
3,0,11,v2_tablebase,P36,endgame,6,179.069,g1f2,,-23,6
3,0,11,v2_tablebase,P37,endgame,4,44.287,g3g7,,23,4
3,0,11,v2_tablebase,P37,endgame,5,116.641,g3g7,,23,5
3,0,11,v2_tablebase,P37,endgame,6,311.942,g8g7,,23,6
3,0,11,v2_tablebase,P38,endgame,4,9.064,a4b5,,-15,4
3,0,11,v2_tablebase,P38,endgame,5,38.087,a4b5,,-15,5
3,0,11,v2_tablebase,P38,endgame,6,139.891,a4b5,,-15,6
3,0,11,v2_tablebase,P39,endgame,4,18.824,d2g2,,-37,4
3,0,11,v2_tablebase,P39,endgame,5,64.728,d2g2,,-37,5
3,0,11,v2_tablebase,P39,endgame,6,287.707,d2a2,,-37,6
3,0,11,v2_tablebase,P40,endgame,4,32.046,e3e8,,99,4
3,0,11,v2_tablebase,P40,endgame,5,112.531,e3e8,,99,5
3,0,11,v2_tablebase,P40,endgame,6,292.601,a4a5,,99,6
3,0,12,v1_baseline,P01,opening,4,86.341,a7a5,,-53,4
3,0,12,v1_baseline,P01,opening,5,391.733,b8c6,,-53,5
3,0,12,v1_baseline,P01,opening,6,1805.101,b8c6,,-53,6
3,0,12,v1_baseline,P02,opening,4,225.874,e8g8,,20,4
3,0,12,v1_baseline,P02,opening,5,1224.527,e8g8,,20,5
3,0,12,v1_baseline,P02,opening,6,5515.122,c5b4,,20,6
3,0,12,v1_baseline,P03,opening,4,90.122,a7a5,,27,4
3,0,12,v1_baseline,P03,opening,5,373.816,c8e6,,27,5
3,0,12,v1_baseline,P03,opening,6,2074.939,c8e6,,27,6
3,0,12,v1_baseline,P04,opening,4,120.236,d4e5,,18,4
3,0,12,v1_baseline,P04,opening,5,399.268,d4e5,,18,5
3,0,12,v1_baseline,P04,opening,6,1726.290,d4e5,,18,6
3,0,12,v1_baseline,P05,opening,4,149.737,e1g1,,-11,4
3,0,12,v1_baseline,P05,opening,5,814.211,e1g1,,-11,5
3,0,12,v1_baseline,P05,opening,6,3396.026,e1g1,,-11,6
3,0,12,v1_baseline,P06,opening,4,87.408,f1c4,,-19,4
3,0,12,v1_baseline,P06,opening,5,478.708,f1c4,,-19,5
3,0,12,v1_baseline,P06,opening,6,1642.917,f1c4,,-19,6
3,0,12,v1_baseline,P07,opening,4,58.342,g8f6,,-26,4
3,0,12,v1_baseline,P07,opening,5,277.843,g8f6,,-26,5
3,0,12,v1_baseline,P07,opening,6,1323.536,g8f6,,-26,6
3,0,12,v1_baseline,P08,opening,4,89.532,g8f6,,19,4
3,0,12,v1_baseline,P08,opening,5,459.008,g8f6,,19,5
3,0,12,v1_baseline,P08,opening,6,2551.298,b8c6,,19,6
3,0,12,v1_baseline,P09,opening,4,115.084,e3e4,,158,4
3,0,12,v1_baseline,P09,opening,5,732.502,d3c2,,158,5
3,0,12,v1_baseline,P09,opening,6,3163.327,d3c2,,158,6
3,0,12,v1_baseline,P10,opening,4,66.630,g8f6,,13,4
3,0,12,v1_baseline,P10,opening,5,299.527,e7e5,,13,5
3,0,12,v1_baseline,P10,opening,6,1194.055,d6d5,,13,6
3,0,12,v1_baseline,P11,opening,4,56.501,f1d3,,-55,4
3,0,12,v1_baseline,P11,opening,5,251.427,e4e5,,-55,5
3,0,12,v1_baseline,P11,opening,6,1064.393,e4e5,,-55,6
3,0,12,v1_baseline,P12,opening,4,114.631,c8d7,,-14,4
3,0,12,v1_baseline,P12,opening,5,314.474,c8d7,,-14,5
3,0,12,v1_baseline,P12,opening,6,1308.397,c8d7,,-14,6
3,0,12,v1_baseline,P13,opening,4,13.565,b8c6,,-1,4
3,0,12,v1_baseline,P13,opening,5,104.175,e7e6,,-1,5
3,0,12,v1_baseline,P13,opening,6,503.576,e7e6,,-1,6
3,0,12,v1_baseline,P14,opening,4,40.141,c6d4,,-37,4
3,0,12,v1_baseline,P14,opening,5,193.691,c6d4,,-37,5
3,0,12,v1_baseline,P14,opening,6,1039.749,c6d4,,-37,6
3,0,12,v1_baseline,P15,middlegame,4,96.369,h4g3,,76,4
3,0,12,v1_baseline,P15,middlegame,5,556.414,h4g3,,76,5
3,0,12,v1_baseline,P15,middlegame,6,2484.418,h4g3,,76,6
3,0,12,v1_baseline,P16,middlegame,4,182.101,a6a5,,-97,4
3,0,12,v1_baseline,P16,middlegame,5,648.249,a6a5,,-97,5
3,0,12,v1_baseline,P16,middlegame,6,3947.452,c8b7,,-97,6
3,0,12,v1_baseline,P17,middlegame,4,258.839,c6b4,,-124,4
3,0,12,v1_baseline,P17,middlegame,5,1219.298,e7g6,,-124,5
3,0,12,v1_baseline,P17,middlegame,6,6279.298,c6b4,,-124,6
3,0,12,v1_baseline,P18,middlegame,4,90.642,c1e3,,117,4
3,0,12,v1_baseline,P18,middlegame,5,452.766,c1e3,,117,5
3,0,12,v1_baseline,P18,middlegame,6,2055.220,c1e3,,117,6
3,0,12,v1_baseline,P19,middlegame,4,3.786,c4d5,,-197,4
3,0,12,v1_baseline,P19,middlegame,5,18.321,c4d5,,-197,5
3,0,12,v1_baseline,P19,middlegame,6,60.512,c4d5,,-197,6
3,0,12,v1_baseline,P20,middlegame,4,137.030,h7h6,,40,4
3,0,12,v1_baseline,P20,middlegame,5,556.371,h7h6,,40,5
3,0,12,v1_baseline,P20,middlegame,6,2235.270,h7h6,,40,6
3,0,12,v1_baseline,P21,middlegame,4,117.473,e7d5,,-46,4
3,0,12,v1_baseline,P21,middlegame,5,428.255,e7d5,,-46,5
3,0,12,v1_baseline,P21,middlegame,6,2396.833,e7d5,,-46,6
3,0,12,v1_baseline,P22,middlegame,4,107.657,g1h1,,69,4
3,0,12,v1_baseline,P22,middlegame,5,342.988,g1h1,,69,5
3,0,12,v1_baseline,P22,middlegame,6,1747.192,g1h1,,69,6
3,0,12,v1_baseline,P23,middlegame,4,169.886,f8e8,,33,4
3,0,12,v1_baseline,P23,middlegame,5,893.732,f8e8,,33,5
3,0,12,v1_baseline,P23,middlegame,6,3899.828,e7f6,,33,6
3,0,12,v1_baseline,P24,middlegame,4,187.112,b5c6,,156,4
3,0,12,v1_baseline,P24,middlegame,5,1468.759,b5c6,,156,5
3,0,12,v1_baseline,P24,middlegame,6,5426.271,f4e3,,156,6
3,0,12,v1_baseline,P25,middlegame,4,314.961,d7f6,,-100,4
3,0,12,v1_baseline,P25,middlegame,5,1336.141,d7b6,,-100,5
3,0,12,v1_baseline,P25,middlegame,6,5673.315,d7b6,,-100,6
3,0,12,v1_baseline,P26,middlegame,4,85.405,g8g7,,-298,4
3,0,12,v1_baseline,P26,middlegame,5,604.967,g8g7,,-298,5
3,0,12,v1_baseline,P26,middlegame,6,2901.537,g8g7,,-298,6
3,0,12,v1_baseline,P27,middlegame,4,42.900,b4c6,,-98,4
3,0,12,v1_baseline,P27,middlegame,5,209.159,b4c6,,-98,5
3,0,12,v1_baseline,P27,middlegame,6,833.510,b4c6,,-98,6
3,0,12,v1_baseline,P28,middlegame,4,108.524,c3d3,,-86,4
3,0,12,v1_baseline,P28,middlegame,5,426.862,c3d3,,-86,5
3,0,12,v1_baseline,P28,middlegame,6,1293.485,c3d3,,-86,6
3,0,12,v1_baseline,P29,middlegame,4,91.517,d8e8,,-52,4
3,0,12,v1_baseline,P29,middlegame,5,472.370,c8b8,,-52,5
3,0,12,v1_baseline,P29,middlegame,6,2395.096,c8b8,,-52,6
3,0,12,v1_baseline,P30,middlegame,4,223.796,f5f4,,-100,4
3,0,12,v1_baseline,P30,middlegame,5,1105.230,f5f4,,-100,5
3,0,12,v1_baseline,P30,middlegame,6,4042.797,f5f4,,-100,6
3,0,12,v1_baseline,P31,endgame,4,59.908,c5g1,,-280,4
3,0,12,v1_baseline,P31,endgame,5,196.614,c5g1,,-280,5
3,0,12,v1_baseline,P31,endgame,6,297.238,c5g1,,-280,6
3,0,12,v1_baseline,P32,endgame,4,16.191,f2e3,,156,4
3,0,12,v1_baseline,P32,endgame,5,41.336,f2e3,,156,5
3,0,12,v1_baseline,P32,endgame,6,103.711,f2e3,,156,6
3,0,12,v1_baseline,P33,endgame,4,41.765,b4a4,,-113,4
3,0,12,v1_baseline,P33,endgame,5,127.079,b4a4,,-113,5
3,0,12,v1_baseline,P33,endgame,6,583.342,b4a4,,-113,6
3,0,12,v1_baseline,P34,endgame,4,4.881,a5a6,,341,4
3,0,12,v1_baseline,P34,endgame,5,16.467,a5a7,,341,5
3,0,12,v1_baseline,P34,endgame,6,52.416,a5a6,,341,6
3,0,12,v1_baseline,P35,endgame,4,49.913,f2g1,,36,4
3,0,12,v1_baseline,P35,endgame,5,154.640,f2g1,,36,5
3,0,12,v1_baseline,P35,endgame,6,542.059,f2g1,,36,6
3,0,12,v1_baseline,P36,endgame,4,30.421,g1f2,,-23,4
3,0,12,v1_baseline,P36,endgame,5,80.540,g1f2,,-23,5
3,0,12,v1_baseline,P36,endgame,6,204.011,g1f2,,-23,6
3,0,12,v1_baseline,P37,endgame,4,33.663,g3g7,,23,4
3,0,12,v1_baseline,P37,endgame,5,92.080,g8g7,,23,5
3,0,12,v1_baseline,P37,endgame,6,304.010,g3g7,,23,6
3,0,12,v1_baseline,P38,endgame,4,10.823,a4b5,,-15,4
3,0,12,v1_baseline,P38,endgame,5,45.589,a4b5,,-15,5
3,0,12,v1_baseline,P38,endgame,6,154.970,a4b5,,-15,6
3,0,12,v1_baseline,P39,endgame,4,29.394,d2g2,,-37,4
3,0,12,v1_baseline,P39,endgame,5,112.201,d2g2,,-37,5
3,0,12,v1_baseline,P39,endgame,6,508.356,d2a2,,-37,6
3,0,12,v1_baseline,P40,endgame,4,34.498,e3e8,,99,4
3,0,12,v1_baseline,P40,endgame,5,124.951,e3e8,,99,5
3,0,12,v1_baseline,P40,endgame,6,324.332,a4a5,,99,6
4,0,0,v1_baseline,P01,opening,4,86.447,a7a5,,-53,4
4,0,0,v1_baseline,P01,opening,5,387.020,b8c6,,-53,5
4,0,0,v1_baseline,P01,opening,6,1810.995,b8c6,,-53,6
4,0,0,v1_baseline,P02,opening,4,224.009,e8g8,,20,4
4,0,0,v1_baseline,P02,opening,5,1223.689,e8g8,,20,5
4,0,0,v1_baseline,P02,opening,6,5520.111,c5b4,,20,6
4,0,0,v1_baseline,P03,opening,4,90.235,a7a5,,27,4
4,0,0,v1_baseline,P03,opening,5,373.765,c8e6,,27,5
4,0,0,v1_baseline,P03,opening,6,2077.908,c8e6,,27,6
4,0,0,v1_baseline,P04,opening,4,118.783,d4e5,,18,4
4,0,0,v1_baseline,P04,opening,5,398.668,d4e5,,18,5
4,0,0,v1_baseline,P04,opening,6,1733.938,d4e5,,18,6
4,0,0,v1_baseline,P05,opening,4,148.656,e1g1,,-11,4
4,0,0,v1_baseline,P05,opening,5,815.898,e1g1,,-11,5
4,0,0,v1_baseline,P05,opening,6,3397.942,e1g1,,-11,6
4,0,0,v1_baseline,P06,opening,4,87.213,f1c4,,-19,4
4,0,0,v1_baseline,P06,opening,5,480.803,f1c4,,-19,5
4,0,0,v1_baseline,P06,opening,6,1648.131,f1c4,,-19,6
4,0,0,v1_baseline,P07,opening,4,57.802,g8f6,,-26,4
4,0,0,v1_baseline,P07,opening,5,275.796,g8f6,,-26,5
4,0,0,v1_baseline,P07,opening,6,1329.545,g8f6,,-26,6
4,0,0,v1_baseline,P08,opening,4,90.668,g8f6,,19,4
4,0,0,v1_baseline,P08,opening,5,461.628,g8f6,,19,5
4,0,0,v1_baseline,P08,opening,6,2547.085,b8c6,,19,6
4,0,0,v1_baseline,P09,opening,4,116.094,e3e4,,158,4
4,0,0,v1_baseline,P09,opening,5,734.328,d3c2,,158,5
4,0,0,v1_baseline,P09,opening,6,3167.366,d3c2,,158,6
4,0,0,v1_baseline,P10,opening,4,66.070,g8f6,,13,4
4,0,0,v1_baseline,P10,opening,5,297.684,e7e5,,13,5
4,0,0,v1_baseline,P10,opening,6,1191.458,d6d5,,13,6
4,0,0,v1_baseline,P11,opening,4,56.577,f1d3,,-55,4
4,0,0,v1_baseline,P11,opening,5,251.401,e4e5,,-55,5
4,0,0,v1_baseline,P11,opening,6,1068.711,e4e5,,-55,6
4,0,0,v1_baseline,P12,opening,4,113.561,c8d7,,-14,4
4,0,0,v1_baseline,P12,opening,5,313.330,c8d7,,-14,5
4,0,0,v1_baseline,P12,opening,6,1307.631,c8d7,,-14,6
4,0,0,v1_baseline,P13,opening,4,13.831,b8c6,,-1,4
4,0,0,v1_baseline,P13,opening,5,105.678,e7e6,,-1,5
4,0,0,v1_baseline,P13,opening,6,506.718,e7e6,,-1,6
4,0,0,v1_baseline,P14,opening,4,40.215,c6d4,,-37,4
4,0,0,v1_baseline,P14,opening,5,195.232,c6d4,,-37,5
4,0,0,v1_baseline,P14,opening,6,1035.551,c6d4,,-37,6
4,0,0,v1_baseline,P15,middlegame,4,96.677,h4g3,,76,4
4,0,0,v1_baseline,P15,middlegame,5,558.626,h4g3,,76,5
4,0,0,v1_baseline,P15,middlegame,6,2503.346,h4g3,,76,6
4,0,0,v1_baseline,P16,middlegame,4,181.753,a6a5,,-97,4
4,0,0,v1_baseline,P16,middlegame,5,647.552,a6a5,,-97,5
4,0,0,v1_baseline,P16,middlegame,6,3958.315,c8b7,,-97,6
4,0,0,v1_baseline,P17,middlegame,4,259.177,c6b4,,-124,4
4,0,0,v1_baseline,P17,middlegame,5,1218.918,e7g6,,-124,5
4,0,0,v1_baseline,P17,middlegame,6,6293.570,c6b4,,-124,6
4,0,0,v1_baseline,P18,middlegame,4,90.651,c1e3,,117,4
4,0,0,v1_baseline,P18,middlegame,5,453.108,c1e3,,117,5
4,0,0,v1_baseline,P18,middlegame,6,2071.423,c1e3,,117,6
4,0,0,v1_baseline,P19,middlegame,4,3.775,c4d5,,-197,4
4,0,0,v1_baseline,P19,middlegame,5,18.199,c4d5,,-197,5
4,0,0,v1_baseline,P19,middlegame,6,60.005,c4d5,,-197,6
4,0,0,v1_baseline,P20,middlegame,4,135.425,h7h6,,40,4
4,0,0,v1_baseline,P20,middlegame,5,555.018,h7h6,,40,5
4,0,0,v1_baseline,P20,middlegame,6,2240.882,h7h6,,40,6
4,0,0,v1_baseline,P21,middlegame,4,117.825,e7d5,,-46,4
4,0,0,v1_baseline,P21,middlegame,5,429.333,e7d5,,-46,5
4,0,0,v1_baseline,P21,middlegame,6,2399.472,e7d5,,-46,6
4,0,0,v1_baseline,P22,middlegame,4,108.151,g1h1,,69,4
4,0,0,v1_baseline,P22,middlegame,5,340.017,g1h1,,69,5
4,0,0,v1_baseline,P22,middlegame,6,1742.618,g1h1,,69,6
4,0,0,v1_baseline,P23,middlegame,4,169.973,f8e8,,33,4
4,0,0,v1_baseline,P23,middlegame,5,891.971,f8e8,,33,5
4,0,0,v1_baseline,P23,middlegame,6,3891.960,e7f6,,33,6
4,0,0,v1_baseline,P24,middlegame,4,189.077,b5c6,,156,4
4,0,0,v1_baseline,P24,middlegame,5,1469.191,b5c6,,156,5
4,0,0,v1_baseline,P24,middlegame,6,5431.019,f4e3,,156,6
4,0,0,v1_baseline,P25,middlegame,4,315.660,d7f6,,-100,4
4,0,0,v1_baseline,P25,middlegame,5,1333.739,d7b6,,-100,5
4,0,0,v1_baseline,P25,middlegame,6,5678.704,d7b6,,-100,6
4,0,0,v1_baseline,P26,middlegame,4,84.393,g8g7,,-298,4
4,0,0,v1_baseline,P26,middlegame,5,596.104,g8g7,,-298,5
4,0,0,v1_baseline,P26,middlegame,6,2875.553,g8g7,,-298,6
4,0,0,v1_baseline,P27,middlegame,4,42.934,b4c6,,-98,4
4,0,0,v1_baseline,P27,middlegame,5,205.910,b4c6,,-98,5
4,0,0,v1_baseline,P27,middlegame,6,821.395,b4c6,,-98,6
4,0,0,v1_baseline,P28,middlegame,4,107.214,c3d3,,-86,4
4,0,0,v1_baseline,P28,middlegame,5,421.032,c3d3,,-86,5
4,0,0,v1_baseline,P28,middlegame,6,1280.891,c3d3,,-86,6
4,0,0,v1_baseline,P29,middlegame,4,91.225,d8e8,,-52,4
4,0,0,v1_baseline,P29,middlegame,5,471.003,c8b8,,-52,5
4,0,0,v1_baseline,P29,middlegame,6,2355.810,c8b8,,-52,6
4,0,0,v1_baseline,P30,middlegame,4,224.103,f5f4,,-100,4
4,0,0,v1_baseline,P30,middlegame,5,1090.067,f5f4,,-100,5
4,0,0,v1_baseline,P30,middlegame,6,3968.004,f5f4,,-100,6
4,0,0,v1_baseline,P31,endgame,4,59.046,c5g1,,-280,4
4,0,0,v1_baseline,P31,endgame,5,193.860,c5g1,,-280,5
4,0,0,v1_baseline,P31,endgame,6,293.231,c5g1,,-280,6
4,0,0,v1_baseline,P32,endgame,4,16.196,f2e3,,156,4
4,0,0,v1_baseline,P32,endgame,5,41.571,f2e3,,156,5
4,0,0,v1_baseline,P32,endgame,6,102.880,f2e3,,156,6
4,0,0,v1_baseline,P33,endgame,4,42.205,b4a4,,-113,4
4,0,0,v1_baseline,P33,endgame,5,126.544,b4a4,,-113,5
4,0,0,v1_baseline,P33,endgame,6,579.402,b4a4,,-113,6
4,0,0,v1_baseline,P34,endgame,4,4.847,a5a6,,341,4
4,0,0,v1_baseline,P34,endgame,5,16.287,a5a7,,341,5
4,0,0,v1_baseline,P34,endgame,6,51.642,a5a6,,341,6
4,0,0,v1_baseline,P35,endgame,4,49.644,f2g1,,36,4
4,0,0,v1_baseline,P35,endgame,5,152.778,f2g1,,36,5
4,0,0,v1_baseline,P35,endgame,6,533.643,f2g1,,36,6
4,0,0,v1_baseline,P36,endgame,4,29.806,g1f2,,-23,4
4,0,0,v1_baseline,P36,endgame,5,79.345,g1f2,,-23,5
4,0,0,v1_baseline,P36,endgame,6,200.448,g1f2,,-23,6
4,0,0,v1_baseline,P37,endgame,4,33.046,g3g7,,23,4
4,0,0,v1_baseline,P37,endgame,5,89.990,g8g7,,23,5
4,0,0,v1_baseline,P37,endgame,6,300.109,g3g7,,23,6
4,0,0,v1_baseline,P38,endgame,4,10.694,a4b5,,-15,4
4,0,0,v1_baseline,P38,endgame,5,45.074,a4b5,,-15,5
4,0,0,v1_baseline,P38,endgame,6,153.695,a4b5,,-15,6
4,0,0,v1_baseline,P39,endgame,4,29.318,d2g2,,-37,4
4,0,0,v1_baseline,P39,endgame,5,111.079,d2g2,,-37,5
4,0,0,v1_baseline,P39,endgame,6,505.515,d2a2,,-37,6
4,0,0,v1_baseline,P40,endgame,4,34.159,e3e8,,99,4
4,0,0,v1_baseline,P40,endgame,5,124.050,e3e8,,99,5
4,0,0,v1_baseline,P40,endgame,6,321.497,a4a5,,99,6
4,0,1,v2_tablebase,P01,opening,4,77.327,a7a5,,-53,4
4,0,1,v2_tablebase,P01,opening,5,292.270,b8c6,,-53,5
4,0,1,v2_tablebase,P01,opening,6,1432.970,b8c6,,-53,6
4,0,1,v2_tablebase,P02,opening,4,169.991,e8g8,,20,4
4,0,1,v2_tablebase,P02,opening,5,1038.271,e8g8,,20,5
4,0,1,v2_tablebase,P02,opening,6,3843.941,c5b4,,20,6
4,0,1,v2_tablebase,P03,opening,4,84.151,a7a5,,27,4
4,0,1,v2_tablebase,P03,opening,5,365.105,c8e6,,27,5
4,0,1,v2_tablebase,P03,opening,6,1515.302,c8e6,,27,6
4,0,1,v2_tablebase,P04,opening,4,85.986,d4e5,,18,4
4,0,1,v2_tablebase,P04,opening,5,306.780,d4e5,,18,5
4,0,1,v2_tablebase,P04,opening,6,1377.704,d4e5,,18,6
4,0,1,v2_tablebase,P05,opening,4,171.819,e1g1,,-11,4
4,0,1,v2_tablebase,P05,opening,5,775.856,e1g1,,-11,5
4,0,1,v2_tablebase,P05,opening,6,2725.843,e1g1,,-11,6
4,0,1,v2_tablebase,P06,opening,4,62.306,f1c4,,-19,4
4,0,1,v2_tablebase,P06,opening,5,309.084,f1c4,,-19,5
4,0,1,v2_tablebase,P06,opening,6,1064.156,f1c4,,-19,6
4,0,1,v2_tablebase,P07,opening,4,58.915,g8f6,,-26,4
4,0,1,v2_tablebase,P07,opening,5,336.683,g8f6,,-26,5
4,0,1,v2_tablebase,P07,opening,6,1144.553,g8f6,,-26,6
4,0,1,v2_tablebase,P08,opening,4,54.080,g8f6,,19,4
4,0,1,v2_tablebase,P08,opening,5,215.023,g8f6,,19,5
4,0,1,v2_tablebase,P08,opening,6,1687.164,b8c6,,19,6
4,0,1,v2_tablebase,P09,opening,4,87.961,e3e4,,158,4
4,0,1,v2_tablebase,P09,opening,5,505.613,d3c2,,158,5
4,0,1,v2_tablebase,P09,opening,6,1837.837,d3c2,,158,6
4,0,1,v2_tablebase,P10,opening,4,50.248,g8f6,,13,4
4,0,1,v2_tablebase,P10,opening,5,247.719,e7e5,,13,5
4,0,1,v2_tablebase,P10,opening,6,989.744,d6d5,,13,6
4,0,1,v2_tablebase,P11,opening,4,45.349,f1d3,,-55,4
4,0,1,v2_tablebase,P11,opening,5,185.717,e4e5,,-55,5
4,0,1,v2_tablebase,P11,opening,6,874.811,e4e5,,-55,6
4,0,1,v2_tablebase,P12,opening,4,77.365,c8d7,,-14,4
4,0,1,v2_tablebase,P12,opening,5,247.993,c8d7,,-14,5
4,0,1,v2_tablebase,P12,opening,6,676.650,c8d7,,-14,6
4,0,1,v2_tablebase,P13,opening,4,18.559,b8c6,,-1,4
4,0,1,v2_tablebase,P13,opening,5,101.546,e7e6,,-1,5
4,0,1,v2_tablebase,P13,opening,6,404.493,e7e6,,-1,6
4,0,1,v2_tablebase,P14,opening,4,32.534,c6d4,,-37,4
4,0,1,v2_tablebase,P14,opening,5,159.569,c6d4,,-37,5
4,0,1,v2_tablebase,P14,opening,6,860.917,c6d4,,-37,6
4,0,1,v2_tablebase,P15,middlegame,4,88.240,h4g3,,76,4
4,0,1,v2_tablebase,P15,middlegame,5,450.703,h4g3,,76,5
4,0,1,v2_tablebase,P15,middlegame,6,2232.081,h4g3,,76,6
4,0,1,v2_tablebase,P16,middlegame,4,113.055,a6a5,,-97,4
4,0,1,v2_tablebase,P16,middlegame,5,511.355,a6a5,,-97,5
4,0,1,v2_tablebase,P16,middlegame,6,2769.532,c8b7,,-97,6
4,0,1,v2_tablebase,P17,middlegame,4,185.560,c6b4,,-124,4
4,0,1,v2_tablebase,P17,middlegame,5,1004.648,e7g6,,-124,5
4,0,1,v2_tablebase,P17,middlegame,6,4906.733,c6b4,,-124,6
4,0,1,v2_tablebase,P18,middlegame,4,91.212,c1e3,,117,4
4,0,1,v2_tablebase,P18,middlegame,5,372.730,c1e3,,117,5
4,0,1,v2_tablebase,P18,middlegame,6,1627.992,c1e3,,117,6
4,0,1,v2_tablebase,P19,middlegame,4,3.335,c4d5,,-197,4
4,0,1,v2_tablebase,P19,middlegame,5,14.243,c4d5,,-197,5
4,0,1,v2_tablebase,P19,middlegame,6,35.433,c4d5,,-197,6
4,0,1,v2_tablebase,P20,middlegame,4,88.529,h7h6,,40,4
4,0,1,v2_tablebase,P20,middlegame,5,463.646,h7h6,,40,5
4,0,1,v2_tablebase,P20,middlegame,6,1923.974,h7h6,,40,6
4,0,1,v2_tablebase,P21,middlegame,4,100.952,e7d5,,-46,4
4,0,1,v2_tablebase,P21,middlegame,5,368.654,e7d5,,-46,5
4,0,1,v2_tablebase,P21,middlegame,6,2020.713,e7d5,,-46,6
4,0,1,v2_tablebase,P22,middlegame,4,90.589,g1h1,,69,4
4,0,1,v2_tablebase,P22,middlegame,5,298.837,g1h1,,69,5
4,0,1,v2_tablebase,P22,middlegame,6,1426.372,g1h1,,69,6
4,0,1,v2_tablebase,P23,middlegame,4,145.234,f8e8,,33,4
4,0,1,v2_tablebase,P23,middlegame,5,653.242,f8e8,,33,5
4,0,1,v2_tablebase,P23,middlegame,6,3489.996,e7f6,,33,6
4,0,1,v2_tablebase,P24,middlegame,4,156.261,b5c6,,156,4
4,0,1,v2_tablebase,P24,middlegame,5,1147.439,b5c6,,156,5
4,0,1,v2_tablebase,P24,middlegame,6,4518.815,f4e3,,156,6
4,0,1,v2_tablebase,P25,middlegame,4,197.483,d7f6,,-100,4
4,0,1,v2_tablebase,P25,middlegame,5,965.576,d7b6,,-100,5
4,0,1,v2_tablebase,P25,middlegame,6,4694.132,d7b6,,-100,6
4,0,1,v2_tablebase,P26,middlegame,4,72.878,g8g7,,-298,4
4,0,1,v2_tablebase,P26,middlegame,5,474.869,g8g7,,-298,5
4,0,1,v2_tablebase,P26,middlegame,6,2314.260,g8g7,,-298,6
4,0,1,v2_tablebase,P27,middlegame,4,38.643,b4c6,,-98,4
4,0,1,v2_tablebase,P27,middlegame,5,147.294,b4c6,,-98,5
4,0,1,v2_tablebase,P27,middlegame,6,664.269,b4c6,,-98,6
4,0,1,v2_tablebase,P28,middlegame,4,132.651,c3d3,,-86,4
4,0,1,v2_tablebase,P28,middlegame,5,428.209,c3d3,,-86,5
4,0,1,v2_tablebase,P28,middlegame,6,1260.584,c3d3,,-86,6
4,0,1,v2_tablebase,P29,middlegame,4,78.902,d8e8,,-52,4
4,0,1,v2_tablebase,P29,middlegame,5,465.087,d8e8,,-52,5
4,0,1,v2_tablebase,P29,middlegame,6,1705.237,c8b8,,-52,6
4,0,1,v2_tablebase,P30,middlegame,4,163.207,f5f4,,-100,4
4,0,1,v2_tablebase,P30,middlegame,5,831.654,f5f4,,-100,5
4,0,1,v2_tablebase,P30,middlegame,6,3195.863,f5f4,,-100,6
4,0,1,v2_tablebase,P31,endgame,4,51.137,c5g1,,-280,4
4,0,1,v2_tablebase,P31,endgame,5,129.024,c5g1,,-280,5
4,0,1,v2_tablebase,P31,endgame,6,250.885,c5g1,,-280,6
4,0,1,v2_tablebase,P32,endgame,4,13.465,f2e3,,156,4
4,0,1,v2_tablebase,P32,endgame,5,36.510,f2e3,,156,5
4,0,1,v2_tablebase,P32,endgame,6,90.783,f2e3,,156,6
4,0,1,v2_tablebase,P33,endgame,4,27.084,b4a4,,-113,4
4,0,1,v2_tablebase,P33,endgame,5,65.452,b4a4,,-113,5
4,0,1,v2_tablebase,P33,endgame,6,403.813,b4a4,,-113,6
4,0,1,v2_tablebase,P34,endgame,4,3.644,a5a6,,341,4
4,0,1,v2_tablebase,P34,endgame,5,14.290,a5a7,,341,5
4,0,1,v2_tablebase,P34,endgame,6,34.901,a5a6,,341,6
4,0,1,v2_tablebase,P35,endgame,4,41.598,f2g1,,36,4
4,0,1,v2_tablebase,P35,endgame,5,145.521,f2g1,,36,5
4,0,1,v2_tablebase,P35,endgame,6,359.300,f2g1,,36,6
4,0,1,v2_tablebase,P36,endgame,4,24.637,g1f2,,-23,4
4,0,1,v2_tablebase,P36,endgame,5,69.372,g1f2,,-23,5
4,0,1,v2_tablebase,P36,endgame,6,178.263,g1f2,,-23,6
4,0,1,v2_tablebase,P37,endgame,4,43.759,g3g7,,23,4
4,0,1,v2_tablebase,P37,endgame,5,116.531,g3g7,,23,5
4,0,1,v2_tablebase,P37,endgame,6,306.428,g8g7,,23,6
4,0,1,v2_tablebase,P38,endgame,4,8.930,a4b5,,-15,4
4,0,1,v2_tablebase,P38,endgame,5,37.294,a4b5,,-15,5
4,0,1,v2_tablebase,P38,endgame,6,136.930,a4b5,,-15,6
4,0,1,v2_tablebase,P39,endgame,4,18.514,d2g2,,-37,4
4,0,1,v2_tablebase,P39,endgame,5,63.672,d2g2,,-37,5
4,0,1,v2_tablebase,P39,endgame,6,282.932,d2a2,,-37,6
4,0,1,v2_tablebase,P40,endgame,4,31.640,e3e8,,99,4
4,0,1,v2_tablebase,P40,endgame,5,111.423,e3e8,,99,5
4,0,1,v2_tablebase,P40,endgame,6,288.107,a4a5,,99,6
4,0,2,v3_engine,P01,opening,4,18.211,a7a5,,-53,4
4,0,2,v3_engine,P01,opening,5,65.117,b8c6,,-53,5
4,0,2,v3_engine,P01,opening,6,307.083,b8c6,,-53,6
4,0,2,v3_engine,P02,opening,4,23.625,e8g8,,20,4
4,0,2,v3_engine,P02,opening,5,143.427,e8g8,,20,5
4,0,2,v3_engine,P02,opening,6,633.834,c5b4,,20,6
4,0,2,v3_engine,P03,opening,4,16.150,a7a5,,27,4
4,0,2,v3_engine,P03,opening,5,71.131,c8e6,,27,5
4,0,2,v3_engine,P03,opening,6,293.205,c8e6,,27,6
4,0,2,v3_engine,P04,opening,4,13.879,d4e5,,18,4
4,0,2,v3_engine,P04,opening,5,58.196,d4e5,,18,5
4,0,2,v3_engine,P04,opening,6,247.376,d4e5,,18,6
4,0,2,v3_engine,P05,opening,4,21.274,e1g1,,-11,4
4,0,2,v3_engine,P05,opening,5,119.452,e1g1,,-11,5
4,0,2,v3_engine,P05,opening,6,396.229,e1g1,,-11,6
4,0,2,v3_engine,P06,opening,4,12.677,f1c4,,-19,4
4,0,2,v3_engine,P06,opening,5,71.397,f1c4,,-19,5
4,0,2,v3_engine,P06,opening,6,214.114,f1c4,,-19,6
4,0,2,v3_engine,P07,opening,4,13.645,g8f6,,-26,4
4,0,2,v3_engine,P07,opening,5,74.045,g8f6,,-26,5
4,0,2,v3_engine,P07,opening,6,259.273,g8f6,,-26,6
4,0,2,v3_engine,P08,opening,4,8.526,g8f6,,19,4
4,0,2,v3_engine,P08,opening,5,41.901,g8f6,,19,5
4,0,2,v3_engine,P08,opening,6,296.350,b8c6,,19,6
4,0,2,v3_engine,P09,opening,4,17.218,e3e4,,158,4
4,0,2,v3_engine,P09,opening,5,102.888,d3c2,,158,5
4,0,2,v3_engine,P09,opening,6,349.135,d3c2,,158,6
4,0,2,v3_engine,P10,opening,4,9.000,g8f6,,13,4
4,0,2,v3_engine,P10,opening,5,50.079,e7e5,,13,5
4,0,2,v3_engine,P10,opening,6,208.777,d6d5,,13,6
4,0,2,v3_engine,P11,opening,4,10.509,f1d3,,-55,4
4,0,2,v3_engine,P11,opening,5,43.727,e4e5,,-55,5
4,0,2,v3_engine,P11,opening,6,199.646,e4e5,,-55,6
4,0,2,v3_engine,P12,opening,4,15.509,c8d7,,-14,4
4,0,2,v3_engine,P12,opening,5,47.927,c8d7,,-14,5
4,0,2,v3_engine,P12,opening,6,135.392,c8d7,,-14,6
4,0,2,v3_engine,P13,opening,4,4.440,b8c6,,-1,4
4,0,2,v3_engine,P13,opening,5,26.044,e7e6,,-1,5
4,0,2,v3_engine,P13,opening,6,96.045,e7e6,,-1,6
4,0,2,v3_engine,P14,opening,4,7.635,c6d4,,-37,4
4,0,2,v3_engine,P14,opening,5,35.972,c6d4,,-37,5
4,0,2,v3_engine,P14,opening,6,161.929,c6d4,,-37,6
4,0,2,v3_engine,P15,middlegame,4,13.159,h4g3,,76,4
4,0,2,v3_engine,P15,middlegame,5,78.368,h4g3,,76,5
4,0,2,v3_engine,P15,middlegame,6,310.206,h4g3,,76,6
4,0,2,v3_engine,P16,middlegame,4,19.319,a6a5,,-97,4
4,0,2,v3_engine,P16,middlegame,5,91.838,a6a5,,-97,5
4,0,2,v3_engine,P16,middlegame,6,514.125,c8b7,,-97,6
4,0,2,v3_engine,P17,middlegame,4,26.674,c6b4,,-124,4
4,0,2,v3_engine,P17,middlegame,5,159.371,e7g6,,-124,5
4,0,2,v3_engine,P17,middlegame,6,768.974,c6b4,,-124,6
4,0,2,v3_engine,P18,middlegame,4,16.736,c1e3,,117,4
4,0,2,v3_engine,P18,middlegame,5,83.787,c1e3,,117,5
4,0,2,v3_engine,P18,middlegame,6,312.324,c1e3,,117,6
4,0,2,v3_engine,P19,middlegame,4,1.152,c4d5,,-197,4
4,0,2,v3_engine,P19,middlegame,5,4.608,c4d5,,-197,5
4,0,2,v3_engine,P19,middlegame,6,11.711,c4d5,,-197,6
4,0,2,v3_engine,P20,middlegame,4,17.855,h7h6,,40,4
4,0,2,v3_engine,P20,middlegame,5,98.258,h7h6,,40,5
4,0,2,v3_engine,P20,middlegame,6,387.278,h7h6,,40,6
4,0,2,v3_engine,P21,middlegame,4,11.348,e7d5,,-46,4
4,0,2,v3_engine,P21,middlegame,5,49.819,e7d5,,-46,5
4,0,2,v3_engine,P21,middlegame,6,243.886,e7d5,,-46,6
4,0,2,v3_engine,P22,middlegame,4,14.072,g1h1,,69,4
4,0,2,v3_engine,P22,middlegame,5,49.626,g1h1,,69,5
4,0,2,v3_engine,P22,middlegame,6,244.563,g1h1,,69,6
4,0,2,v3_engine,P23,middlegame,4,24.748,f8e8,,33,4
4,0,2,v3_engine,P23,middlegame,5,120.171,f8e8,,33,5
4,0,2,v3_engine,P23,middlegame,6,617.651,e7f6,,33,6
4,0,2,v3_engine,P24,middlegame,4,23.069,b5c6,,156,4
4,0,2,v3_engine,P24,middlegame,5,190.205,b5c6,,156,5
4,0,2,v3_engine,P24,middlegame,6,678.242,f4e3,,156,6
4,0,2,v3_engine,P25,middlegame,4,28.915,d7f6,,-100,4
4,0,2,v3_engine,P25,middlegame,5,153.875,d7b6,,-100,5
4,0,2,v3_engine,P25,middlegame,6,771.629,d7b6,,-100,6
4,0,2,v3_engine,P26,middlegame,4,14.115,g8g7,,-298,4
4,0,2,v3_engine,P26,middlegame,5,80.379,g8g7,,-298,5
4,0,2,v3_engine,P26,middlegame,6,410.895,g8g7,,-298,6
4,0,2,v3_engine,P27,middlegame,4,7.272,b4c6,,-98,4
4,0,2,v3_engine,P27,middlegame,5,30.457,b4c6,,-98,5
4,0,2,v3_engine,P27,middlegame,6,121.727,b4c6,,-98,6
4,0,2,v3_engine,P28,middlegame,4,28.034,c3d3,,-86,4
4,0,2,v3_engine,P28,middlegame,5,88.707,c3d3,,-86,5
4,0,2,v3_engine,P28,middlegame,6,263.983,c3d3,,-86,6
4,0,2,v3_engine,P29,middlegame,4,14.341,d8e8,,-52,4
4,0,2,v3_engine,P29,middlegame,5,81.967,d8e8,,-52,5
4,0,2,v3_engine,P29,middlegame,6,330.496,c8b8,,-52,6
4,0,2,v3_engine,P30,middlegame,4,26.660,f5f4,,-100,4
4,0,2,v3_engine,P30,middlegame,5,139.068,f5f4,,-100,5
4,0,2,v3_engine,P30,middlegame,6,552.628,f5f4,,-100,6
4,0,2,v3_engine,P31,endgame,4,11.164,c5g1,,-280,4
4,0,2,v3_engine,P31,endgame,5,29.057,c5g1,,-280,5
4,0,2,v3_engine,P31,endgame,6,60.709,c5g1,,-280,6
4,0,2,v3_engine,P32,endgame,4,3.960,f2e3,,156,4
4,0,2,v3_engine,P32,endgame,5,10.450,f2e3,,156,5
4,0,2,v3_engine,P32,endgame,6,24.585,f2e3,,156,6
4,0,2,v3_engine,P33,endgame,4,5.914,b4a4,,-113,4
4,0,2,v3_engine,P33,endgame,5,16.057,b4a4,,-113,5
4,0,2,v3_engine,P33,endgame,6,85.233,b4a4,,-113,6
4,0,2,v3_engine,P34,endgame,4,1.346,a5a6,,341,4
4,0,2,v3_engine,P34,endgame,5,4.699,a5a7,,341,5
4,0,2,v3_engine,P34,endgame,6,11.408,a5a6,,341,6
4,0,2,v3_engine,P35,endgame,4,7.515,f2g1,,36,4
4,0,2,v3_engine,P35,endgame,5,24.814,f2g1,,36,5
4,0,2,v3_engine,P35,endgame,6,56.429,f2g1,,36,6
4,0,2,v3_engine,P36,endgame,4,5.405,g1f2,,-23,4
4,0,2,v3_engine,P36,endgame,5,16.239,g1f2,,-23,5
4,0,2,v3_engine,P36,endgame,6,37.204,g1f2,,-23,6
4,0,2,v3_engine,P37,endgame,4,8.620,g3g7,,23,4
4,0,2,v3_engine,P37,endgame,5,23.756,g3g7,,23,5
4,0,2,v3_engine,P37,endgame,6,62.122,g8g7,,23,6
4,0,2,v3_engine,P38,endgame,4,2.425,a4b5,,-15,4
4,0,2,v3_engine,P38,endgame,5,9.473,a4b5,,-15,5
4,0,2,v3_engine,P38,endgame,6,36.475,a4b5,,-15,6
4,0,2,v3_engine,P39,endgame,4,4.878,d2g2,,-37,4
4,0,2,v3_engine,P39,endgame,5,15.339,d2g2,,-37,5
4,0,2,v3_engine,P39,endgame,6,67.056,d2a2,,-37,6
4,0,2,v3_engine,P40,endgame,4,7.152,e3e8,,99,4
4,0,2,v3_engine,P40,endgame,5,25.100,e3e8,,99,5
4,0,2,v3_engine,P40,endgame,6,64.864,a4a5,,99,6
4,0,3,v4_LMR,P01,opening,4,14.700,a7a5,,-53,4
4,0,3,v4_LMR,P01,opening,5,37.981,g8f6,,-53,5
4,0,3,v4_LMR,P01,opening,6,237.066,e7e5,,-53,6
4,0,3,v4_LMR,P02,opening,4,20.010,d8a5,,20,4
4,0,3,v4_LMR,P02,opening,5,66.262,e8g8,,20,5
4,0,3,v4_LMR,P02,opening,6,333.202,d8a5,,20,6
4,0,3,v4_LMR,P03,opening,4,12.612,a7a5,,27,4
4,0,3,v4_LMR,P03,opening,5,77.861,c8e6,,27,5
4,0,3,v4_LMR,P03,opening,6,290.980,c8e6,,27,6
4,0,3,v4_LMR,P04,opening,4,11.128,d4e5,,18,4
4,0,3,v4_LMR,P04,opening,5,33.639,d4e5,,18,5
4,0,3,v4_LMR,P04,opening,6,155.897,d4e5,,18,6
4,0,3,v4_LMR,P05,opening,4,15.904,e1g1,,-11,4
4,0,3,v4_LMR,P05,opening,5,63.551,e1g1,,-11,5
4,0,3,v4_LMR,P05,opening,6,254.656,e1g1,,-11,6
4,0,3,v4_LMR,P06,opening,4,13.267,f1c4,,-19,4
4,0,3,v4_LMR,P06,opening,5,53.845,f1c4,,-19,5
4,0,3,v4_LMR,P06,opening,6,193.261,f1c4,,-19,6
4,0,3,v4_LMR,P07,opening,4,12.753,g8f6,,-26,4
4,0,3,v4_LMR,P07,opening,5,62.516,g8f6,,-26,5
4,0,3,v4_LMR,P07,opening,6,212.554,g8f6,,-26,6
4,0,3,v4_LMR,P08,opening,4,6.551,g8f6,,19,4
4,0,3,v4_LMR,P08,opening,5,25.035,b8c6,,19,5
4,0,3,v4_LMR,P08,opening,6,183.810,b8c6,,19,6
4,0,3,v4_LMR,P09,opening,4,15.554,e3e4,,158,4
4,0,3,v4_LMR,P09,opening,5,42.474,e3e4,,158,5
4,0,3,v4_LMR,P09,opening,6,209.174,d3c2,,158,6
4,0,3,v4_LMR,P10,opening,4,6.854,g8f6,,13,4
4,0,3,v4_LMR,P10,opening,5,35.177,e7e5,,13,5
4,0,3,v4_LMR,P10,opening,6,140.342,d6d5,,13,6
4,0,3,v4_LMR,P11,opening,4,8.973,f1d3,,-55,4
4,0,3,v4_LMR,P11,opening,5,31.525,e4e5,,-55,5
4,0,3,v4_LMR,P11,opening,6,156.856,e4e5,,-55,6
4,0,3,v4_LMR,P12,opening,4,12.701,c8d7,,-14,4
4,0,3,v4_LMR,P12,opening,5,33.132,c8d7,,-14,5
4,0,3,v4_LMR,P12,opening,6,158.189,c8d7,,-14,6
4,0,3,v4_LMR,P13,opening,4,3.619,b8c6,,-1,4
4,0,3,v4_LMR,P13,opening,5,21.562,d7d5,,-1,5
4,0,3,v4_LMR,P13,opening,6,85.968,e7e6,,-1,6
4,0,3,v4_LMR,P14,opening,4,8.435,c6d4,,-37,4
4,0,3,v4_LMR,P14,opening,5,25.841,c6d4,,-37,5
4,0,3,v4_LMR,P14,opening,6,120.912,c6d4,,-37,6
4,0,3,v4_LMR,P15,middlegame,4,13.010,h4g3,,76,4
4,0,3,v4_LMR,P15,middlegame,5,45.836,h4g3,,76,5
4,0,3,v4_LMR,P15,middlegame,6,161.865,h4g3,,76,6
4,0,3,v4_LMR,P16,middlegame,4,15.351,a6a5,,-97,4
4,0,3,v4_LMR,P16,middlegame,5,45.276,a6a5,,-97,5
4,0,3,v4_LMR,P16,middlegame,6,314.368,e6e5,,-97,6
4,0,3,v4_LMR,P17,middlegame,4,23.623,c6b4,,-124,4
4,0,3,v4_LMR,P17,middlegame,5,72.502,c6b4,,-124,5
4,0,3,v4_LMR,P17,middlegame,6,308.113,e7f5,,-124,6
4,0,3,v4_LMR,P18,middlegame,4,17.209,c1e3,,117,4
4,0,3,v4_LMR,P18,middlegame,5,45.461,c1e3,,117,5
4,0,3,v4_LMR,P18,middlegame,6,140.785,c1e3,,117,6
4,0,3,v4_LMR,P19,middlegame,4,1.190,c4d5,,-197,4
4,0,3,v4_LMR,P19,middlegame,5,3.383,c4d5,,-197,5
4,0,3,v4_LMR,P19,middlegame,6,10.737,c4d5,,-197,6
4,0,3,v4_LMR,P20,middlegame,4,15.525,a8c8,,40,4
4,0,3,v4_LMR,P20,middlegame,5,68.928,h7h6,,40,5
4,0,3,v4_LMR,P20,middlegame,6,256.926,h7h6,,40,6
4,0,3,v4_LMR,P21,middlegame,4,9.305,e7d5,,-46,4
4,0,3,v4_LMR,P21,middlegame,5,31.928,e7d5,,-46,5
4,0,3,v4_LMR,P21,middlegame,6,133.618,e7d5,,-46,6
4,0,3,v4_LMR,P22,middlegame,4,14.740,f1g2,,69,4
4,0,3,v4_LMR,P22,middlegame,5,33.470,g1h1,,69,5
4,0,3,v4_LMR,P22,middlegame,6,97.816,g1h1,,69,6
4,0,3,v4_LMR,P23,middlegame,4,13.534,f8e8,,33,4
4,0,3,v4_LMR,P23,middlegame,5,50.410,e7f6,,33,5
4,0,3,v4_LMR,P23,middlegame,6,274.048,e7f6,,33,6
4,0,3,v4_LMR,P24,middlegame,4,15.363,b5c6,,156,4
4,0,3,v4_LMR,P24,middlegame,5,50.733,b5c6,,156,5
4,0,3,v4_LMR,P24,middlegame,6,243.777,f4e3,,156,6
4,0,3,v4_LMR,P25,middlegame,4,24.226,d7f6,,-100,4
4,0,3,v4_LMR,P25,middlegame,5,84.303,d7b6,,-100,5
4,0,3,v4_LMR,P25,middlegame,6,370.006,d7b6,,-100,6
4,0,3,v4_LMR,P26,middlegame,4,10.465,g8g7,,-298,4
4,0,3,v4_LMR,P26,middlegame,5,45.059,g8g7,,-298,5
4,0,3,v4_LMR,P26,middlegame,6,163.039,g8g7,,-298,6
4,0,3,v4_LMR,P27,middlegame,4,6.477,b4c6,,-98,4
4,0,3,v4_LMR,P27,middlegame,5,16.579,b4c6,,-98,5
4,0,3,v4_LMR,P27,middlegame,6,69.352,g5e6,,-98,6
4,0,3,v4_LMR,P28,middlegame,4,15.151,c3d3,,-86,4
4,0,3,v4_LMR,P28,middlegame,5,41.416,c3d3,,-86,5
4,0,3,v4_LMR,P28,middlegame,6,140.539,c3d3,,-86,6
4,0,3,v4_LMR,P29,middlegame,4,13.967,d8e8,,-52,4
4,0,3,v4_LMR,P29,middlegame,5,65.814,d8e8,,-52,5
4,0,3,v4_LMR,P29,middlegame,6,227.200,c8b8,,-52,6
4,0,3,v4_LMR,P30,middlegame,4,35.577,f5f4,,-100,4
4,0,3,v4_LMR,P30,middlegame,5,108.670,f5f4,,-100,5
4,0,3,v4_LMR,P30,middlegame,6,347.346,f5f4,,-100,6
4,0,3,v4_LMR,P31,endgame,4,3.983,c5g1,,-280,4
4,0,3,v4_LMR,P31,endgame,5,7.490,c5g1,,-280,5
4,0,3,v4_LMR,P31,endgame,6,17.851,c5g1,,-280,6
4,0,3,v4_LMR,P32,endgame,4,4.136,f2e3,,156,4
4,0,3,v4_LMR,P32,endgame,5,9.233,f2e3,,156,5
4,0,3,v4_LMR,P32,endgame,6,16.783,f2e3,,156,6
4,0,3,v4_LMR,P33,endgame,4,6.530,b4a4,,-113,4
4,0,3,v4_LMR,P33,endgame,5,16.481,b4a4,,-113,5
4,0,3,v4_LMR,P33,endgame,6,41.182,b4a4,,-113,6
4,0,3,v4_LMR,P34,endgame,4,1.547,a5a6,,341,4
4,0,3,v4_LMR,P34,endgame,5,4.113,a5a7,,341,5
4,0,3,v4_LMR,P34,endgame,6,8.800,a5a6,,341,6
4,0,3,v4_LMR,P35,endgame,4,6.559,f2g1,,36,4
4,0,3,v4_LMR,P35,endgame,5,19.997,f2g1,,36,5
4,0,3,v4_LMR,P35,endgame,6,37.110,f2g1,,36,6
4,0,3,v4_LMR,P36,endgame,4,6.550,g1f2,,-23,4
4,0,3,v4_LMR,P36,endgame,5,14.250,g1f2,,-23,5
4,0,3,v4_LMR,P36,endgame,6,35.191,g1f2,,-23,6
4,0,3,v4_LMR,P37,endgame,4,6.178,g3g7,,23,4
4,0,3,v4_LMR,P37,endgame,5,10.577,g3g7,,23,5
4,0,3,v4_LMR,P37,endgame,6,22.880,g8g7,,23,6
4,0,3,v4_LMR,P38,endgame,4,3.142,a4a5,,-15,4
4,0,3,v4_LMR,P38,endgame,5,6.351,a4b5,,-15,5
4,0,3,v4_LMR,P38,endgame,6,19.683,a4b5,,-15,6
4,0,3,v4_LMR,P39,endgame,4,3.373,d2g2,,-37,4
4,0,3,v4_LMR,P39,endgame,5,8.217,d2g2,,-37,5
4,0,3,v4_LMR,P39,endgame,6,39.062,d2a2,,-37,6
4,0,3,v4_LMR,P40,endgame,4,5.850,e3e8,,99,4
4,0,3,v4_LMR,P40,endgame,5,13.596,e3e8,,99,5
4,0,3,v4_LMR,P40,endgame,6,36.912,a4a5,,99,6
4,0,4,v4.1_LMR,P01,opening,4,10.895,b8c6,,-53,4
4,0,4,v4.1_LMR,P01,opening,5,23.109,g8f6,,-53,5
4,0,4,v4.1_LMR,P01,opening,6,74.426,b8c6,,-53,6
4,0,4,v4.1_LMR,P02,opening,4,15.851,d8b6,,20,4
4,0,4,v4.1_LMR,P02,opening,5,39.752,e8g8,,20,5
4,0,4,v4.1_LMR,P02,opening,6,162.323,d8a5,,20,6
4,0,4,v4.1_LMR,P03,opening,4,9.180,a7a5,,27,4
4,0,4,v4.1_LMR,P03,opening,5,31.848,c8e6,,27,5
4,0,4,v4.1_LMR,P03,opening,6,118.546,c8f5,,27,6
4,0,4,v4.1_LMR,P04,opening,4,9.645,d4e5,,18,4
4,0,4,v4.1_LMR,P04,opening,5,18.595,d4e5,,18,5
4,0,4,v4.1_LMR,P04,opening,6,70.111,d4e5,,18,6
4,0,4,v4.1_LMR,P05,opening,4,13.680,e1g1,,-11,4
4,0,4,v4.1_LMR,P05,opening,5,34.563,e1g1,,-11,5
4,0,4,v4.1_LMR,P05,opening,6,128.620,e1g1,,-11,6
4,0,4,v4.1_LMR,P06,opening,4,10.689,f1c4,,-19,4
4,0,4,v4.1_LMR,P06,opening,5,22.288,f1b5,,-19,5
4,0,4,v4.1_LMR,P06,opening,6,98.379,f1c4,,-19,6
4,0,4,v4.1_LMR,P07,opening,4,9.723,d6b6,,-26,4
4,0,4,v4.1_LMR,P07,opening,5,23.359,g8f6,,-26,5
4,0,4,v4.1_LMR,P07,opening,6,76.717,g8f6,,-26,6
4,0,4,v4.1_LMR,P08,opening,4,5.638,g8f6,,19,4
4,0,4,v4.1_LMR,P08,opening,5,14.086,g8f6,,19,5
4,0,4,v4.1_LMR,P08,opening,6,58.248,c8f5,,19,6
4,0,4,v4.1_LMR,P09,opening,4,13.244,e3e4,,158,4
4,0,4,v4.1_LMR,P09,opening,5,24.364,d3c2,,158,5
4,0,4,v4.1_LMR,P09,opening,6,92.846,c1d2,,158,6
4,0,4,v4.1_LMR,P10,opening,4,5.190,e7e5,,13,4
4,0,4,v4.1_LMR,P10,opening,5,16.786,e7e5,,13,5
4,0,4,v4.1_LMR,P10,opening,6,47.993,e7e5,,13,6
4,0,4,v4.1_LMR,P11,opening,4,6.288,b1c3,,-55,4
4,0,4,v4.1_LMR,P11,opening,5,11.200,e4d5,,-55,5
4,0,4,v4.1_LMR,P11,opening,6,54.914,e4e5,,-55,6
4,0,4,v4.1_LMR,P12,opening,4,10.181,c8d7,,-14,4
4,0,4,v4.1_LMR,P12,opening,5,27.750,c8d7,,-14,5
4,0,4,v4.1_LMR,P12,opening,6,79.968,c8d7,,-14,6
4,0,4,v4.1_LMR,P13,opening,4,3.231,b8c6,,-1,4
4,0,4,v4.1_LMR,P13,opening,5,6.906,d7d5,,-1,5
4,0,4,v4.1_LMR,P13,opening,6,50.014,e7e6,,-1,6
4,0,4,v4.1_LMR,P14,opening,4,7.561,c6d4,,-37,4
4,0,4,v4.1_LMR,P14,opening,5,14.745,c6d4,,-37,5
4,0,4,v4.1_LMR,P14,opening,6,61.166,c6d4,,-37,6
4,0,4,v4.1_LMR,P15,middlegame,4,10.650,h4g3,,76,4
4,0,4,v4.1_LMR,P15,middlegame,5,22.587,h4g3,,76,5
4,0,4,v4.1_LMR,P15,middlegame,6,93.971,h4g3,,76,6
4,0,4,v4.1_LMR,P16,middlegame,4,11.481,a6a5,,-97,4
4,0,4,v4.1_LMR,P16,middlegame,5,30.103,a6a5,,-97,5
4,0,4,v4.1_LMR,P16,middlegame,6,115.738,c8b7,,-97,6
4,0,4,v4.1_LMR,P17,middlegame,4,16.147,c6b4,,-124,4
4,0,4,v4.1_LMR,P17,middlegame,5,39.414,c6b4,,-124,5
4,0,4,v4.1_LMR,P17,middlegame,6,152.550,e7g6,,-124,6
4,0,4,v4.1_LMR,P18,middlegame,4,12.763,c1e3,,117,4
4,0,4,v4.1_LMR,P18,middlegame,5,34.348,c1e3,,117,5
4,0,4,v4.1_LMR,P18,middlegame,6,145.242,c1a3,,117,6
4,0,4,v4.1_LMR,P19,middlegame,4,0.902,c4d5,,-197,4
4,0,4,v4.1_LMR,P19,middlegame,5,3.124,c4d5,,-197,5
4,0,4,v4.1_LMR,P19,middlegame,6,5.296,c4d5,,-197,6
4,0,4,v4.1_LMR,P20,middlegame,4,10.791,a8c8,,40,4
4,0,4,v4.1_LMR,P20,middlegame,5,41.273,h7h6,,40,5
4,0,4,v4.1_LMR,P20,middlegame,6,177.823,d8d7,,40,6
4,0,4,v4.1_LMR,P21,middlegame,4,8.294,e7d5,,-46,4
4,0,4,v4.1_LMR,P21,middlegame,5,20.728,e7d5,,-46,5
4,0,4,v4.1_LMR,P21,middlegame,6,80.610,e7d5,,-46,6
4,0,4,v4.1_LMR,P22,middlegame,4,8.580,e2e3,,69,4
4,0,4,v4.1_LMR,P22,middlegame,5,18.946,g1h1,,69,5
4,0,4,v4.1_LMR,P22,middlegame,6,63.173,g1h1,,69,6
4,0,4,v4.1_LMR,P23,middlegame,4,11.002,f8e8,,33,4
4,0,4,v4.1_LMR,P23,middlegame,5,26.374,f8e8,,33,5
4,0,4,v4.1_LMR,P23,middlegame,6,97.451,e7f6,,33,6
4,0,4,v4.1_LMR,P24,middlegame,4,15.037,b5c6,,156,4
4,0,4,v4.1_LMR,P24,middlegame,5,31.059,b5c6,,156,5
4,0,4,v4.1_LMR,P24,middlegame,6,140.455,b5c6,,156,6
4,0,4,v4.1_LMR,P25,middlegame,4,14.784,d7f6,,-100,4
4,0,4,v4.1_LMR,P25,middlegame,5,51.525,d7f6,,-100,5
4,0,4,v4.1_LMR,P25,middlegame,6,174.834,d7b6,,-100,6
4,0,4,v4.1_LMR,P26,middlegame,4,6.292,g8g7,,-298,4
4,0,4,v4.1_LMR,P26,middlegame,5,20.271,g8g7,,-298,5
4,0,4,v4.1_LMR,P26,middlegame,6,82.740,g8g7,,-298,6
4,0,4,v4.1_LMR,P27,middlegame,4,6.001,b4c6,,-98,4
4,0,4,v4.1_LMR,P27,middlegame,5,13.384,b4c6,,-98,5
4,0,4,v4.1_LMR,P27,middlegame,6,47.687,b4c6,,-98,6
4,0,4,v4.1_LMR,P28,middlegame,4,13.975,c3d3,,-86,4
4,0,4,v4.1_LMR,P28,middlegame,5,34.328,c3d3,,-86,5
4,0,4,v4.1_LMR,P28,middlegame,6,116.316,c3d3,,-86,6
4,0,4,v4.1_LMR,P29,middlegame,4,9.266,d8e8,,-52,4
4,0,4,v4.1_LMR,P29,middlegame,5,35.820,c8b8,,-52,5
4,0,4,v4.1_LMR,P29,middlegame,6,108.248,d8e8,,-52,6
4,0,4,v4.1_LMR,P30,middlegame,4,16.012,f5f4,,-100,4
4,0,4,v4.1_LMR,P30,middlegame,5,58.817,f5f4,,-100,5
4,0,4,v4.1_LMR,P30,middlegame,6,176.113,f5f4,,-100,6
4,0,4,v4.1_LMR,P31,endgame,4,3.877,c5g1,,-280,4
4,0,4,v4.1_LMR,P31,endgame,5,5.338,c5g1,,-280,5
4,0,4,v4.1_LMR,P31,endgame,6,21.892,c5g1,,-280,6
4,0,4,v4.1_LMR,P32,endgame,4,3.919,a1a6,,156,4
4,0,4,v4.1_LMR,P32,endgame,5,6.011,f2e3,,156,5
4,0,4,v4.1_LMR,P32,endgame,6,11.798,f2e3,,156,6
4,0,4,v4.1_LMR,P33,endgame,4,5.816,b4a4,,-113,4
4,0,4,v4.1_LMR,P33,endgame,5,12.918,b4a4,,-113,5
4,0,4,v4.1_LMR,P33,endgame,6,27.068,b4a4,,-113,6
4,0,4,v4.1_LMR,P34,endgame,4,1.307,a5a6,,341,4
4,0,4,v4.1_LMR,P34,endgame,5,2.214,a5a6,,341,5
4,0,4,v4.1_LMR,P34,endgame,6,5.658,a5a7,,341,6
4,0,4,v4.1_LMR,P35,endgame,4,4.935,f2g1,,36,4
4,0,4,v4.1_LMR,P35,endgame,5,14.566,f2g1,,36,5
4,0,4,v4.1_LMR,P35,endgame,6,27.048,f2g1,,36,6
4,0,4,v4.1_LMR,P36,endgame,4,5.686,g1f2,,-23,4
4,0,4,v4.1_LMR,P36,endgame,5,8.938,g1f2,,-23,5
4,0,4,v4.1_LMR,P36,endgame,6,30.710,g1f2,,-23,6
4,0,4,v4.1_LMR,P37,endgame,4,6.099,g3g7,,23,4
4,0,4,v4.1_LMR,P37,endgame,5,9.862,g3g7,,23,5
4,0,4,v4.1_LMR,P37,endgame,6,21.278,g8g7,,23,6
4,0,4,v4.1_LMR,P38,endgame,4,3.206,a4a5,,-15,4
4,0,4,v4.1_LMR,P38,endgame,5,4.951,a4b5,,-15,5
4,0,4,v4.1_LMR,P38,endgame,6,15.773,a4b5,,-15,6
4,0,4,v4.1_LMR,P39,endgame,4,3.409,d2g2,,-37,4
4,0,4,v4.1_LMR,P39,endgame,5,6.761,d2g2,,-37,5
4,0,4,v4.1_LMR,P39,endgame,6,24.575,d2a2,,-37,6
4,0,4,v4.1_LMR,P40,endgame,4,5.807,e3e8,,99,4
4,0,4,v4.1_LMR,P40,endgame,5,16.619,e3e8,,99,5
4,0,4,v4.1_LMR,P40,endgame,6,39.561,a4a5,,99,6
4,0,5,v4.2_null,P01,opening,4,7.042,b8c6,,-53,4
4,0,5,v4.2_null,P01,opening,5,16.152,g8f6,,-53,5
4,0,5,v4.2_null,P01,opening,6,45.887,b8c6,,-53,6
4,0,5,v4.2_null,P02,opening,4,8.198,d8b6,,20,4
4,0,5,v4.2_null,P02,opening,5,30.719,e8g8,,20,5
4,0,5,v4.2_null,P02,opening,6,99.187,d8a5,,20,6
4,0,5,v4.2_null,P03,opening,4,6.903,a7a5,,27,4
4,0,5,v4.2_null,P03,opening,5,26.351,c8e6,,27,5
4,0,5,v4.2_null,P03,opening,6,81.517,e7e6,,27,6
4,0,5,v4.2_null,P04,opening,4,4.037,d4e5,,18,4
4,0,5,v4.2_null,P04,opening,5,10.648,d4e5,,18,5
4,0,5,v4.2_null,P04,opening,6,25.225,d4e5,,18,6
4,0,5,v4.2_null,P05,opening,4,7.202,e1g1,,-11,4
4,0,5,v4.2_null,P05,opening,5,23.639,e1g1,,-11,5
4,0,5,v4.2_null,P05,opening,6,54.674,e1g1,,-11,6
4,0,5,v4.2_null,P06,opening,4,8.051,f1c4,,-19,4
4,0,5,v4.2_null,P06,opening,5,24.724,f1c4,,-19,5
4,0,5,v4.2_null,P06,opening,6,60.392,f1c4,,-19,6
4,0,5,v4.2_null,P07,opening,4,6.259,d6b6,,-26,4
4,0,5,v4.2_null,P07,opening,5,12.653,g8f6,,-26,5
4,0,5,v4.2_null,P07,opening,6,30.934,g8f6,,-26,6
4,0,5,v4.2_null,P08,opening,4,3.775,g8f6,,19,4
4,0,5,v4.2_null,P08,opening,5,10.812,g8f6,,19,5
4,0,5,v4.2_null,P08,opening,6,36.776,c8f5,,19,6
4,0,5,v4.2_null,P09,opening,4,11.005,e3e4,,158,4
4,0,5,v4.2_null,P09,opening,5,20.226,d3c2,,158,5
4,0,5,v4.2_null,P09,opening,6,64.935,c1d2,,158,6
4,0,5,v4.2_null,P10,opening,4,3.981,e7e5,,13,4
4,0,5,v4.2_null,P10,opening,5,14.996,e7e5,,13,5
4,0,5,v4.2_null,P10,opening,6,33.169,e7e5,,13,6
4,0,5,v4.2_null,P11,opening,4,5.180,b1c3,,-55,4
4,0,5,v4.2_null,P11,opening,5,10.097,e4d5,,-55,5
4,0,5,v4.2_null,P11,opening,6,39.021,e4e5,,-55,6
4,0,5,v4.2_null,P12,opening,4,9.799,c8d7,,-14,4
4,0,5,v4.2_null,P12,opening,5,24.046,c8d7,,-14,5
4,0,5,v4.2_null,P12,opening,6,59.612,c8d7,,-14,6
4,0,5,v4.2_null,P13,opening,4,2.635,b8c6,,-1,4
4,0,5,v4.2_null,P13,opening,5,4.861,b8c6,,-1,5
4,0,5,v4.2_null,P13,opening,6,35.636,e7e6,,-1,6
4,0,5,v4.2_null,P14,opening,4,4.358,c6d4,,-37,4
4,0,5,v4.2_null,P14,opening,5,12.309,c6d4,,-37,5
4,0,5,v4.2_null,P14,opening,6,45.653,c5d4,,-37,6
4,0,5,v4.2_null,P15,middlegame,4,7.857,h4g3,,76,4
4,0,5,v4.2_null,P15,middlegame,5,19.819,h4g3,,76,5
4,0,5,v4.2_null,P15,middlegame,6,52.171,h4g3,,76,6
4,0,5,v4.2_null,P16,middlegame,4,4.341,a6a5,,-97,4
4,0,5,v4.2_null,P16,middlegame,5,16.321,a6a5,,-97,5
4,0,5,v4.2_null,P16,middlegame,6,52.013,c8b7,,-97,6
4,0,5,v4.2_null,P17,middlegame,4,9.899,c6b4,,-124,4
4,0,5,v4.2_null,P17,middlegame,5,23.206,c6b4,,-124,5
4,0,5,v4.2_null,P17,middlegame,6,77.688,c6b4,,-124,6
4,0,5,v4.2_null,P18,middlegame,4,7.416,c1e3,,117,4
4,0,5,v4.2_null,P18,middlegame,5,20.845,c1e3,,117,5
4,0,5,v4.2_null,P18,middlegame,6,79.824,c1a3,,117,6
4,0,5,v4.2_null,P19,middlegame,4,0.576,c4d5,,-197,4
4,0,5,v4.2_null,P19,middlegame,5,1.987,c4d5,,-197,5
4,0,5,v4.2_null,P19,middlegame,6,2.815,c4d5,,-197,6
4,0,5,v4.2_null,P20,middlegame,4,8.836,a8c8,,40,4
4,0,5,v4.2_null,P20,middlegame,5,33.866,h7h6,,40,5
4,0,5,v4.2_null,P20,middlegame,6,109.383,h7h6,,40,6
4,0,5,v4.2_null,P21,middlegame,4,4.399,e7d5,,-46,4
4,0,5,v4.2_null,P21,middlegame,5,14.273,e7d5,,-46,5
4,0,5,v4.2_null,P21,middlegame,6,43.341,e7d5,,-46,6
4,0,5,v4.2_null,P22,middlegame,4,7.405,e2e3,,69,4
4,0,5,v4.2_null,P22,middlegame,5,17.629,g1h1,,69,5
4,0,5,v4.2_null,P22,middlegame,6,45.583,g1h1,,69,6
4,0,5,v4.2_null,P23,middlegame,4,7.287,f8e8,,33,4
4,0,5,v4.2_null,P23,middlegame,5,20.170,c8e6,,33,5
4,0,5,v4.2_null,P23,middlegame,6,71.852,e7f6,,33,6
4,0,5,v4.2_null,P24,middlegame,4,10.360,b5c6,,156,4
4,0,5,v4.2_null,P24,middlegame,5,24.100,b5c6,,156,5
4,0,5,v4.2_null,P24,middlegame,6,88.210,b5c6,,156,6
4,0,5,v4.2_null,P25,middlegame,4,8.208,d7f6,,-100,4
4,0,5,v4.2_null,P25,middlegame,5,24.184,d7b6,,-100,5
4,0,5,v4.2_null,P25,middlegame,6,54.690,d7f6,,-100,6
4,0,5,v4.2_null,P26,middlegame,4,4.891,g8g7,,-298,4
4,0,5,v4.2_null,P26,middlegame,5,16.145,g8g7,,-298,5
4,0,5,v4.2_null,P26,middlegame,6,41.913,g8g7,,-298,6
4,0,5,v4.2_null,P27,middlegame,4,4.301,b4c6,,-98,4
4,0,5,v4.2_null,P27,middlegame,5,10.379,b4c6,,-98,5
4,0,5,v4.2_null,P27,middlegame,6,30.525,b4c6,,-98,6
4,0,5,v4.2_null,P28,middlegame,4,11.133,c3d3,,-86,4
4,0,5,v4.2_null,P28,middlegame,5,31.487,c3d3,,-86,5
4,0,5,v4.2_null,P28,middlegame,6,84.005,c3d3,,-86,6
4,0,5,v4.2_null,P29,middlegame,4,7.364,d8e8,,-52,4
4,0,5,v4.2_null,P29,middlegame,5,30.540,c8b8,,-52,5
4,0,5,v4.2_null,P29,middlegame,6,64.155,c8b8,,-52,6
4,0,5,v4.2_null,P30,middlegame,4,10.538,f5f4,,-100,4
4,0,5,v4.2_null,P30,middlegame,5,41.265,f5f4,,-100,5
4,0,5,v4.2_null,P30,middlegame,6,98.696,f5f4,,-100,6
4,0,5,v4.2_null,P31,endgame,4,2.196,c5g1,,-280,4
4,0,5,v4.2_null,P31,endgame,5,2.584,c5g1,,-280,5
4,0,5,v4.2_null,P31,endgame,6,5.089,c5g1,,-280,6
4,0,5,v4.2_null,P32,endgame,4,2.544,a1a6,,156,4
4,0,5,v4.2_null,P32,endgame,5,4.578,f2e3,,156,5
4,0,5,v4.2_null,P32,endgame,6,9.954,f2e3,,156,6
4,0,5,v4.2_null,P33,endgame,4,4.930,b4a4,,-113,4
4,0,5,v4.2_null,P33,endgame,5,11.669,b4a4,,-113,5
4,0,5,v4.2_null,P33,endgame,6,34.564,b4a4,,-113,6
4,0,5,v4.2_null,P34,endgame,4,1.087,a5a6,,341,4
4,0,5,v4.2_null,P34,endgame,5,2.487,a5a7,,341,5
4,0,5,v4.2_null,P34,endgame,6,4.395,a5a7,,341,6
4,0,5,v4.2_null,P35,endgame,4,4.475,f2g1,,36,4
4,0,5,v4.2_null,P35,endgame,5,14.829,f2g1,,36,5
4,0,5,v4.2_null,P35,endgame,6,24.745,f2g1,,36,6
4,0,5,v4.2_null,P36,endgame,4,3.794,g1f2,,-23,4
4,0,5,v4.2_null,P36,endgame,5,6.537,g1f2,,-23,5
4,0,5,v4.2_null,P36,endgame,6,14.634,g1f2,,-23,6
4,0,5,v4.2_null,P37,endgame,4,3.841,g3g7,,23,4
4,0,5,v4.2_null,P37,endgame,5,6.225,g3g7,,23,5
4,0,5,v4.2_null,P37,endgame,6,10.680,g8g7,,23,6
4,0,5,v4.2_null,P38,endgame,4,2.648,a4a5,,-15,4
4,0,5,v4.2_null,P38,endgame,5,3.355,a4b5,,-15,5
4,0,5,v4.2_null,P38,endgame,6,7.662,a4b5,,-15,6
4,0,5,v4.2_null,P39,endgame,4,2.186,d2g2,,-37,4
4,0,5,v4.2_null,P39,endgame,5,4.415,d2g2,,-37,5
4,0,5,v4.2_null,P39,endgame,6,24.202,d2a2,,-37,6
4,0,5,v4.2_null,P40,endgame,4,5.008,e3e8,,99,4
4,0,5,v4.2_null,P40,endgame,5,11.121,e3e8,,99,5
4,0,5,v4.2_null,P40,endgame,6,28.300,a4a5,,99,6
4,0,6,v4.3-counter,P01,opening,4,6.600,b8c6,,-53,4
4,0,6,v4.3-counter,P01,opening,5,13.794,g8f6,,-53,5
4,0,6,v4.3-counter,P01,opening,6,39.888,b8c6,,-53,6
4,0,6,v4.3-counter,P02,opening,4,5.957,b8c6,,20,4
4,0,6,v4.3-counter,P02,opening,5,25.877,e8g8,,20,5
4,0,6,v4.3-counter,P02,opening,6,95.235,d8a5,,20,6
4,0,6,v4.3-counter,P03,opening,4,9.514,b8a6,,27,4
4,0,6,v4.3-counter,P03,opening,5,35.288,c8e6,,27,5
4,0,6,v4.3-counter,P03,opening,6,93.369,e7e6,,27,6
4,0,6,v4.3-counter,P04,opening,4,4.380,d4e5,,18,4
4,0,6,v4.3-counter,P04,opening,5,10.559,d4e5,,18,5
4,0,6,v4.3-counter,P04,opening,6,24.168,d4e5,,18,6
4,0,6,v4.3-counter,P05,opening,4,7.724,e1g1,,-11,4
4,0,6,v4.3-counter,P05,opening,5,23.544,e1g1,,-11,5
4,0,6,v4.3-counter,P05,opening,6,52.583,e1g1,,-11,6
4,0,6,v4.3-counter,P06,opening,4,7.196,f1c4,,-19,4
4,0,6,v4.3-counter,P06,opening,5,14.939,f1b5,,-19,5
4,0,6,v4.3-counter,P06,opening,6,54.168,f1c4,,-19,6
4,0,6,v4.3-counter,P07,opening,4,5.927,d6b6,,-26,4
4,0,6,v4.3-counter,P07,opening,5,11.939,g8f6,,-26,5
4,0,6,v4.3-counter,P07,opening,6,28.425,g8f6,,-26,6
4,0,6,v4.3-counter,P08,opening,4,3.706,g8f6,,19,4
4,0,6,v4.3-counter,P08,opening,5,11.109,g8f6,,19,5
4,0,6,v4.3-counter,P08,opening,6,32.289,b8c6,,19,6
4,0,6,v4.3-counter,P09,opening,4,11.522,e3e4,,158,4
4,0,6,v4.3-counter,P09,opening,5,22.771,d3c2,,158,5
4,0,6,v4.3-counter,P09,opening,6,72.995,d3c2,,158,6
4,0,6,v4.3-counter,P10,opening,4,4.539,e7e5,,13,4
4,0,6,v4.3-counter,P10,opening,5,14.886,e7e5,,13,5
4,0,6,v4.3-counter,P10,opening,6,26.046,e7e5,,13,6
4,0,6,v4.3-counter,P11,opening,4,4.558,b1c3,,-55,4
4,0,6,v4.3-counter,P11,opening,5,11.172,f1d3,,-55,5
4,0,6,v4.3-counter,P11,opening,6,32.216,e4e5,,-55,6
4,0,6,v4.3-counter,P12,opening,4,10.144,c8d7,,-14,4
4,0,6,v4.3-counter,P12,opening,5,20.712,c8d7,,-14,5
4,0,6,v4.3-counter,P12,opening,6,45.639,c8d7,,-14,6
4,0,6,v4.3-counter,P13,opening,4,2.329,b8c6,,-1,4
4,0,6,v4.3-counter,P13,opening,5,4.109,b8c6,,-1,5
4,0,6,v4.3-counter,P13,opening,6,28.005,e7e6,,-1,6
4,0,6,v4.3-counter,P14,opening,4,4.301,c6d4,,-37,4
4,0,6,v4.3-counter,P14,opening,5,11.577,c6d4,,-37,5
4,0,6,v4.3-counter,P14,opening,6,43.856,c5d4,,-37,6
4,0,6,v4.3-counter,P15,middlegame,4,7.887,h4g3,,76,4
4,0,6,v4.3-counter,P15,middlegame,5,18.287,h4g3,,76,5
4,0,6,v4.3-counter,P15,middlegame,6,66.371,h4g3,,76,6
4,0,6,v4.3-counter,P16,middlegame,4,7.698,a6a5,,-97,4
4,0,6,v4.3-counter,P16,middlegame,5,22.699,a6a5,,-97,5
4,0,6,v4.3-counter,P16,middlegame,6,51.657,c8b7,,-97,6
4,0,6,v4.3-counter,P17,middlegame,4,7.553,c6b4,,-124,4
4,0,6,v4.3-counter,P17,middlegame,5,20.271,c6b4,,-124,5
4,0,6,v4.3-counter,P17,middlegame,6,68.903,c6b4,,-124,6
4,0,6,v4.3-counter,P18,middlegame,4,7.151,c1e3,,117,4
4,0,6,v4.3-counter,P18,middlegame,5,21.672,c1e3,,117,5
4,0,6,v4.3-counter,P18,middlegame,6,47.845,c1e3,,117,6
4,0,6,v4.3-counter,P19,middlegame,4,0.572,c4d5,,-197,4
4,0,6,v4.3-counter,P19,middlegame,5,1.836,c4d5,,-197,5
4,0,6,v4.3-counter,P19,middlegame,6,3.662,c4d5,,-197,6
4,0,6,v4.3-counter,P20,middlegame,4,7.022,h7h6,,40,4
4,0,6,v4.3-counter,P20,middlegame,5,27.503,h7h6,,40,5
4,0,6,v4.3-counter,P20,middlegame,6,93.655,d8d7,,40,6
4,0,6,v4.3-counter,P21,middlegame,4,4.341,e7d5,,-46,4
4,0,6,v4.3-counter,P21,middlegame,5,10.729,e7d5,,-46,5
4,0,6,v4.3-counter,P21,middlegame,6,42.537,e7d5,,-46,6
4,0,6,v4.3-counter,P22,middlegame,4,7.590,e2e3,,69,4
4,0,6,v4.3-counter,P22,middlegame,5,19.021,g1h1,,69,5
4,0,6,v4.3-counter,P22,middlegame,6,49.465,g1h1,,69,6
4,0,6,v4.3-counter,P23,middlegame,4,7.838,f8e8,,33,4
4,0,6,v4.3-counter,P23,middlegame,5,17.619,e7f6,,33,5
4,0,6,v4.3-counter,P23,middlegame,6,49.188,e7d6,,33,6
4,0,6,v4.3-counter,P24,middlegame,4,8.901,b5c6,,156,4
4,0,6,v4.3-counter,P24,middlegame,5,17.747,b5c6,,156,5
4,0,6,v4.3-counter,P24,middlegame,6,46.328,b5c6,,156,6
4,0,6,v4.3-counter,P25,middlegame,4,7.628,d7f6,,-100,4
4,0,6,v4.3-counter,P25,middlegame,5,20.990,d7b6,,-100,5
4,0,6,v4.3-counter,P25,middlegame,6,42.768,d7f6,,-100,6
4,0,6,v4.3-counter,P26,middlegame,4,4.941,g8g7,,-298,4
4,0,6,v4.3-counter,P26,middlegame,5,15.691,g8g7,,-298,5
4,0,6,v4.3-counter,P26,middlegame,6,49.512,g8g7,,-298,6
4,0,6,v4.3-counter,P27,middlegame,4,3.902,b4c6,,-98,4
4,0,6,v4.3-counter,P27,middlegame,5,10.020,b4c6,,-98,5
4,0,6,v4.3-counter,P27,middlegame,6,32.061,b4c6,,-98,6
4,0,6,v4.3-counter,P28,middlegame,4,12.512,c3d3,,-86,4
4,0,6,v4.3-counter,P28,middlegame,5,22.274,c3d3,,-86,5
4,0,6,v4.3-counter,P28,middlegame,6,55.509,c3d3,,-86,6
4,0,6,v4.3-counter,P29,middlegame,4,7.255,d8e8,,-52,4
4,0,6,v4.3-counter,P29,middlegame,5,26.520,c8b8,,-52,5
4,0,6,v4.3-counter,P29,middlegame,6,59.719,c8b8,,-52,6
4,0,6,v4.3-counter,P30,middlegame,4,10.424,f5f4,,-100,4
4,0,6,v4.3-counter,P30,middlegame,5,35.333,f5f4,,-100,5
4,0,6,v4.3-counter,P30,middlegame,6,87.758,f5f4,,-100,6
4,0,6,v4.3-counter,P31,endgame,4,3.387,c5g1,,-280,4
4,0,6,v4.3-counter,P31,endgame,5,4.291,c5g1,,-280,5
4,0,6,v4.3-counter,P31,endgame,6,11.509,c5g1,,-280,6
4,0,6,v4.3-counter,P32,endgame,4,2.501,f2e3,,156,4
4,0,6,v4.3-counter,P32,endgame,5,5.760,f2f3,,156,5
4,0,6,v4.3-counter,P32,endgame,6,12.616,f2e3,,156,6
4,0,6,v4.3-counter,P33,endgame,4,3.945,b4a4,,-113,4
4,0,6,v4.3-counter,P33,endgame,5,10.083,b4a4,,-113,5
4,0,6,v4.3-counter,P33,endgame,6,31.876,b4a4,,-113,6
4,0,6,v4.3-counter,P34,endgame,4,1.007,a5a6,,341,4
4,0,6,v4.3-counter,P34,endgame,5,2.404,a5a7,,341,5
4,0,6,v4.3-counter,P34,endgame,6,4.607,a5a7,,341,6
4,0,6,v4.3-counter,P35,endgame,4,4.442,f2g1,,36,4
4,0,6,v4.3-counter,P35,endgame,5,15.282,f2g1,,36,5
4,0,6,v4.3-counter,P35,endgame,6,24.554,f2g1,,36,6
4,0,6,v4.3-counter,P36,endgame,4,3.451,g1f1,,-23,4
4,0,6,v4.3-counter,P36,endgame,5,5.738,g1f2,,-23,5
4,0,6,v4.3-counter,P36,endgame,6,17.572,g1f2,,-23,6
4,0,6,v4.3-counter,P37,endgame,4,3.468,g3g7,,23,4
4,0,6,v4.3-counter,P37,endgame,5,5.513,g3g7,,23,5
4,0,6,v4.3-counter,P37,endgame,6,9.934,g8g7,,23,6
4,0,6,v4.3-counter,P38,endgame,4,0.994,a4b5,,-15,4
4,0,6,v4.3-counter,P38,endgame,5,1.667,a4b5,,-15,5
4,0,6,v4.3-counter,P38,endgame,6,4.680,a4b5,,-15,6
4,0,6,v4.3-counter,P39,endgame,4,2.068,d2g2,,-37,4
4,0,6,v4.3-counter,P39,endgame,5,4.377,d2g2,,-37,5
4,0,6,v4.3-counter,P39,endgame,6,22.907,d2a2,,-37,6
4,0,6,v4.3-counter,P40,endgame,4,4.974,e3e8,,99,4
4,0,6,v4.3-counter,P40,endgame,5,9.794,e3e8,,99,5
4,0,6,v4.3-counter,P40,endgame,6,27.537,a4a5,,99,6
4,0,7,v5-engine,P01,opening,4,10.300,a7a6,,-53,4
4,0,7,v5-engine,P01,opening,5,21.867,g8f6,,-53,5
4,0,7,v5-engine,P01,opening,6,41.148,b8c6,,-53,6
4,0,7,v5-engine,P02,opening,4,6.053,b8c6,,20,4
4,0,7,v5-engine,P02,opening,5,23.603,e8g8,,20,5
4,0,7,v5-engine,P02,opening,6,82.535,d8a5,,20,6
4,0,7,v5-engine,P03,opening,4,8.673,a7a5,,27,4
4,0,7,v5-engine,P03,opening,5,21.940,c8e6,,27,5
4,0,7,v5-engine,P03,opening,6,67.270,e7e6,,27,6
4,0,7,v5-engine,P04,opening,4,6.116,e1g1,,18,4
4,0,7,v5-engine,P04,opening,5,21.283,d4e5,,18,5
4,0,7,v5-engine,P04,opening,6,40.146,d4e5,,18,6
4,0,7,v5-engine,P05,opening,4,5.244,e1g1,,-11,4
4,0,7,v5-engine,P05,opening,5,14.320,e1g1,,-11,5
4,0,7,v5-engine,P05,opening,6,40.865,e1g1,,-11,6
4,0,7,v5-engine,P06,opening,4,7.126,f1c4,,-19,4
4,0,7,v5-engine,P06,opening,5,11.532,f1c4,,-19,5
4,0,7,v5-engine,P06,opening,6,39.305,f1c4,,-19,6
4,0,7,v5-engine,P07,opening,4,5.780,d6b6,,-26,4
4,0,7,v5-engine,P07,opening,5,16.378,g8f6,,-26,5
4,0,7,v5-engine,P07,opening,6,24.962,g8f6,,-26,6
4,0,7,v5-engine,P08,opening,4,4.535,g8f6,,19,4
4,0,7,v5-engine,P08,opening,5,11.645,g8f6,,19,5
4,0,7,v5-engine,P08,opening,6,36.623,g8f6,,19,6
4,0,7,v5-engine,P09,opening,4,10.012,e3e4,,158,4
4,0,7,v5-engine,P09,opening,5,16.554,d3c2,,158,5
4,0,7,v5-engine,P09,opening,6,60.978,a2a3,,158,6
4,0,7,v5-engine,P10,opening,4,6.290,e7e5,,13,4
4,0,7,v5-engine,P10,opening,5,13.831,e7e5,,13,5
4,0,7,v5-engine,P10,opening,6,25.097,e7e5,,13,6
4,0,7,v5-engine,P11,opening,4,5.350,f1d3,,-55,4
4,0,7,v5-engine,P11,opening,5,11.707,e4d5,,-55,5
4,0,7,v5-engine,P11,opening,6,39.783,e4e5,,-55,6
4,0,7,v5-engine,P12,opening,4,7.372,c8d7,,-14,4
4,0,7,v5-engine,P12,opening,5,13.480,c8d7,,-14,5
4,0,7,v5-engine,P12,opening,6,28.167,c8d7,,-14,6
4,0,7,v5-engine,P13,opening,4,3.270,b8c6,,-1,4
4,0,7,v5-engine,P13,opening,5,4.746,b8c6,,-1,5
4,0,7,v5-engine,P13,opening,6,22.962,e7e6,,-1,6
4,0,7,v5-engine,P14,opening,4,4.064,c6d4,,-37,4
4,0,7,v5-engine,P14,opening,5,9.854,c6d4,,-37,5
4,0,7,v5-engine,P14,opening,6,30.607,c6d4,,-37,6
4,0,7,v5-engine,P15,middlegame,4,8.372,h4g3,,76,4
4,0,7,v5-engine,P15,middlegame,5,17.412,h4g3,,76,5
4,0,7,v5-engine,P15,middlegame,6,36.638,h4g3,,76,6
4,0,7,v5-engine,P16,middlegame,4,4.149,a6a5,,-97,4
4,0,7,v5-engine,P16,middlegame,5,14.199,a6a5,,-97,5
4,0,7,v5-engine,P16,middlegame,6,62.184,c8b7,,-97,6
4,0,7,v5-engine,P17,middlegame,4,6.534,c6b4,,-124,4
4,0,7,v5-engine,P17,middlegame,5,14.121,c6b4,,-124,5
4,0,7,v5-engine,P17,middlegame,6,28.327,c6b4,,-124,6
4,0,7,v5-engine,P18,middlegame,4,6.752,c1a3,,117,4
4,0,7,v5-engine,P18,middlegame,5,24.800,c1e3,,117,5
4,0,7,v5-engine,P18,middlegame,6,52.470,c1e3,,117,6
4,0,7,v5-engine,P19,middlegame,4,2.267,c4d5,,-197,4
4,0,7,v5-engine,P19,middlegame,5,3.345,c4d5,,-197,5
4,0,7,v5-engine,P19,middlegame,6,4.788,c4d5,,-197,6
4,0,7,v5-engine,P20,middlegame,4,4.707,h7h6,,40,4
4,0,7,v5-engine,P20,middlegame,5,18.439,h7h6,,40,5
4,0,7,v5-engine,P20,middlegame,6,61.328,d8d7,,40,6
4,0,7,v5-engine,P21,middlegame,4,6.831,e7d5,,-46,4
4,0,7,v5-engine,P21,middlegame,5,11.757,e7d5,,-46,5
4,0,7,v5-engine,P21,middlegame,6,43.081,e7d5,,-46,6
4,0,7,v5-engine,P22,middlegame,4,11.225,e2e3,,69,4
4,0,7,v5-engine,P22,middlegame,5,25.617,g1h1,,69,5
4,0,7,v5-engine,P22,middlegame,6,46.670,g1h1,,69,6
4,0,7,v5-engine,P23,middlegame,4,6.225,e7d6,,33,4
4,0,7,v5-engine,P23,middlegame,5,17.148,f8e8,,33,5
4,0,7,v5-engine,P23,middlegame,6,43.274,f8e8,,33,6
4,0,7,v5-engine,P24,middlegame,4,11.047,b5c6,,156,4
4,0,7,v5-engine,P24,middlegame,5,19.806,b5c6,,156,5
4,0,7,v5-engine,P24,middlegame,6,47.694,b5c6,,156,6
4,0,7,v5-engine,P25,middlegame,4,6.431,d7f6,,-100,4
4,0,7,v5-engine,P25,middlegame,5,17.566,d7f6,,-100,5
4,0,7,v5-engine,P25,middlegame,6,39.063,d7f6,,-100,6
4,0,7,v5-engine,P26,middlegame,4,5.205,g8g7,,-298,4
4,0,7,v5-engine,P26,middlegame,5,11.064,g8g7,,-298,5
4,0,7,v5-engine,P26,middlegame,6,22.203,g8g7,,-298,6
4,0,7,v5-engine,P27,middlegame,4,5.097,b4c6,,-98,4
4,0,7,v5-engine,P27,middlegame,5,8.391,b4c6,,-98,5
4,0,7,v5-engine,P27,middlegame,6,30.241,g5e6,,-98,6
4,0,7,v5-engine,P28,middlegame,4,7.707,c3d3,,-86,4
4,0,7,v5-engine,P28,middlegame,5,13.417,c3d3,,-86,5
4,0,7,v5-engine,P28,middlegame,6,37.678,c3d3,,-86,6
4,0,7,v5-engine,P29,middlegame,4,7.697,d8e8,,-52,4
4,0,7,v5-engine,P29,middlegame,5,24.432,c8b8,,-52,5
4,0,7,v5-engine,P29,middlegame,6,45.031,d8e8,,-52,6
4,0,7,v5-engine,P30,middlegame,4,9.955,f5f4,,-100,4
4,0,7,v5-engine,P30,middlegame,5,17.545,f5f4,,-100,5
4,0,7,v5-engine,P30,middlegame,6,36.488,f5f4,,-100,6
4,0,7,v5-engine,P31,endgame,4,2.592,c5g1,,-280,4
4,0,7,v5-engine,P31,endgame,5,2.721,c5g1,,-280,5
4,0,7,v5-engine,P31,endgame,6,5.360,c5g1,,-280,6
4,0,7,v5-engine,P32,endgame,4,2.706,f2e3,,156,4
4,0,7,v5-engine,P32,endgame,5,5.493,f2e3,,156,5
4,0,7,v5-engine,P32,endgame,6,9.927,f2e3,,156,6
4,0,7,v5-engine,P33,endgame,4,4.298,b4a4,,-113,4
4,0,7,v5-engine,P33,endgame,5,6.155,b4a4,,-113,5
4,0,7,v5-engine,P33,endgame,6,14.625,b4a4,,-113,6
4,0,7,v5-engine,P34,endgame,4,1.701,a5a8,,341,4
4,0,7,v5-engine,P34,endgame,5,1.976,a5a8,,341,5
4,0,7,v5-engine,P34,endgame,6,2.593,a5a8,,341,6
4,0,7,v5-engine,P35,endgame,4,4.148,f2g1,,36,4
4,0,7,v5-engine,P35,endgame,5,10.520,f2g1,,36,5
4,0,7,v5-engine,P35,endgame,6,20.596,f2g1,,36,6
4,0,7,v5-engine,P36,endgame,4,2.844,g1f2,,-23,4
4,0,7,v5-engine,P36,endgame,5,3.980,g1f2,,-23,5
4,0,7,v5-engine,P36,endgame,6,8.556,g1f2,,-23,6
4,0,7,v5-engine,P37,endgame,4,2.994,g3g7,,23,4
4,0,7,v5-engine,P37,endgame,5,5.323,g3g7,,23,5
4,0,7,v5-engine,P37,endgame,6,11.242,g3g7,,23,6
4,0,7,v5-engine,P38,endgame,4,2.373,a4b5,,-15,4
4,0,7,v5-engine,P38,endgame,5,3.213,a4b5,,-15,5
4,0,7,v5-engine,P38,endgame,6,6.245,a4b5,,-15,6
4,0,7,v5-engine,P39,endgame,4,2.842,d2g2,,-37,4
4,0,7,v5-engine,P39,endgame,5,5.364,d2g2,,-37,5
4,0,7,v5-engine,P39,endgame,6,18.738,d2a2,,-37,6
4,0,7,v5-engine,P40,endgame,4,5.751,e3e8,,99,4
4,0,7,v5-engine,P40,endgame,5,8.410,e3e8,,99,5
4,0,7,v5-engine,P40,endgame,6,23.562,a4a5,,99,6
4,0,8,v6-ordering,P01,opening,4,8.123,g8f6,,-53,4
4,0,8,v6-ordering,P01,opening,5,11.638,g8f6,,-53,5
4,0,8,v6-ordering,P01,opening,6,28.365,b8c6,,-53,6
4,0,8,v6-ordering,P02,opening,4,5.157,b8c6,,20,4
4,0,8,v6-ordering,P02,opening,5,20.494,e8g8,,20,5
4,0,8,v6-ordering,P02,opening,6,58.317,d8a5,,20,6
4,0,8,v6-ordering,P03,opening,4,7.801,a7a5,,27,4
4,0,8,v6-ordering,P03,opening,5,20.318,c8e6,,27,5
4,0,8,v6-ordering,P03,opening,6,47.560,a7a5,,27,6
4,0,8,v6-ordering,P04,opening,4,5.673,e1g1,,18,4
4,0,8,v6-ordering,P04,opening,5,19.919,d4e5,,18,5
4,0,8,v6-ordering,P04,opening,6,32.002,d4e5,,18,6
4,0,8,v6-ordering,P05,opening,4,5.004,e1g1,,-11,4
4,0,8,v6-ordering,P05,opening,5,11.981,e1g1,,-11,5
4,0,8,v6-ordering,P05,opening,6,44.155,e1g1,,-11,6
4,0,8,v6-ordering,P06,opening,4,6.981,f1c4,,-19,4
4,0,8,v6-ordering,P06,opening,5,10.833,f1c4,,-19,5
4,0,8,v6-ordering,P06,opening,6,36.655,f1c4,,-19,6
4,0,8,v6-ordering,P07,opening,4,4.747,d6b6,,-26,4
4,0,8,v6-ordering,P07,opening,5,23.251,g8f6,,-26,5
4,0,8,v6-ordering,P07,opening,6,29.664,g8f6,,-26,6
4,0,8,v6-ordering,P08,opening,4,4.272,g8f6,,19,4
4,0,8,v6-ordering,P08,opening,5,10.244,g8f6,,19,5
4,0,8,v6-ordering,P08,opening,6,38.386,b8c6,,19,6
4,0,8,v6-ordering,P09,opening,4,7.579,e3e4,,158,4
4,0,8,v6-ordering,P09,opening,5,12.632,d3c2,,158,5
4,0,8,v6-ordering,P09,opening,6,48.130,d3c2,,158,6
4,0,8,v6-ordering,P10,opening,4,5.474,e7e5,,13,4
4,0,8,v6-ordering,P10,opening,5,15.785,e7e5,,13,5
4,0,8,v6-ordering,P10,opening,6,27.925,e7e5,,13,6
4,0,8,v6-ordering,P11,opening,4,4.842,f1d3,,-55,4
4,0,8,v6-ordering,P11,opening,5,9.905,e4d5,,-55,5
4,0,8,v6-ordering,P11,opening,6,32.982,e4e5,,-55,6
4,0,8,v6-ordering,P12,opening,4,7.312,c8d7,,-14,4
4,0,8,v6-ordering,P12,opening,5,11.396,c8d7,,-14,5
4,0,8,v6-ordering,P12,opening,6,23.214,c8d7,,-14,6
4,0,8,v6-ordering,P13,opening,4,2.990,b8c6,,-1,4
4,0,8,v6-ordering,P13,opening,5,4.315,b8c6,,-1,5
4,0,8,v6-ordering,P13,opening,6,20.230,e7e6,,-1,6
4,0,8,v6-ordering,P14,opening,4,3.976,c6d4,,-37,4
4,0,8,v6-ordering,P14,opening,5,13.194,c6d4,,-37,5
4,0,8,v6-ordering,P14,opening,6,33.423,c6d4,,-37,6
4,0,8,v6-ordering,P15,middlegame,4,7.504,h4g3,,76,4
4,0,8,v6-ordering,P15,middlegame,5,15.160,h4g3,,76,5
4,0,8,v6-ordering,P15,middlegame,6,39.453,h4g3,,76,6
4,0,8,v6-ordering,P16,middlegame,4,3.674,a6a5,,-97,4
4,0,8,v6-ordering,P16,middlegame,5,10.725,a6a5,,-97,5
4,0,8,v6-ordering,P16,middlegame,6,35.182,c8b7,,-97,6
4,0,8,v6-ordering,P17,middlegame,4,6.225,c6b4,,-124,4
4,0,8,v6-ordering,P17,middlegame,5,13.183,c6b4,,-124,5
4,0,8,v6-ordering,P17,middlegame,6,48.035,e7f5,,-124,6
4,0,8,v6-ordering,P18,middlegame,4,5.794,c1a3,,117,4
4,0,8,v6-ordering,P18,middlegame,5,18.298,c1e3,,117,5
4,0,8,v6-ordering,P18,middlegame,6,41.725,c1e3,,117,6
4,0,8,v6-ordering,P19,middlegame,4,2.160,c4d5,,-197,4
4,0,8,v6-ordering,P19,middlegame,5,3.216,c4d5,,-197,5
4,0,8,v6-ordering,P19,middlegame,6,4.672,c4d5,,-197,6
4,0,8,v6-ordering,P20,middlegame,4,4.866,h7h6,,40,4
4,0,8,v6-ordering,P20,middlegame,5,16.002,h7h6,,40,5
4,0,8,v6-ordering,P20,middlegame,6,58.856,d8d7,,40,6
4,0,8,v6-ordering,P21,middlegame,4,7.349,e7d5,,-46,4
4,0,8,v6-ordering,P21,middlegame,5,13.082,e7d5,,-46,5
4,0,8,v6-ordering,P21,middlegame,6,44.211,e7d5,,-46,6
4,0,8,v6-ordering,P22,middlegame,4,9.735,g1h1,,69,4
4,0,8,v6-ordering,P22,middlegame,5,18.283,g1h1,,69,5
4,0,8,v6-ordering,P22,middlegame,6,40.362,g1h1,,69,6
4,0,8,v6-ordering,P23,middlegame,4,5.159,e7f6,,33,4
4,0,8,v6-ordering,P23,middlegame,5,9.947,f8e8,,33,5
4,0,8,v6-ordering,P23,middlegame,6,35.543,e7d6,,33,6
4,0,8,v6-ordering,P24,middlegame,4,9.763,b5c6,,156,4
4,0,8,v6-ordering,P24,middlegame,5,16.280,b5c6,,156,5
4,0,8,v6-ordering,P24,middlegame,6,45.302,b5c6,,156,6
4,0,8,v6-ordering,P25,middlegame,4,4.932,d7f6,,-100,4
4,0,8,v6-ordering,P25,middlegame,5,14.968,d7b6,,-100,5
4,0,8,v6-ordering,P25,middlegame,6,23.718,d7b6,,-100,6
4,0,8,v6-ordering,P26,middlegame,4,4.061,g8g7,,-298,4
4,0,8,v6-ordering,P26,middlegame,5,8.012,g8g7,,-298,5
4,0,8,v6-ordering,P26,middlegame,6,20.499,g8g7,,-298,6
4,0,8,v6-ordering,P27,middlegame,4,4.355,b4c6,,-98,4
4,0,8,v6-ordering,P27,middlegame,5,7.305,b4c6,,-98,5
4,0,8,v6-ordering,P27,middlegame,6,23.382,b4c6,,-98,6
4,0,8,v6-ordering,P28,middlegame,4,5.506,c3d3,,-86,4
4,0,8,v6-ordering,P28,middlegame,5,8.744,c3d3,,-86,5
4,0,8,v6-ordering,P28,middlegame,6,19.935,c3d3,,-86,6
4,0,8,v6-ordering,P29,middlegame,4,6.253,d8e8,,-52,4
4,0,8,v6-ordering,P29,middlegame,5,14.892,c8b8,,-52,5
4,0,8,v6-ordering,P29,middlegame,6,28.544,d8e8,,-52,6
4,0,8,v6-ordering,P30,middlegame,4,5.704,a6b4,,-100,4
4,0,8,v6-ordering,P30,middlegame,5,20.289,f5f4,,-100,5
4,0,8,v6-ordering,P30,middlegame,6,38.570,f5f4,,-100,6
4,0,8,v6-ordering,P31,endgame,4,2.533,c5g1,,-280,4
4,0,8,v6-ordering,P31,endgame,5,2.577,c5g1,,-280,5
4,0,8,v6-ordering,P31,endgame,6,4.720,c5g1,,-280,6
4,0,8,v6-ordering,P32,endgame,4,2.438,f2e3,,156,4
4,0,8,v6-ordering,P32,endgame,5,4.265,f2e3,,156,5
4,0,8,v6-ordering,P32,endgame,6,8.850,f2e3,,156,6
4,0,8,v6-ordering,P33,endgame,4,3.432,b4a4,,-113,4
4,0,8,v6-ordering,P33,endgame,5,4.577,b4a4,,-113,5
4,0,8,v6-ordering,P33,endgame,6,9.698,b4a4,,-113,6
4,0,8,v6-ordering,P34,endgame,4,1.648,a5a8,,341,4
4,0,8,v6-ordering,P34,endgame,5,1.963,a5a8,,341,5
4,0,8,v6-ordering,P34,endgame,6,2.768,a5a8,,341,6
4,0,8,v6-ordering,P35,endgame,4,3.900,f2g1,,36,4
4,0,8,v6-ordering,P35,endgame,5,9.512,f2g1,,36,5
4,0,8,v6-ordering,P35,endgame,6,16.251,f2g1,,36,6
4,0,8,v6-ordering,P36,endgame,4,2.758,g1f2,,-23,4
4,0,8,v6-ordering,P36,endgame,5,3.807,g1f2,,-23,5
4,0,8,v6-ordering,P36,endgame,6,7.989,g1f2,,-23,6
4,0,8,v6-ordering,P37,endgame,4,2.422,g3g7,,23,4
4,0,8,v6-ordering,P37,endgame,5,3.643,g3g7,,23,5
4,0,8,v6-ordering,P37,endgame,6,7.158,g3g7,,23,6
4,0,8,v6-ordering,P38,endgame,4,2.256,a4b5,,-15,4
4,0,8,v6-ordering,P38,endgame,5,2.792,a4b5,,-15,5
4,0,8,v6-ordering,P38,endgame,6,5.043,a4b5,,-15,6
4,0,8,v6-ordering,P39,endgame,4,2.414,d2g2,,-37,4
4,0,8,v6-ordering,P39,endgame,5,3.599,d2g2,,-37,5
4,0,8,v6-ordering,P39,endgame,6,12.622,d2a2,,-37,6
4,0,8,v6-ordering,P40,endgame,4,5.933,e3e8,,99,4
4,0,8,v6-ordering,P40,endgame,5,8.196,e3e8,,99,5
4,0,8,v6-ordering,P40,endgame,6,23.645,a4a5,,99,6
4,0,9,v6.1-stack,P01,opening,4,7.785,g8f6,,-53,4
4,0,9,v6.1-stack,P01,opening,5,9.993,g8f6,,-53,5
4,0,9,v6.1-stack,P01,opening,6,23.883,b8c6,,-53,6
4,0,9,v6.1-stack,P02,opening,4,4.657,b8c6,,20,4
4,0,9,v6.1-stack,P02,opening,5,16.955,e8g8,,20,5
4,0,9,v6.1-stack,P02,opening,6,48.770,d8a5,,20,6
4,0,9,v6.1-stack,P03,opening,4,6.729,a7a5,,27,4
4,0,9,v6.1-stack,P03,opening,5,16.933,c8e6,,27,5
4,0,9,v6.1-stack,P03,opening,6,39.886,a7a5,,27,6
4,0,9,v6.1-stack,P04,opening,4,5.063,e1g1,,18,4
4,0,9,v6.1-stack,P04,opening,5,16.500,d4e5,,18,5
4,0,9,v6.1-stack,P04,opening,6,26.874,d4e5,,18,6
4,0,9,v6.1-stack,P05,opening,4,4.375,e1g1,,-11,4
4,0,9,v6.1-stack,P05,opening,5,10.354,e1g1,,-11,5
4,0,9,v6.1-stack,P05,opening,6,36.947,e1g1,,-11,6
4,0,9,v6.1-stack,P06,opening,4,5.987,f1c4,,-19,4
4,0,9,v6.1-stack,P06,opening,5,9.232,f1c4,,-19,5
4,0,9,v6.1-stack,P06,opening,6,31.056,f1c4,,-19,6
4,0,9,v6.1-stack,P07,opening,4,4.224,d6b6,,-26,4
4,0,9,v6.1-stack,P07,opening,5,19.277,g8f6,,-26,5
4,0,9,v6.1-stack,P07,opening,6,24.613,g8f6,,-26,6
4,0,9,v6.1-stack,P08,opening,4,3.761,g8f6,,19,4
4,0,9,v6.1-stack,P08,opening,5,8.473,g8f6,,19,5
4,0,9,v6.1-stack,P08,opening,6,31.291,b8c6,,19,6
4,0,9,v6.1-stack,P09,opening,4,6.666,e3e4,,158,4
4,0,9,v6.1-stack,P09,opening,5,10.541,d3c2,,158,5
4,0,9,v6.1-stack,P09,opening,6,40.508,d3c2,,158,6
4,0,9,v6.1-stack,P10,opening,4,4.910,e7e5,,13,4
4,0,9,v6.1-stack,P10,opening,5,13.029,e7e5,,13,5
4,0,9,v6.1-stack,P10,opening,6,22.789,e7e5,,13,6
4,0,9,v6.1-stack,P11,opening,4,4.220,f1d3,,-55,4
4,0,9,v6.1-stack,P11,opening,5,8.483,e4d5,,-55,5
4,0,9,v6.1-stack,P11,opening,6,27.849,e4e5,,-55,6
4,0,9,v6.1-stack,P12,opening,4,6.183,c8d7,,-14,4
4,0,9,v6.1-stack,P12,opening,5,9.448,c8d7,,-14,5
4,0,9,v6.1-stack,P12,opening,6,19.222,c8d7,,-14,6
4,0,9,v6.1-stack,P13,opening,4,2.871,b8c6,,-1,4
4,0,9,v6.1-stack,P13,opening,5,3.654,b8c6,,-1,5
4,0,9,v6.1-stack,P13,opening,6,17.242,e7e6,,-1,6
4,0,9,v6.1-stack,P14,opening,4,3.473,c6d4,,-37,4
4,0,9,v6.1-stack,P14,opening,5,9.284,c6d4,,-37,5
4,0,9,v6.1-stack,P14,opening,6,26.323,c6d4,,-37,6
4,0,9,v6.1-stack,P15,middlegame,4,6.382,h4g3,,76,4
4,0,9,v6.1-stack,P15,middlegame,5,12.720,h4g3,,76,5
4,0,9,v6.1-stack,P15,middlegame,6,33.509,h4g3,,76,6
4,0,9,v6.1-stack,P16,middlegame,4,3.378,a6a5,,-97,4
4,0,9,v6.1-stack,P16,middlegame,5,8.969,a6a5,,-97,5
4,0,9,v6.1-stack,P16,middlegame,6,28.362,c8b7,,-97,6
4,0,9,v6.1-stack,P17,middlegame,4,5.311,c6b4,,-124,4
4,0,9,v6.1-stack,P17,middlegame,5,11.338,c6b4,,-124,5
4,0,9,v6.1-stack,P17,middlegame,6,39.597,e7f5,,-124,6
4,0,9,v6.1-stack,P18,middlegame,4,5.063,c1a3,,117,4
4,0,9,v6.1-stack,P18,middlegame,5,15.024,c1e3,,117,5
4,0,9,v6.1-stack,P18,middlegame,6,32.786,c1e3,,117,6
4,0,9,v6.1-stack,P19,middlegame,4,2.062,c4d5,,-197,4
4,0,9,v6.1-stack,P19,middlegame,5,2.909,c4d5,,-197,5
4,0,9,v6.1-stack,P19,middlegame,6,3.910,c4d5,,-197,6
4,0,9,v6.1-stack,P20,middlegame,4,4.511,h7h6,,40,4
4,0,9,v6.1-stack,P20,middlegame,5,13.567,h7h6,,40,5
4,0,9,v6.1-stack,P20,middlegame,6,49.111,d8d7,,40,6
4,0,9,v6.1-stack,P21,middlegame,4,6.153,e7d5,,-46,4
4,0,9,v6.1-stack,P21,middlegame,5,10.861,e7d5,,-46,5
4,0,9,v6.1-stack,P21,middlegame,6,38.657,e7d5,,-46,6
4,0,9,v6.1-stack,P22,middlegame,4,8.957,g1h1,,69,4
4,0,9,v6.1-stack,P22,middlegame,5,16.366,g1h1,,69,5
4,0,9,v6.1-stack,P22,middlegame,6,34.824,g1h1,,69,6
4,0,9,v6.1-stack,P23,middlegame,4,4.524,e7f6,,33,4
4,0,9,v6.1-stack,P23,middlegame,5,8.384,f8e8,,33,5
4,0,9,v6.1-stack,P23,middlegame,6,28.953,e7d6,,33,6
4,0,9,v6.1-stack,P24,middlegame,4,8.360,b5c6,,156,4
4,0,9,v6.1-stack,P24,middlegame,5,13.809,b5c6,,156,5
4,0,9,v6.1-stack,P24,middlegame,6,38.123,b5c6,,156,6
4,0,9,v6.1-stack,P25,middlegame,4,4.413,d7f6,,-100,4
4,0,9,v6.1-stack,P25,middlegame,5,12.476,d7b6,,-100,5
4,0,9,v6.1-stack,P25,middlegame,6,20.021,d7b6,,-100,6
4,0,9,v6.1-stack,P26,middlegame,4,3.664,g8g7,,-298,4
4,0,9,v6.1-stack,P26,middlegame,5,7.136,g8g7,,-298,5
4,0,9,v6.1-stack,P26,middlegame,6,17.525,g8g7,,-298,6
4,0,9,v6.1-stack,P27,middlegame,4,3.672,b4c6,,-98,4
4,0,9,v6.1-stack,P27,middlegame,5,6.140,b4c6,,-98,5
4,0,9,v6.1-stack,P27,middlegame,6,18.558,b4c6,,-98,6
4,0,9,v6.1-stack,P28,middlegame,4,4.416,c3d3,,-86,4
4,0,9,v6.1-stack,P28,middlegame,5,7.075,c3d3,,-86,5
4,0,9,v6.1-stack,P28,middlegame,6,15.011,c3d3,,-86,6
4,0,9,v6.1-stack,P29,middlegame,4,5.368,d8e8,,-52,4
4,0,9,v6.1-stack,P29,middlegame,5,12.255,c8b8,,-52,5
4,0,9,v6.1-stack,P29,middlegame,6,23.367,d8e8,,-52,6
4,0,9,v6.1-stack,P30,middlegame,4,4.899,a6b4,,-100,4
4,0,9,v6.1-stack,P30,middlegame,5,17.014,f5f4,,-100,5
4,0,9,v6.1-stack,P30,middlegame,6,31.620,f5f4,,-100,6
4,0,9,v6.1-stack,P31,endgame,4,2.289,c5g1,,-280,4
4,0,9,v6.1-stack,P31,endgame,5,2.260,c5g1,,-280,5
4,0,9,v6.1-stack,P31,endgame,6,3.919,c5g1,,-280,6
4,0,9,v6.1-stack,P32,endgame,4,2.152,f2e3,,156,4
4,0,9,v6.1-stack,P32,endgame,5,3.525,f2e3,,156,5
4,0,9,v6.1-stack,P32,endgame,6,6.813,f2e3,,156,6
4,0,9,v6.1-stack,P33,endgame,4,2.847,b4a4,,-113,4
4,0,9,v6.1-stack,P33,endgame,5,3.828,b4a4,,-113,5
4,0,9,v6.1-stack,P33,endgame,6,7.506,b4a4,,-113,6
4,0,9,v6.1-stack,P34,endgame,4,1.591,a5a8,,341,4
4,0,9,v6.1-stack,P34,endgame,5,1.913,a5a8,,341,5
4,0,9,v6.1-stack,P34,endgame,6,2.245,a5a8,,341,6
4,0,9,v6.1-stack,P35,endgame,4,3.187,f2g1,,36,4
4,0,9,v6.1-stack,P35,endgame,5,6.799,f2g1,,36,5
4,0,9,v6.1-stack,P35,endgame,6,11.554,f2g1,,36,6
4,0,9,v6.1-stack,P36,endgame,4,2.389,g1f2,,-23,4
4,0,9,v6.1-stack,P36,endgame,5,3.083,g1f2,,-23,5
4,0,9,v6.1-stack,P36,endgame,6,6.187,g1f2,,-23,6
4,0,9,v6.1-stack,P37,endgame,4,2.085,g3g7,,23,4
4,0,9,v6.1-stack,P37,endgame,5,2.887,g3g7,,23,5
4,0,9,v6.1-stack,P37,endgame,6,5.391,g3g7,,23,6
4,0,9,v6.1-stack,P38,endgame,4,2.028,a4b5,,-15,4
4,0,9,v6.1-stack,P38,endgame,5,2.424,a4b5,,-15,5
4,0,9,v6.1-stack,P38,endgame,6,3.998,a4b5,,-15,6
4,0,9,v6.1-stack,P39,endgame,4,2.291,d2g2,,-37,4
4,0,9,v6.1-stack,P39,endgame,5,2.987,d2g2,,-37,5
4,0,9,v6.1-stack,P39,endgame,6,9.404,d2a2,,-37,6
4,0,9,v6.1-stack,P40,endgame,4,4.729,e3e8,,99,4
4,0,9,v6.1-stack,P40,endgame,5,6.006,e3e8,,99,5
4,0,9,v6.1-stack,P40,endgame,6,16.997,a4a5,,99,6
4,0,10,v7,P01,opening,4,8.637,g8f6,-63,-75,4
4,0,10,v7,P01,opening,5,8.294,g8f6,-63,-75,5
4,0,10,v7,P01,opening,6,23.891,b8d7,-69,-75,6
4,0,10,v7,P02,opening,4,5.718,d8b6,82,36,4
4,0,10,v7,P02,opening,5,11.156,b8c6,65,36,5
4,0,10,v7,P02,opening,6,40.439,d8a5,64,36,6
4,0,10,v7,P03,opening,4,5.050,e7e6,47,41,4
4,0,10,v7,P03,opening,5,10.246,e7e6,89,41,5
4,0,10,v7,P03,opening,6,29.746,e7e6,59,41,6
4,0,10,v7,P04,opening,4,5.207,d4e5,98,73,4
4,0,10,v7,P04,opening,5,8.478,d4e5,116,73,5
4,0,10,v7,P04,opening,6,23.974,b1c3,96,73,6
4,0,10,v7,P05,opening,4,7.626,e1g1,76,-22,4
4,0,10,v7,P05,opening,5,12.403,e1g1,100,-22,5
4,0,10,v7,P05,opening,6,33.031,e1g1,76,-22,6
4,0,10,v7,P06,opening,4,4.072,f1c4,80,24,4
4,0,10,v7,P06,opening,5,7.443,f1c4,63,24,5
4,0,10,v7,P06,opening,6,22.221,f1c4,49,24,6
4,0,10,v7,P07,opening,4,2.545,d6b6,73,17,4
4,0,10,v7,P07,opening,5,9.901,g8f6,44,17,5
4,0,10,v7,P07,opening,6,21.976,d6b6,23,17,6
4,0,10,v7,P08,opening,4,3.769,b8c6,-1,28,4
4,0,10,v7,P08,opening,5,7.227,b8c6,49,28,5
4,0,10,v7,P08,opening,6,29.272,b8c6,-20,28,6
4,0,10,v7,P09,opening,4,4.226,c3b5,98,160,4
4,0,10,v7,P09,opening,5,8.444,a2a4,100,160,5
4,0,10,v7,P09,opening,6,26.762,a2a4,71,160,6
4,0,10,v7,P10,opening,4,3.098,g8f6,39,28,4
4,0,10,v7,P10,opening,5,6.545,e7e5,45,28,5
4,0,10,v7,P10,opening,6,15.608,e7e5,34,28,6
4,0,10,v7,P11,opening,4,2.938,e4d5,-43,-56,4
4,0,10,v7,P11,opening,5,4.994,e4d5,29,-56,5
4,0,10,v7,P11,opening,6,15.270,e4e5,-25,-56,6
4,0,10,v7,P12,opening,4,6.356,d8b6,-95,-45,4
4,0,10,v7,P12,opening,5,11.811,c8d7,-39,-45,5
4,0,10,v7,P12,opening,6,24.003,d8b6,-62,-45,6
4,0,10,v7,P13,opening,4,2.190,b8c6,-31,26,4
4,0,10,v7,P13,opening,5,3.442,e7e6,21,26,5
4,0,10,v7,P13,opening,6,9.729,e7e5,-1,26,6
4,0,10,v7,P14,opening,4,4.078,c6d4,40,-78,4
4,0,10,v7,P14,opening,5,10.343,c6d4,57,-78,5
4,0,10,v7,P14,opening,6,24.406,c6d4,57,-78,6
4,0,10,v7,P15,middlegame,4,5.818,h4g3,-9,67,4
4,0,10,v7,P15,middlegame,5,8.410,h4g3,-6,67,5
4,0,10,v7,P15,middlegame,6,40.559,h4g3,30,67,6
4,0,10,v7,P16,middlegame,4,3.904,a6a5,-102,-83,4
4,0,10,v7,P16,middlegame,5,7.290,a6a5,-72,-83,5
4,0,10,v7,P16,middlegame,6,24.539,c8b7,-118,-83,6
4,0,10,v7,P17,middlegame,4,5.391,a7a6,-102,-92,4
4,0,10,v7,P17,middlegame,5,16.003,c6b4,-71,-92,5
4,0,10,v7,P17,middlegame,6,37.955,e7f5,-58,-92,6
4,0,10,v7,P18,middlegame,4,4.324,c1a3,199,140,4
4,0,10,v7,P18,middlegame,5,12.330,g4d7,187,140,5
4,0,10,v7,P18,middlegame,6,23.420,c1a3,180,140,6
4,0,10,v7,P19,middlegame,4,1.727,c4d5,145,-176,4
4,0,10,v7,P19,middlegame,5,2.281,c4d5,128,-176,5
4,0,10,v7,P19,middlegame,6,3.957,c4d5,122,-176,6
4,0,10,v7,P20,middlegame,4,3.935,h7h6,45,2,4
4,0,10,v7,P20,middlegame,5,10.600,h7h6,50,2,5
4,0,10,v7,P20,middlegame,6,29.465,f8e8,43,2,6
4,0,10,v7,P21,middlegame,4,5.664,e8g8,-28,-83,4
4,0,10,v7,P21,middlegame,5,8.444,e8g8,12,-83,5
4,0,10,v7,P21,middlegame,6,29.099,e8g8,-20,-83,6
4,0,10,v7,P22,middlegame,4,6.404,e4f5,-14,54,4
4,0,10,v7,P22,middlegame,5,16.865,e2e3,-25,54,5
4,0,10,v7,P22,middlegame,6,39.236,e2e3,-19,54,6
4,0,10,v7,P23,middlegame,4,3.761,e7d6,41,20,4
4,0,10,v7,P23,middlegame,5,7.504,e7d6,99,20,5
4,0,10,v7,P23,middlegame,6,12.001,e7d6,76,20,6
4,0,10,v7,P24,middlegame,4,7.586,f4e3,72,90,4
4,0,10,v7,P24,middlegame,5,16.184,d3e5,68,90,5
4,0,10,v7,P24,middlegame,6,45.864,d3e5,64,90,6
4,0,10,v7,P25,middlegame,4,3.559,d7f6,-101,-94,4
4,0,10,v7,P25,middlegame,5,8.321,d7f6,-72,-94,5
4,0,10,v7,P25,middlegame,6,13.448,d7f6,-72,-94,6
4,0,10,v7,P26,middlegame,4,3.338,g8g7,-99,-202,4
4,0,10,v7,P26,middlegame,5,5.537,g8g7,-119,-202,5
4,0,10,v7,P26,middlegame,6,13.845,g8g7,-129,-202,6
4,0,10,v7,P27,middlegame,4,3.400,b4d3,-90,-187,4
4,0,10,v7,P27,middlegame,5,6.768,b4d3,-75,-187,5
4,0,10,v7,P27,middlegame,6,14.850,g5f3,-27,-187,6
4,0,10,v7,P28,middlegame,4,6.172,e2e4,-91,-116,4
4,0,10,v7,P28,middlegame,5,12.316,c3c1,-113,-116,5
4,0,10,v7,P28,middlegame,6,23.161,c3c1,-113,-116,6
4,0,10,v7,P29,middlegame,4,3.432,f8e7,-76,-75,4
4,0,10,v7,P29,middlegame,5,5.393,f8e7,-76,-75,5
4,0,10,v7,P29,middlegame,6,19.218,a7a6,-45,-75,6
4,0,10,v7,P30,middlegame,4,4.131,d8h4,-113,-137,4
4,0,10,v7,P30,middlegame,5,8.969,d8h4,-105,-137,5
4,0,10,v7,P30,middlegame,6,26.879,d8h4,-118,-137,6
4,0,10,v7,P31,endgame,4,2.061,c5g1,-134,-426,4
4,0,10,v7,P31,endgame,5,2.507,c5g1,-134,-426,5
4,0,10,v7,P31,endgame,6,4.883,c5g1,-134,-426,6
4,0,10,v7,P32,endgame,4,3.393,f2f3,258,245,4
4,0,10,v7,P32,endgame,5,7.409,a1a6,266,245,5
4,0,10,v7,P32,endgame,6,18.986,f2e3,248,245,6
4,0,10,v7,P33,endgame,4,2.839,e1c1,-91,-91,4
4,0,10,v7,P33,endgame,5,5.741,b4a4,-73,-91,5
4,0,10,v7,P33,endgame,6,10.925,b4a4,-93,-91,6
4,0,10,v7,P34,endgame,4,1.660,a5a6,95,105,4
4,0,10,v7,P34,endgame,5,2.288,a5a6,137,105,5
4,0,10,v7,P34,endgame,6,3.609,a5a6,95,105,6
4,0,10,v7,P35,endgame,4,2.755,f2g1,-16,32,4
4,0,10,v7,P35,endgame,5,5.207,f2g1,-16,32,5
4,0,10,v7,P35,endgame,6,10.485,f2g1,-16,32,6
4,0,10,v7,P36,endgame,4,3.295,g1h1,25,25,4
4,0,10,v7,P36,endgame,5,4.769,e7d8,40,25,5
4,0,10,v7,P36,endgame,6,10.686,e7d8,40,25,6
4,0,10,v7,P37,endgame,4,2.444,g3g7,216,-35,4
4,0,10,v7,P37,endgame,5,2.876,g3g7,216,-35,5
4,0,10,v7,P37,endgame,6,4.407,g3g7,216,-35,6
4,0,10,v7,P38,endgame,4,2.142,a4b5,-67,-116,4
4,0,10,v7,P38,endgame,5,2.737,a4b5,-19,-116,5
4,0,10,v7,P38,endgame,6,5.046,a4b5,-16,-116,6
4,0,10,v7,P39,endgame,4,2.690,d2g2,26,-20,4
4,0,10,v7,P39,endgame,5,4.138,d2g2,26,-20,5
4,0,10,v7,P39,endgame,6,14.312,d2a2,-2,-20,6
4,0,10,v7,P40,endgame,4,4.994,e3d3,131,12,4
4,0,10,v7,P40,endgame,5,16.106,e3e8,147,12,5
4,0,10,v7,P40,endgame,6,31.220,e3d4,168,12,6
4,0,11,v7-nnue,P01,opening,4,9.321,g8f6,-63,-75,4
4,0,11,v7-nnue,P01,opening,5,8.132,g8f6,-63,-75,5
4,0,11,v7-nnue,P01,opening,6,23.936,b8d7,-69,-75,6
4,0,11,v7-nnue,P02,opening,4,5.707,d8b6,82,36,4
4,0,11,v7-nnue,P02,opening,5,11.232,b8c6,65,36,5
4,0,11,v7-nnue,P02,opening,6,40.455,d8a5,64,36,6
4,0,11,v7-nnue,P03,opening,4,5.255,e7e6,47,41,4
4,0,11,v7-nnue,P03,opening,5,10.283,e7e6,89,41,5
4,0,11,v7-nnue,P03,opening,6,29.500,e7e6,59,41,6
4,0,11,v7-nnue,P04,opening,4,5.373,d4e5,98,73,4
4,0,11,v7-nnue,P04,opening,5,8.424,d4e5,116,73,5
4,0,11,v7-nnue,P04,opening,6,23.576,b1c3,96,73,6
4,0,11,v7-nnue,P05,opening,4,7.578,e1g1,76,-22,4
4,0,11,v7-nnue,P05,opening,5,12.146,e1g1,100,-22,5
4,0,11,v7-nnue,P05,opening,6,32.425,e1g1,76,-22,6
4,0,11,v7-nnue,P06,opening,4,4.073,f1c4,80,24,4
4,0,11,v7-nnue,P06,opening,5,7.322,f1c4,63,24,5
4,0,11,v7-nnue,P06,opening,6,21.508,f1c4,49,24,6
4,0,11,v7-nnue,P07,opening,4,2.551,d6b6,73,17,4
4,0,11,v7-nnue,P07,opening,5,9.876,g8f6,44,17,5
4,0,11,v7-nnue,P07,opening,6,21.931,d6b6,23,17,6
4,0,11,v7-nnue,P08,opening,4,3.744,b8c6,-1,28,4
4,0,11,v7-nnue,P08,opening,5,7.266,b8c6,49,28,5
4,0,11,v7-nnue,P08,opening,6,28.796,b8c6,-20,28,6
4,0,11,v7-nnue,P09,opening,4,4.368,c3b5,98,160,4
4,0,11,v7-nnue,P09,opening,5,8.344,a2a4,100,160,5
4,0,11,v7-nnue,P09,opening,6,26.459,a2a4,71,160,6
4,0,11,v7-nnue,P10,opening,4,3.158,g8f6,39,28,4
4,0,11,v7-nnue,P10,opening,5,6.705,e7e5,45,28,5
4,0,11,v7-nnue,P10,opening,6,15.484,e7e5,34,28,6
4,0,11,v7-nnue,P11,opening,4,2.966,e4d5,-43,-56,4
4,0,11,v7-nnue,P11,opening,5,4.997,e4d5,29,-56,5
4,0,11,v7-nnue,P11,opening,6,15.311,e4e5,-25,-56,6
4,0,11,v7-nnue,P12,opening,4,6.439,d8b6,-95,-45,4
4,0,11,v7-nnue,P12,opening,5,11.543,c8d7,-39,-45,5
4,0,11,v7-nnue,P12,opening,6,23.524,d8b6,-62,-45,6
4,0,11,v7-nnue,P13,opening,4,2.141,b8c6,-31,26,4
4,0,11,v7-nnue,P13,opening,5,3.423,e7e6,21,26,5
4,0,11,v7-nnue,P13,opening,6,9.698,e7e5,-1,26,6
4,0,11,v7-nnue,P14,opening,4,4.149,c6d4,40,-78,4
4,0,11,v7-nnue,P14,opening,5,10.359,c6d4,57,-78,5
4,0,11,v7-nnue,P14,opening,6,21.962,c6d4,57,-78,6
4,0,11,v7-nnue,P15,middlegame,4,5.714,h4g3,-9,67,4
4,0,11,v7-nnue,P15,middlegame,5,8.579,h4g3,-6,67,5
4,0,11,v7-nnue,P15,middlegame,6,40.579,h4g3,30,67,6
4,0,11,v7-nnue,P16,middlegame,4,3.978,a6a5,-102,-83,4
4,0,11,v7-nnue,P16,middlegame,5,7.547,a6a5,-72,-83,5
4,0,11,v7-nnue,P16,middlegame,6,24.738,c8b7,-118,-83,6
4,0,11,v7-nnue,P17,middlegame,4,5.425,a7a6,-102,-92,4
4,0,11,v7-nnue,P17,middlegame,5,16.032,c6b4,-71,-92,5
4,0,11,v7-nnue,P17,middlegame,6,38.179,e7f5,-58,-92,6
4,0,11,v7-nnue,P18,middlegame,4,4.492,c1a3,199,140,4
4,0,11,v7-nnue,P18,middlegame,5,12.591,g4d7,187,140,5
4,0,11,v7-nnue,P18,middlegame,6,22.828,c1a3,180,140,6
4,0,11,v7-nnue,P19,middlegame,4,1.708,c4d5,145,-176,4
4,0,11,v7-nnue,P19,middlegame,5,2.232,c4d5,128,-176,5
4,0,11,v7-nnue,P19,middlegame,6,4.064,c4d5,122,-176,6
4,0,11,v7-nnue,P20,middlegame,4,3.925,h7h6,45,2,4
4,0,11,v7-nnue,P20,middlegame,5,10.613,h7h6,50,2,5
4,0,11,v7-nnue,P20,middlegame,6,28.760,f8e8,43,2,6
4,0,11,v7-nnue,P21,middlegame,4,5.670,e8g8,-28,-83,4
4,0,11,v7-nnue,P21,middlegame,5,8.256,e8g8,12,-83,5
4,0,11,v7-nnue,P21,middlegame,6,28.157,e8g8,-20,-83,6
4,0,11,v7-nnue,P22,middlegame,4,6.441,e4f5,-14,54,4
4,0,11,v7-nnue,P22,middlegame,5,16.511,e2e3,-25,54,5
4,0,11,v7-nnue,P22,middlegame,6,38.512,e2e3,-19,54,6
4,0,11,v7-nnue,P23,middlegame,4,3.782,e7d6,41,20,4
4,0,11,v7-nnue,P23,middlegame,5,7.494,e7d6,99,20,5
4,0,11,v7-nnue,P23,middlegame,6,12.047,e7d6,76,20,6
4,0,11,v7-nnue,P24,middlegame,4,7.403,f4e3,72,90,4
4,0,11,v7-nnue,P24,middlegame,5,16.189,d3e5,68,90,5
4,0,11,v7-nnue,P24,middlegame,6,45.274,d3e5,64,90,6
4,0,11,v7-nnue,P25,middlegame,4,3.535,d7f6,-101,-94,4
4,0,11,v7-nnue,P25,middlegame,5,8.236,d7f6,-72,-94,5
4,0,11,v7-nnue,P25,middlegame,6,13.699,d7f6,-72,-94,6
4,0,11,v7-nnue,P26,middlegame,4,3.360,g8g7,-99,-202,4
4,0,11,v7-nnue,P26,middlegame,5,5.644,g8g7,-119,-202,5
4,0,11,v7-nnue,P26,middlegame,6,13.386,g8g7,-129,-202,6
4,0,11,v7-nnue,P27,middlegame,4,3.659,b4d3,-90,-187,4
4,0,11,v7-nnue,P27,middlegame,5,6.550,b4d3,-75,-187,5
4,0,11,v7-nnue,P27,middlegame,6,14.809,g5f3,-27,-187,6
4,0,11,v7-nnue,P28,middlegame,4,6.209,e2e4,-91,-116,4
4,0,11,v7-nnue,P28,middlegame,5,11.940,c3c1,-113,-116,5
4,0,11,v7-nnue,P28,middlegame,6,22.850,c3c1,-113,-116,6
4,0,11,v7-nnue,P29,middlegame,4,5.938,f8e7,-76,-75,4
4,0,11,v7-nnue,P29,middlegame,5,5.741,f8e7,-76,-75,5
4,0,11,v7-nnue,P29,middlegame,6,18.907,a7a6,-45,-75,6
4,0,11,v7-nnue,P30,middlegame,4,4.077,d8h4,-113,-137,4
4,0,11,v7-nnue,P30,middlegame,5,8.852,d8h4,-105,-137,5
4,0,11,v7-nnue,P30,middlegame,6,26.787,d8h4,-118,-137,6
4,0,11,v7-nnue,P31,endgame,4,2.059,c5g1,-134,-426,4
4,0,11,v7-nnue,P31,endgame,5,2.477,c5g1,-134,-426,5
4,0,11,v7-nnue,P31,endgame,6,4.746,c5g1,-134,-426,6
4,0,11,v7-nnue,P32,endgame,4,3.531,f2f3,258,245,4
4,0,11,v7-nnue,P32,endgame,5,7.360,a1a6,266,245,5
4,0,11,v7-nnue,P32,endgame,6,19.092,f2e3,248,245,6
4,0,11,v7-nnue,P33,endgame,4,2.984,e1c1,-91,-91,4
4,0,11,v7-nnue,P33,endgame,5,5.576,b4a4,-73,-91,5
4,0,11,v7-nnue,P33,endgame,6,10.924,b4a4,-93,-91,6
4,0,11,v7-nnue,P34,endgame,4,1.769,a5a6,95,105,4
4,0,11,v7-nnue,P34,endgame,5,2.238,a5a6,137,105,5
4,0,11,v7-nnue,P34,endgame,6,3.762,a5a6,95,105,6
4,0,11,v7-nnue,P35,endgame,4,2.775,f2g1,-16,32,4
4,0,11,v7-nnue,P35,endgame,5,5.033,f2g1,-16,32,5
4,0,11,v7-nnue,P35,endgame,6,10.255,f2g1,-16,32,6
4,0,11,v7-nnue,P36,endgame,4,3.175,g1h1,25,25,4
4,0,11,v7-nnue,P36,endgame,5,4.790,e7d8,40,25,5
4,0,11,v7-nnue,P36,endgame,6,10.265,e7d8,40,25,6
4,0,11,v7-nnue,P37,endgame,4,2.151,g3g7,216,-35,4
4,0,11,v7-nnue,P37,endgame,5,3.014,g3g7,216,-35,5
4,0,11,v7-nnue,P37,endgame,6,4.353,g3g7,216,-35,6
4,0,11,v7-nnue,P38,endgame,4,2.123,a4b5,-67,-116,4
4,0,11,v7-nnue,P38,endgame,5,2.740,a4b5,-19,-116,5
4,0,11,v7-nnue,P38,endgame,6,5.120,a4b5,-16,-116,6
4,0,11,v7-nnue,P39,endgame,4,2.620,d2g2,26,-20,4
4,0,11,v7-nnue,P39,endgame,5,4.109,d2g2,26,-20,5
4,0,11,v7-nnue,P39,endgame,6,14.407,d2a2,-2,-20,6
4,0,11,v7-nnue,P40,endgame,4,5.101,e3d3,131,12,4
4,0,11,v7-nnue,P40,endgame,5,16.115,e3e8,147,12,5
4,0,11,v7-nnue,P40,endgame,6,31.120,e3d4,168,12,6
4,0,12,v7.2-nnue,P01,opening,4,10.167,g8f6,-34,19,4
4,0,12,v7.2-nnue,P01,opening,5,8.787,a7a5,-41,19,5
4,0,12,v7.2-nnue,P01,opening,6,30.360,g8f6,-53,19,6
4,0,12,v7.2-nnue,P02,opening,4,8.124,d8b6,99,112,4
4,0,12,v7.2-nnue,P02,opening,5,14.595,d8a5,58,112,5
4,0,12,v7.2-nnue,P02,opening,6,44.976,d8a5,72,112,6
4,0,12,v7.2-nnue,P03,opening,4,5.039,c8e6,81,135,4
4,0,12,v7.2-nnue,P03,opening,5,10.110,e7e5,43,135,5
4,0,12,v7.2-nnue,P03,opening,6,44.070,c8e6,44,135,6
4,0,12,v7.2-nnue,P04,opening,4,4.538,e1g1,150,154,4
4,0,12,v7.2-nnue,P04,opening,5,7.387,f3e5,102,154,5
4,0,12,v7.2-nnue,P04,opening,6,24.298,f3e5,136,154,6
4,0,12,v7.2-nnue,P05,opening,4,4.535,f3d4,132,64,4
4,0,12,v7.2-nnue,P05,opening,5,8.109,f3d4,65,64,5
4,0,12,v7.2-nnue,P05,opening,6,31.209,f3d4,131,64,6
4,0,12,v7.2-nnue,P06,opening,4,4.168,f1c4,121,105,4
4,0,12,v7.2-nnue,P06,opening,5,10.106,f1c4,18,105,5
4,0,12,v7.2-nnue,P06,opening,6,30.269,f1b5,60,105,6
4,0,12,v7.2-nnue,P07,opening,4,8.663,g8f6,102,105,4
4,0,12,v7.2-nnue,P07,opening,5,12.027,d6b6,23,105,5
4,0,12,v7.2-nnue,P07,opening,6,33.169,g8f6,61,105,6
4,0,12,v7.2-nnue,P08,opening,4,5.264,g8f6,56,96,4
4,0,12,v7.2-nnue,P08,opening,5,7.870,g8f6,23,96,5
4,0,12,v7.2-nnue,P08,opening,6,31.564,b8c6,21,96,6
4,0,12,v7.2-nnue,P09,opening,4,7.567,c1d2,148,221,4
4,0,12,v7.2-nnue,P09,opening,5,10.464,a2a3,82,221,5
4,0,12,v7.2-nnue,P09,opening,6,53.223,c1d2,84,221,6
4,0,12,v7.2-nnue,P10,opening,4,5.091,g8f6,105,116,4
4,0,12,v7.2-nnue,P10,opening,5,4.834,g8f6,36,116,5
4,0,12,v7.2-nnue,P10,opening,6,14.404,g8f6,62,116,6
4,0,12,v7.2-nnue,P11,opening,4,3.693,e4e5,9,23,4
4,0,12,v7.2-nnue,P11,opening,5,7.954,e4d5,-42,23,5
4,0,12,v7.2-nnue,P11,opening,6,24.793,e4d5,-25,23,6
4,0,12,v7.2-nnue,P12,opening,4,6.041,d8b6,-47,53,4
4,0,12,v7.2-nnue,P12,opening,5,10.554,c8d7,-74,53,5
4,0,12,v7.2-nnue,P12,opening,6,38.953,d8c7,-34,53,6
4,0,12,v7.2-nnue,P13,opening,4,2.557,e7e6,54,111,4
4,0,12,v7.2-nnue,P13,opening,5,5.710,d7d5,-23,111,5
4,0,12,v7.2-nnue,P13,opening,6,18.599,b8c6,51,111,6
4,0,12,v7.2-nnue,P14,opening,4,3.363,c6d4,21,14,4
4,0,12,v7.2-nnue,P14,opening,5,5.092,c6d4,21,14,5
4,0,12,v7.2-nnue,P14,opening,6,12.207,c6d4,21,14,6
4,0,12,v7.2-nnue,P15,middlegame,4,6.364,h4g3,72,166,4
4,0,12,v7.2-nnue,P15,middlegame,5,8.801,h4g3,28,166,5
4,0,12,v7.2-nnue,P15,middlegame,6,40.488,h4g3,86,166,6
4,0,12,v7.2-nnue,P16,middlegame,4,5.642,e6e5,-58,-13,4
4,0,12,v7.2-nnue,P16,middlegame,5,9.662,d8f6,-173,-13,5
4,0,12,v7.2-nnue,P16,middlegame,6,71.680,a8b8,-57,-13,6
4,0,12,v7.2-nnue,P17,middlegame,4,5.748,c6b4,-29,-20,4
4,0,12,v7.2-nnue,P17,middlegame,5,9.426,c6b4,-130,-20,5
4,0,12,v7.2-nnue,P17,middlegame,6,56.361,e7g6,-62,-20,6
4,0,12,v7.2-nnue,P18,middlegame,4,6.689,c1a3,224,235,4
4,0,12,v7.2-nnue,P18,middlegame,5,9.387,c1a3,209,235,5
4,0,12,v7.2-nnue,P18,middlegame,6,41.524,c1e3,217,235,6
4,0,12,v7.2-nnue,P19,middlegame,4,1.636,c4d5,251,-142,4
4,0,12,v7.2-nnue,P19,middlegame,5,1.803,c4d5,193,-142,5
4,0,12,v7.2-nnue,P19,middlegame,6,4.312,c4d5,137,-142,6
4,0,12,v7.2-nnue,P20,middlegame,4,5.890,a8c8,17,121,4
4,0,12,v7.2-nnue,P20,middlegame,5,10.047,a8c8,16,121,5
4,0,12,v7.2-nnue,P20,middlegame,6,41.742,h7h6,20,121,6
4,0,12,v7.2-nnue,P21,middlegame,4,5.525,e8g8,65,-2,4
4,0,12,v7.2-nnue,P21,middlegame,5,7.924,e8g8,65,-2,5
4,0,12,v7.2-nnue,P21,middlegame,6,24.730,e8g8,65,-2,6
4,0,12,v7.2-nnue,P22,middlegame,4,5.437,e2c4,-13,64,4
4,0,12,v7.2-nnue,P22,middlegame,5,13.560,g1h1,-97,64,5
4,0,12,v7.2-nnue,P22,middlegame,6,37.724,f1g2,-95,64,6
4,0,12,v7.2-nnue,P23,middlegame,4,5.514,e7d6,98,96,4
4,0,12,v7.2-nnue,P23,middlegame,5,8.034,e7d6,27,96,5
4,0,12,v7.2-nnue,P23,middlegame,6,25.284,e7d6,87,96,6
4,0,12,v7.2-nnue,P24,middlegame,4,7.769,b5c6,148,171,4
4,0,12,v7.2-nnue,P24,middlegame,5,18.519,b5c6,20,171,5
4,0,12,v7.2-nnue,P24,middlegame,6,74.142,f4e3,128,171,6
4,0,12,v7.2-nnue,P25,middlegame,4,6.591,b7b6,-31,-24,4
4,0,12,v7.2-nnue,P25,middlegame,5,12.563,d7f6,-141,-24,5
4,0,12,v7.2-nnue,P25,middlegame,6,91.428,a7a6,-33,-24,6
4,0,12,v7.2-nnue,P26,middlegame,4,3.302,g8g7,-39,-223,4
4,0,12,v7.2-nnue,P26,middlegame,5,6.208,g8g7,-153,-223,5
4,0,12,v7.2-nnue,P26,middlegame,6,19.018,g8g7,-81,-223,6
4,0,12,v7.2-nnue,P27,middlegame,4,5.587,b4c2,-71,-56,4
4,0,12,v7.2-nnue,P27,middlegame,5,8.681,b4c6,-146,-56,5
4,0,12,v7.2-nnue,P27,middlegame,6,36.846,b4d3,-85,-56,6
4,0,12,v7.2-nnue,P28,middlegame,4,6.389,e2d2,-18,-1,4
4,0,12,v7.2-nnue,P28,middlegame,5,9.234,e2e4,-111,-1,5
4,0,12,v7.2-nnue,P28,middlegame,6,29.426,e2d2,-108,-1,6
4,0,12,v7.2-nnue,P29,middlegame,4,3.108,f8e7,8,16,4
4,0,12,v7.2-nnue,P29,middlegame,5,6.945,a7a5,-87,16,5
4,0,12,v7.2-nnue,P29,middlegame,6,28.262,a7a6,-19,16,6
4,0,12,v7.2-nnue,P30,middlegame,4,6.254,f5f4,-65,-43,4
4,0,12,v7.2-nnue,P30,middlegame,5,8.396,f5f4,-91,-43,5
4,0,12,v7.2-nnue,P30,middlegame,6,55.570,d8a5,-117,-43,6
4,0,12,v7.2-nnue,P31,endgame,4,2.078,c5g1,-157,-385,4
4,0,12,v7.2-nnue,P31,endgame,5,2.489,c5g1,-157,-385,5
4,0,12,v7.2-nnue,P31,endgame,6,5.113,c5g1,-157,-385,6
4,0,12,v7.2-nnue,P32,endgame,4,3.663,a1a6,254,329,4
4,0,12,v7.2-nnue,P32,endgame,5,4.864,a1a6,236,329,5
4,0,12,v7.2-nnue,P32,endgame,6,14.100,f2e3,268,329,6
4,0,12,v7.2-nnue,P33,endgame,4,2.638,b4a4,-83,-13,4
4,0,12,v7.2-nnue,P33,endgame,5,3.722,b4a4,-78,-13,5
4,0,12,v7.2-nnue,P33,endgame,6,7.707,b4a4,-78,-13,6
4,0,12,v7.2-nnue,P34,endgame,4,2.066,a5a7,213,262,4
4,0,12,v7.2-nnue,P34,endgame,5,2.725,c4c5,190,262,5
4,0,12,v7.2-nnue,P34,endgame,6,4.186,c4c5,241,262,6
4,0,12,v7.2-nnue,P35,endgame,4,3.029,f2g1,20,250,4
4,0,12,v7.2-nnue,P35,endgame,5,6.480,f2g1,20,250,5
4,0,12,v7.2-nnue,P35,endgame,6,12.958,f2g1,7,250,6
4,0,12,v7.2-nnue,P36,endgame,4,3.652,e7d7,91,52,4
4,0,12,v7.2-nnue,P36,endgame,5,8.056,e7d8,39,52,5
4,0,12,v7.2-nnue,P36,endgame,6,13.256,e7d7,85,52,6
4,0,12,v7.2-nnue,P37,endgame,4,2.227,g3g7,156,58,4
4,0,12,v7.2-nnue,P37,endgame,5,3.042,g3g7,156,58,5
4,0,12,v7.2-nnue,P37,endgame,6,5.183,g3g7,156,58,6
4,0,12,v7.2-nnue,P38,endgame,4,1.904,a4b5,100,13,4
4,0,12,v7.2-nnue,P38,endgame,5,3.111,a4b5,-7,13,5
4,0,12,v7.2-nnue,P38,endgame,6,7.030,a4b5,104,13,6
4,0,12,v7.2-nnue,P39,endgame,4,4.032,d2a2,-7,12,4
4,0,12,v7.2-nnue,P39,endgame,5,6.975,d2g2,-99,12,5
4,0,12,v7.2-nnue,P39,endgame,6,12.301,d2g2,-35,12,6
4,0,12,v7.2-nnue,P40,endgame,4,5.416,e3e8,322,250,4
4,0,12,v7.2-nnue,P40,endgame,5,13.447,e3e8,283,250,5
4,0,12,v7.2-nnue,P40,endgame,6,36.919,e3e8,300,250,6
5,0,0,v7.2-nnue,P01,opening,4,8.343,g8f6,-34,19,4
5,0,0,v7.2-nnue,P01,opening,5,8.324,a7a5,-41,19,5
5,0,0,v7.2-nnue,P01,opening,6,30.075,g8f6,-53,19,6
5,0,0,v7.2-nnue,P02,opening,4,8.210,d8b6,99,112,4
5,0,0,v7.2-nnue,P02,opening,5,14.884,d8a5,58,112,5
5,0,0,v7.2-nnue,P02,opening,6,44.803,d8a5,72,112,6
5,0,0,v7.2-nnue,P03,opening,4,5.080,c8e6,81,135,4
5,0,0,v7.2-nnue,P03,opening,5,10.314,e7e5,43,135,5
5,0,0,v7.2-nnue,P03,opening,6,43.498,c8e6,44,135,6
5,0,0,v7.2-nnue,P04,opening,4,4.769,e1g1,150,154,4
5,0,0,v7.2-nnue,P04,opening,5,7.558,f3e5,102,154,5
5,0,0,v7.2-nnue,P04,opening,6,24.133,f3e5,136,154,6
5,0,0,v7.2-nnue,P05,opening,4,4.202,f3d4,132,64,4
5,0,0,v7.2-nnue,P05,opening,5,8.153,f3d4,65,64,5
5,0,0,v7.2-nnue,P05,opening,6,29.899,f3d4,131,64,6
5,0,0,v7.2-nnue,P06,opening,4,4.227,f1c4,121,105,4
5,0,0,v7.2-nnue,P06,opening,5,9.878,f1c4,18,105,5
5,0,0,v7.2-nnue,P06,opening,6,30.343,f1b5,60,105,6
5,0,0,v7.2-nnue,P07,opening,4,9.048,g8f6,102,105,4
5,0,0,v7.2-nnue,P07,opening,5,11.601,d6b6,23,105,5
5,0,0,v7.2-nnue,P07,opening,6,32.454,g8f6,61,105,6
5,0,0,v7.2-nnue,P08,opening,4,5.202,g8f6,56,96,4
5,0,0,v7.2-nnue,P08,opening,5,7.951,g8f6,23,96,5
5,0,0,v7.2-nnue,P08,opening,6,30.348,b8c6,21,96,6
5,0,0,v7.2-nnue,P09,opening,4,7.644,c1d2,148,221,4
5,0,0,v7.2-nnue,P09,opening,5,10.630,a2a3,82,221,5
5,0,0,v7.2-nnue,P09,opening,6,52.015,c1d2,84,221,6
5,0,0,v7.2-nnue,P10,opening,4,2.886,g8f6,105,116,4
5,0,0,v7.2-nnue,P10,opening,5,4.794,g8f6,36,116,5
5,0,0,v7.2-nnue,P10,opening,6,14.711,g8f6,62,116,6
5,0,0,v7.2-nnue,P11,opening,4,3.979,e4e5,9,23,4
5,0,0,v7.2-nnue,P11,opening,5,7.909,e4d5,-42,23,5
5,0,0,v7.2-nnue,P11,opening,6,25.358,e4d5,-25,23,6
5,0,0,v7.2-nnue,P12,opening,4,5.953,d8b6,-47,53,4
5,0,0,v7.2-nnue,P12,opening,5,10.610,c8d7,-74,53,5
5,0,0,v7.2-nnue,P12,opening,6,37.046,d8c7,-34,53,6
5,0,0,v7.2-nnue,P13,opening,4,2.659,e7e6,54,111,4
5,0,0,v7.2-nnue,P13,opening,5,5.662,d7d5,-23,111,5
5,0,0,v7.2-nnue,P13,opening,6,18.724,b8c6,51,111,6
5,0,0,v7.2-nnue,P14,opening,4,3.336,c6d4,21,14,4
5,0,0,v7.2-nnue,P14,opening,5,5.373,c6d4,21,14,5
5,0,0,v7.2-nnue,P14,opening,6,12.307,c6d4,21,14,6
5,0,0,v7.2-nnue,P15,middlegame,4,6.388,h4g3,72,166,4
5,0,0,v7.2-nnue,P15,middlegame,5,8.854,h4g3,28,166,5
5,0,0,v7.2-nnue,P15,middlegame,6,39.171,h4g3,86,166,6
5,0,0,v7.2-nnue,P16,middlegame,4,5.751,e6e5,-58,-13,4
5,0,0,v7.2-nnue,P16,middlegame,5,9.515,d8f6,-173,-13,5
5,0,0,v7.2-nnue,P16,middlegame,6,67.213,a8b8,-57,-13,6
5,0,0,v7.2-nnue,P17,middlegame,4,5.896,c6b4,-29,-20,4
5,0,0,v7.2-nnue,P17,middlegame,5,9.222,c6b4,-130,-20,5
5,0,0,v7.2-nnue,P17,middlegame,6,53.702,e7g6,-62,-20,6
5,0,0,v7.2-nnue,P18,middlegame,4,6.438,c1a3,224,235,4
5,0,0,v7.2-nnue,P18,middlegame,5,9.350,c1a3,209,235,5
5,0,0,v7.2-nnue,P18,middlegame,6,42.224,c1e3,217,235,6
5,0,0,v7.2-nnue,P19,middlegame,4,1.826,c4d5,251,-142,4
5,0,0,v7.2-nnue,P19,middlegame,5,1.747,c4d5,193,-142,5
5,0,0,v7.2-nnue,P19,middlegame,6,4.349,c4d5,137,-142,6
5,0,0,v7.2-nnue,P20,middlegame,4,5.894,a8c8,17,121,4
5,0,0,v7.2-nnue,P20,middlegame,5,9.949,a8c8,16,121,5
5,0,0,v7.2-nnue,P20,middlegame,6,41.543,h7h6,20,121,6
5,0,0,v7.2-nnue,P21,middlegame,4,5.546,e8g8,65,-2,4
5,0,0,v7.2-nnue,P21,middlegame,5,7.982,e8g8,65,-2,5
5,0,0,v7.2-nnue,P21,middlegame,6,24.750,e8g8,65,-2,6
5,0,0,v7.2-nnue,P22,middlegame,4,5.578,e2c4,-13,64,4
5,0,0,v7.2-nnue,P22,middlegame,5,13.524,g1h1,-97,64,5
5,0,0,v7.2-nnue,P22,middlegame,6,37.421,f1g2,-95,64,6
5,0,0,v7.2-nnue,P23,middlegame,4,5.573,e7d6,98,96,4
5,0,0,v7.2-nnue,P23,middlegame,5,7.958,e7d6,27,96,5
5,0,0,v7.2-nnue,P23,middlegame,6,25.525,e7d6,87,96,6
5,0,0,v7.2-nnue,P24,middlegame,4,7.582,b5c6,148,171,4
5,0,0,v7.2-nnue,P24,middlegame,5,18.667,b5c6,20,171,5
5,0,0,v7.2-nnue,P24,middlegame,6,78.696,f4e3,128,171,6
5,0,0,v7.2-nnue,P25,middlegame,4,6.768,b7b6,-31,-24,4
5,0,0,v7.2-nnue,P25,middlegame,5,12.690,d7f6,-141,-24,5
5,0,0,v7.2-nnue,P25,middlegame,6,98.992,a7a6,-33,-24,6
5,0,0,v7.2-nnue,P26,middlegame,4,3.220,g8g7,-39,-223,4
5,0,0,v7.2-nnue,P26,middlegame,5,6.334,g8g7,-153,-223,5
5,0,0,v7.2-nnue,P26,middlegame,6,19.482,g8g7,-81,-223,6
5,0,0,v7.2-nnue,P27,middlegame,4,5.467,b4c2,-71,-56,4
5,0,0,v7.2-nnue,P27,middlegame,5,8.809,b4c6,-146,-56,5
5,0,0,v7.2-nnue,P27,middlegame,6,37.545,b4d3,-85,-56,6
5,0,0,v7.2-nnue,P28,middlegame,4,6.250,e2d2,-18,-1,4
5,0,0,v7.2-nnue,P28,middlegame,5,9.177,e2e4,-111,-1,5
5,0,0,v7.2-nnue,P28,middlegame,6,30.577,e2d2,-108,-1,6
5,0,0,v7.2-nnue,P29,middlegame,4,3.114,f8e7,8,16,4
5,0,0,v7.2-nnue,P29,middlegame,5,7.124,a7a5,-87,16,5
5,0,0,v7.2-nnue,P29,middlegame,6,27.943,a7a6,-19,16,6
5,0,0,v7.2-nnue,P30,middlegame,4,6.312,f5f4,-65,-43,4
5,0,0,v7.2-nnue,P30,middlegame,5,8.110,f5f4,-91,-43,5
5,0,0,v7.2-nnue,P30,middlegame,6,54.637,d8a5,-117,-43,6
5,0,0,v7.2-nnue,P31,endgame,4,3.688,c5g1,-157,-385,4
5,0,0,v7.2-nnue,P31,endgame,5,2.546,c5g1,-157,-385,5
5,0,0,v7.2-nnue,P31,endgame,6,4.996,c5g1,-157,-385,6
5,0,0,v7.2-nnue,P32,endgame,4,3.638,a1a6,254,329,4
5,0,0,v7.2-nnue,P32,endgame,5,4.889,a1a6,236,329,5
5,0,0,v7.2-nnue,P32,endgame,6,13.802,f2e3,268,329,6
5,0,0,v7.2-nnue,P33,endgame,4,2.571,b4a4,-83,-13,4
5,0,0,v7.2-nnue,P33,endgame,5,3.761,b4a4,-78,-13,5
5,0,0,v7.2-nnue,P33,endgame,6,7.687,b4a4,-78,-13,6
5,0,0,v7.2-nnue,P34,endgame,4,1.982,a5a7,213,262,4
5,0,0,v7.2-nnue,P34,endgame,5,2.671,c4c5,190,262,5
5,0,0,v7.2-nnue,P34,endgame,6,3.977,c4c5,241,262,6
5,0,0,v7.2-nnue,P35,endgame,4,3.088,f2g1,20,250,4
5,0,0,v7.2-nnue,P35,endgame,5,6.564,f2g1,20,250,5
5,0,0,v7.2-nnue,P35,endgame,6,13.100,f2g1,7,250,6
5,0,0,v7.2-nnue,P36,endgame,4,3.569,e7d7,91,52,4
5,0,0,v7.2-nnue,P36,endgame,5,8.274,e7d8,39,52,5
5,0,0,v7.2-nnue,P36,endgame,6,13.525,e7d7,85,52,6
5,0,0,v7.2-nnue,P37,endgame,4,2.252,g3g7,156,58,4
5,0,0,v7.2-nnue,P37,endgame,5,3.130,g3g7,156,58,5
5,0,0,v7.2-nnue,P37,endgame,6,5.179,g3g7,156,58,6
5,0,0,v7.2-nnue,P38,endgame,4,1.855,a4b5,100,13,4
5,0,0,v7.2-nnue,P38,endgame,5,3.097,a4b5,-7,13,5
5,0,0,v7.2-nnue,P38,endgame,6,6.886,a4b5,104,13,6
5,0,0,v7.2-nnue,P39,endgame,4,4.095,d2a2,-7,12,4
5,0,0,v7.2-nnue,P39,endgame,5,7.040,d2g2,-99,12,5
5,0,0,v7.2-nnue,P39,endgame,6,12.575,d2g2,-35,12,6
5,0,0,v7.2-nnue,P40,endgame,4,5.392,e3e8,322,250,4
5,0,0,v7.2-nnue,P40,endgame,5,13.745,e3e8,283,250,5
5,0,0,v7.2-nnue,P40,endgame,6,39.286,e3e8,300,250,6
5,0,1,v7-nnue,P01,opening,4,7.705,g8f6,-63,-75,4
5,0,1,v7-nnue,P01,opening,5,7.823,g8f6,-63,-75,5
5,0,1,v7-nnue,P01,opening,6,24.264,b8d7,-69,-75,6
5,0,1,v7-nnue,P02,opening,4,5.783,d8b6,82,36,4
5,0,1,v7-nnue,P02,opening,5,11.377,b8c6,65,36,5
5,0,1,v7-nnue,P02,opening,6,40.532,d8a5,64,36,6
5,0,1,v7-nnue,P03,opening,4,5.514,e7e6,47,41,4
5,0,1,v7-nnue,P03,opening,5,10.232,e7e6,89,41,5
5,0,1,v7-nnue,P03,opening,6,29.767,e7e6,59,41,6
5,0,1,v7-nnue,P04,opening,4,5.393,d4e5,98,73,4
5,0,1,v7-nnue,P04,opening,5,8.372,d4e5,116,73,5
5,0,1,v7-nnue,P04,opening,6,23.717,b1c3,96,73,6
5,0,1,v7-nnue,P05,opening,4,7.516,e1g1,76,-22,4
5,0,1,v7-nnue,P05,opening,5,12.256,e1g1,100,-22,5
5,0,1,v7-nnue,P05,opening,6,32.744,e1g1,76,-22,6
5,0,1,v7-nnue,P06,opening,4,4.003,f1c4,80,24,4
5,0,1,v7-nnue,P06,opening,5,7.460,f1c4,63,24,5
5,0,1,v7-nnue,P06,opening,6,21.404,f1c4,49,24,6
5,0,1,v7-nnue,P07,opening,4,2.665,d6b6,73,17,4
5,0,1,v7-nnue,P07,opening,5,9.807,g8f6,44,17,5
5,0,1,v7-nnue,P07,opening,6,21.944,d6b6,23,17,6
5,0,1,v7-nnue,P08,opening,4,3.806,b8c6,-1,28,4
5,0,1,v7-nnue,P08,opening,5,7.306,b8c6,49,28,5
5,0,1,v7-nnue,P08,opening,6,29.124,b8c6,-20,28,6
5,0,1,v7-nnue,P09,opening,4,4.358,c3b5,98,160,4
5,0,1,v7-nnue,P09,opening,5,8.334,a2a4,100,160,5
5,0,1,v7-nnue,P09,opening,6,26.504,a2a4,71,160,6
5,0,1,v7-nnue,P10,opening,4,3.092,g8f6,39,28,4
5,0,1,v7-nnue,P10,opening,5,6.620,e7e5,45,28,5
5,0,1,v7-nnue,P10,opening,6,15.468,e7e5,34,28,6
5,0,1,v7-nnue,P11,opening,4,2.938,e4d5,-43,-56,4
5,0,1,v7-nnue,P11,opening,5,4.993,e4d5,29,-56,5
5,0,1,v7-nnue,P11,opening,6,15.294,e4e5,-25,-56,6
5,0,1,v7-nnue,P12,opening,4,6.432,d8b6,-95,-45,4
5,0,1,v7-nnue,P12,opening,5,11.589,c8d7,-39,-45,5
5,0,1,v7-nnue,P12,opening,6,23.872,d8b6,-62,-45,6
5,0,1,v7-nnue,P13,opening,4,2.180,b8c6,-31,26,4
5,0,1,v7-nnue,P13,opening,5,3.451,e7e6,21,26,5
5,0,1,v7-nnue,P13,opening,6,9.863,e7e5,-1,26,6
5,0,1,v7-nnue,P14,opening,4,4.097,c6d4,40,-78,4
5,0,1,v7-nnue,P14,opening,5,10.617,c6d4,57,-78,5
5,0,1,v7-nnue,P14,opening,6,21.877,c6d4,57,-78,6
5,0,1,v7-nnue,P15,middlegame,4,6.026,h4g3,-9,67,4
5,0,1,v7-nnue,P15,middlegame,5,8.542,h4g3,-6,67,5
5,0,1,v7-nnue,P15,middlegame,6,40.464,h4g3,30,67,6
5,0,1,v7-nnue,P16,middlegame,4,4.003,a6a5,-102,-83,4
5,0,1,v7-nnue,P16,middlegame,5,7.479,a6a5,-72,-83,5
5,0,1,v7-nnue,P16,middlegame,6,24.631,c8b7,-118,-83,6
5,0,1,v7-nnue,P17,middlegame,4,5.643,a7a6,-102,-92,4
5,0,1,v7-nnue,P17,middlegame,5,15.980,c6b4,-71,-92,5
5,0,1,v7-nnue,P17,middlegame,6,37.879,e7f5,-58,-92,6
5,0,1,v7-nnue,P18,middlegame,4,4.450,c1a3,199,140,4
5,0,1,v7-nnue,P18,middlegame,5,12.291,g4d7,187,140,5
5,0,1,v7-nnue,P18,middlegame,6,23.376,c1a3,180,140,6
5,0,1,v7-nnue,P19,middlegame,4,1.652,c4d5,145,-176,4
5,0,1,v7-nnue,P19,middlegame,5,2.274,c4d5,128,-176,5
5,0,1,v7-nnue,P19,middlegame,6,4.056,c4d5,122,-176,6
5,0,1,v7-nnue,P20,middlegame,4,3.921,h7h6,45,2,4
5,0,1,v7-nnue,P20,middlegame,5,10.598,h7h6,50,2,5
5,0,1,v7-nnue,P20,middlegame,6,28.760,f8e8,43,2,6
5,0,1,v7-nnue,P21,middlegame,4,5.734,e8g8,-28,-83,4
5,0,1,v7-nnue,P21,middlegame,5,8.263,e8g8,12,-83,5
5,0,1,v7-nnue,P21,middlegame,6,28.215,e8g8,-20,-83,6
5,0,1,v7-nnue,P22,middlegame,4,6.492,e4f5,-14,54,4
5,0,1,v7-nnue,P22,middlegame,5,16.492,e2e3,-25,54,5
5,0,1,v7-nnue,P22,middlegame,6,38.318,e2e3,-19,54,6
5,0,1,v7-nnue,P23,middlegame,4,4.013,e7d6,41,20,4
5,0,1,v7-nnue,P23,middlegame,5,7.440,e7d6,99,20,5
5,0,1,v7-nnue,P23,middlegame,6,12.011,e7d6,76,20,6
5,0,1,v7-nnue,P24,middlegame,4,7.397,f4e3,72,90,4
5,0,1,v7-nnue,P24,middlegame,5,16.192,d3e5,68,90,5
5,0,1,v7-nnue,P24,middlegame,6,45.686,d3e5,64,90,6
5,0,1,v7-nnue,P25,middlegame,4,3.618,d7f6,-101,-94,4
5,0,1,v7-nnue,P25,middlegame,5,8.338,d7f6,-72,-94,5
5,0,1,v7-nnue,P25,middlegame,6,13.697,d7f6,-72,-94,6
5,0,1,v7-nnue,P26,middlegame,4,3.418,g8g7,-99,-202,4
5,0,1,v7-nnue,P26,middlegame,5,5.503,g8g7,-119,-202,5
5,0,1,v7-nnue,P26,middlegame,6,13.622,g8g7,-129,-202,6
5,0,1,v7-nnue,P27,middlegame,4,3.587,b4d3,-90,-187,4
5,0,1,v7-nnue,P27,middlegame,5,6.552,b4d3,-75,-187,5
5,0,1,v7-nnue,P27,middlegame,6,14.976,g5f3,-27,-187,6
5,0,1,v7-nnue,P28,middlegame,4,6.297,e2e4,-91,-116,4
5,0,1,v7-nnue,P28,middlegame,5,12.167,c3c1,-113,-116,5
5,0,1,v7-nnue,P28,middlegame,6,23.252,c3c1,-113,-116,6
5,0,1,v7-nnue,P29,middlegame,4,3.520,f8e7,-76,-75,4
5,0,1,v7-nnue,P29,middlegame,5,5.590,f8e7,-76,-75,5
5,0,1,v7-nnue,P29,middlegame,6,18.762,a7a6,-45,-75,6
5,0,1,v7-nnue,P30,middlegame,4,4.116,d8h4,-113,-137,4
5,0,1,v7-nnue,P30,middlegame,5,8.882,d8h4,-105,-137,5
5,0,1,v7-nnue,P30,middlegame,6,26.700,d8h4,-118,-137,6
5,0,1,v7-nnue,P31,endgame,4,2.194,c5g1,-134,-426,4
5,0,1,v7-nnue,P31,endgame,5,2.456,c5g1,-134,-426,5
5,0,1,v7-nnue,P31,endgame,6,4.825,c5g1,-134,-426,6
5,0,1,v7-nnue,P32,endgame,4,3.302,f2f3,258,245,4
5,0,1,v7-nnue,P32,endgame,5,7.519,a1a6,266,245,5
5,0,1,v7-nnue,P32,endgame,6,18.948,f2e3,248,245,6
5,0,1,v7-nnue,P33,endgame,4,2.770,e1c1,-91,-91,4
5,0,1,v7-nnue,P33,endgame,5,5.864,b4a4,-73,-91,5
5,0,1,v7-nnue,P33,endgame,6,11.186,b4a4,-93,-91,6
5,0,1,v7-nnue,P34,endgame,4,1.644,a5a6,95,105,4
5,0,1,v7-nnue,P34,endgame,5,2.233,a5a6,137,105,5
5,0,1,v7-nnue,P34,endgame,6,3.697,a5a6,95,105,6
5,0,1,v7-nnue,P35,endgame,4,2.716,f2g1,-16,32,4
5,0,1,v7-nnue,P35,endgame,5,5.020,f2g1,-16,32,5
5,0,1,v7-nnue,P35,endgame,6,10.517,f2g1,-16,32,6
5,0,1,v7-nnue,P36,endgame,4,3.135,g1h1,25,25,4
5,0,1,v7-nnue,P36,endgame,5,4.814,e7d8,40,25,5
5,0,1,v7-nnue,P36,endgame,6,10.537,e7d8,40,25,6
5,0,1,v7-nnue,P37,endgame,4,2.247,g3g7,216,-35,4
5,0,1,v7-nnue,P37,endgame,5,2.796,g3g7,216,-35,5
5,0,1,v7-nnue,P37,endgame,6,4.594,g3g7,216,-35,6
5,0,1,v7-nnue,P38,endgame,4,2.080,a4b5,-67,-116,4
5,0,1,v7-nnue,P38,endgame,5,2.812,a4b5,-19,-116,5
5,0,1,v7-nnue,P38,endgame,6,5.001,a4b5,-16,-116,6
5,0,1,v7-nnue,P39,endgame,4,2.590,d2g2,26,-20,4
5,0,1,v7-nnue,P39,endgame,5,4.166,d2g2,26,-20,5
5,0,1,v7-nnue,P39,endgame,6,14.052,d2a2,-2,-20,6
5,0,1,v7-nnue,P40,endgame,4,5.036,e3d3,131,12,4
5,0,1,v7-nnue,P40,endgame,5,16.165,e3e8,147,12,5
5,0,1,v7-nnue,P40,endgame,6,31.204,e3d4,168,12,6
5,0,2,v7,P01,opening,4,7.614,g8f6,-63,-75,4
5,0,2,v7,P01,opening,5,7.904,g8f6,-63,-75,5
5,0,2,v7,P01,opening,6,23.830,b8d7,-69,-75,6
5,0,2,v7,P02,opening,4,5.689,d8b6,82,36,4
5,0,2,v7,P02,opening,5,11.205,b8c6,65,36,5
5,0,2,v7,P02,opening,6,40.316,d8a5,64,36,6
5,0,2,v7,P03,opening,4,5.109,e7e6,47,41,4
5,0,2,v7,P03,opening,5,10.160,e7e6,89,41,5
5,0,2,v7,P03,opening,6,29.691,e7e6,59,41,6
5,0,2,v7,P04,opening,4,5.362,d4e5,98,73,4
5,0,2,v7,P04,opening,5,8.355,d4e5,116,73,5
5,0,2,v7,P04,opening,6,23.617,b1c3,96,73,6
5,0,2,v7,P05,opening,4,7.504,e1g1,76,-22,4
5,0,2,v7,P05,opening,5,12.201,e1g1,100,-22,5
5,0,2,v7,P05,opening,6,32.549,e1g1,76,-22,6
5,0,2,v7,P06,opening,4,4.027,f1c4,80,24,4
5,0,2,v7,P06,opening,5,7.508,f1c4,63,24,5
5,0,2,v7,P06,opening,6,21.582,f1c4,49,24,6
5,0,2,v7,P07,opening,4,2.647,d6b6,73,17,4
5,0,2,v7,P07,opening,5,9.796,g8f6,44,17,5
5,0,2,v7,P07,opening,6,21.915,d6b6,23,17,6
5,0,2,v7,P08,opening,4,3.792,b8c6,-1,28,4
5,0,2,v7,P08,opening,5,7.291,b8c6,49,28,5
5,0,2,v7,P08,opening,6,28.953,b8c6,-20,28,6
5,0,2,v7,P09,opening,4,4.405,c3b5,98,160,4
5,0,2,v7,P09,opening,5,8.332,a2a4,100,160,5
5,0,2,v7,P09,opening,6,26.378,a2a4,71,160,6
5,0,2,v7,P10,opening,4,3.139,g8f6,39,28,4
5,0,2,v7,P10,opening,5,6.564,e7e5,45,28,5
5,0,2,v7,P10,opening,6,15.352,e7e5,34,28,6
5,0,2,v7,P11,opening,4,2.943,e4d5,-43,-56,4
5,0,2,v7,P11,opening,5,4.957,e4d5,29,-56,5
5,0,2,v7,P11,opening,6,15.176,e4e5,-25,-56,6
5,0,2,v7,P12,opening,4,6.414,d8b6,-95,-45,4
5,0,2,v7,P12,opening,5,11.465,c8d7,-39,-45,5
5,0,2,v7,P12,opening,6,23.746,d8b6,-62,-45,6
5,0,2,v7,P13,opening,4,2.130,b8c6,-31,26,4
5,0,2,v7,P13,opening,5,3.433,e7e6,21,26,5
5,0,2,v7,P13,opening,6,9.795,e7e5,-1,26,6
5,0,2,v7,P14,opening,4,4.137,c6d4,40,-78,4
5,0,2,v7,P14,opening,5,10.508,c6d4,57,-78,5
5,0,2,v7,P14,opening,6,21.860,c6d4,57,-78,6
5,0,2,v7,P15,middlegame,4,6.015,h4g3,-9,67,4
5,0,2,v7,P15,middlegame,5,8.353,h4g3,-6,67,5
5,0,2,v7,P15,middlegame,6,40.597,h4g3,30,67,6
5,0,2,v7,P16,middlegame,4,4.054,a6a5,-102,-83,4
5,0,2,v7,P16,middlegame,5,7.460,a6a5,-72,-83,5
5,0,2,v7,P16,middlegame,6,24.648,c8b7,-118,-83,6
5,0,2,v7,P17,middlegame,4,5.589,a7a6,-102,-92,4
5,0,2,v7,P17,middlegame,5,15.990,c6b4,-71,-92,5
5,0,2,v7,P17,middlegame,6,37.847,e7f5,-58,-92,6
5,0,2,v7,P18,middlegame,4,4.448,c1a3,199,140,4
5,0,2,v7,P18,middlegame,5,12.699,g4d7,187,140,5
5,0,2,v7,P18,middlegame,6,22.680,c1a3,180,140,6
5,0,2,v7,P19,middlegame,4,1.671,c4d5,145,-176,4
5,0,2,v7,P19,middlegame,5,2.241,c4d5,128,-176,5
5,0,2,v7,P19,middlegame,6,4.419,c4d5,122,-176,6
5,0,2,v7,P20,middlegame,4,6.402,h7h6,45,2,4
5,0,2,v7,P20,middlegame,5,10.781,h7h6,50,2,5
5,0,2,v7,P20,middlegame,6,28.808,f8e8,43,2,6
5,0,2,v7,P21,middlegame,4,5.561,e8g8,-28,-83,4
5,0,2,v7,P21,middlegame,5,8.190,e8g8,12,-83,5
5,0,2,v7,P21,middlegame,6,28.132,e8g8,-20,-83,6
5,0,2,v7,P22,middlegame,4,6.387,e4f5,-14,54,4
5,0,2,v7,P22,middlegame,5,16.056,e2e3,-25,54,5
5,0,2,v7,P22,middlegame,6,40.230,e2e3,-19,54,6
5,0,2,v7,P23,middlegame,4,3.788,e7d6,41,20,4
5,0,2,v7,P23,middlegame,5,7.361,e7d6,99,20,5
5,0,2,v7,P23,middlegame,6,12.007,e7d6,76,20,6
5,0,2,v7,P24,middlegame,4,7.461,f4e3,72,90,4
5,0,2,v7,P24,middlegame,5,16.569,d3e5,68,90,5
5,0,2,v7,P24,middlegame,6,47.387,d3e5,64,90,6
5,0,2,v7,P25,middlegame,4,3.570,d7f6,-101,-94,4
5,0,2,v7,P25,middlegame,5,8.373,d7f6,-72,-94,5
5,0,2,v7,P25,middlegame,6,13.679,d7f6,-72,-94,6
5,0,2,v7,P26,middlegame,4,3.451,g8g7,-99,-202,4
5,0,2,v7,P26,middlegame,5,5.738,g8g7,-119,-202,5
5,0,2,v7,P26,middlegame,6,13.893,g8g7,-129,-202,6
5,0,2,v7,P27,middlegame,4,3.378,b4d3,-90,-187,4
5,0,2,v7,P27,middlegame,5,6.576,b4d3,-75,-187,5
5,0,2,v7,P27,middlegame,6,15.185,g5f3,-27,-187,6
5,0,2,v7,P28,middlegame,4,6.324,e2e4,-91,-116,4
5,0,2,v7,P28,middlegame,5,13.464,c3c1,-113,-116,5
5,0,2,v7,P28,middlegame,6,25.400,c3c1,-113,-116,6
5,0,2,v7,P29,middlegame,4,3.781,f8e7,-76,-75,4
5,0,2,v7,P29,middlegame,5,5.925,f8e7,-76,-75,5
5,0,2,v7,P29,middlegame,6,20.620,a7a6,-45,-75,6
5,0,2,v7,P30,middlegame,4,4.516,d8h4,-113,-137,4
5,0,2,v7,P30,middlegame,5,9.607,d8h4,-105,-137,5
5,0,2,v7,P30,middlegame,6,28.643,d8h4,-118,-137,6
5,0,2,v7,P31,endgame,4,2.280,c5g1,-134,-426,4
5,0,2,v7,P31,endgame,5,2.468,c5g1,-134,-426,5
5,0,2,v7,P31,endgame,6,4.791,c5g1,-134,-426,6
5,0,2,v7,P32,endgame,4,3.370,f2f3,258,245,4
5,0,2,v7,P32,endgame,5,7.465,a1a6,266,245,5
5,0,2,v7,P32,endgame,6,19.071,f2e3,248,245,6
5,0,2,v7,P33,endgame,4,2.763,e1c1,-91,-91,4
5,0,2,v7,P33,endgame,5,5.659,b4a4,-73,-91,5
5,0,2,v7,P33,endgame,6,10.913,b4a4,-93,-91,6
5,0,2,v7,P34,endgame,4,1.647,a5a6,95,105,4
5,0,2,v7,P34,endgame,5,2.257,a5a6,137,105,5
5,0,2,v7,P34,endgame,6,3.612,a5a6,95,105,6
5,0,2,v7,P35,endgame,4,2.702,f2g1,-16,32,4
5,0,2,v7,P35,endgame,5,5.125,f2g1,-16,32,5
5,0,2,v7,P35,endgame,6,10.167,f2g1,-16,32,6
5,0,2,v7,P36,endgame,4,3.127,g1h1,25,25,4
5,0,2,v7,P36,endgame,5,4.695,e7d8,40,25,5
5,0,2,v7,P36,endgame,6,10.578,e7d8,40,25,6
5,0,2,v7,P37,endgame,4,2.243,g3g7,216,-35,4
5,0,2,v7,P37,endgame,5,2.860,g3g7,216,-35,5
5,0,2,v7,P37,endgame,6,4.447,g3g7,216,-35,6
5,0,2,v7,P38,endgame,4,2.073,a4b5,-67,-116,4
5,0,2,v7,P38,endgame,5,2.749,a4b5,-19,-116,5
5,0,2,v7,P38,endgame,6,4.939,a4b5,-16,-116,6
5,0,2,v7,P39,endgame,4,2.760,d2g2,26,-20,4
5,0,2,v7,P39,endgame,5,4.109,d2g2,26,-20,5
5,0,2,v7,P39,endgame,6,14.359,d2a2,-2,-20,6
5,0,2,v7,P40,endgame,4,5.050,e3d3,131,12,4
5,0,2,v7,P40,endgame,5,16.524,e3e8,147,12,5
5,0,2,v7,P40,endgame,6,32.586,e3d4,168,12,6
5,0,3,v6.1-stack,P01,opening,4,7.547,g8f6,,-53,4
5,0,3,v6.1-stack,P01,opening,5,9.787,g8f6,,-53,5
5,0,3,v6.1-stack,P01,opening,6,24.017,b8c6,,-53,6
5,0,3,v6.1-stack,P02,opening,4,4.541,b8c6,,20,4
5,0,3,v6.1-stack,P02,opening,5,17.206,e8g8,,20,5
5,0,3,v6.1-stack,P02,opening,6,48.603,d8a5,,20,6
5,0,3,v6.1-stack,P03,opening,4,6.894,a7a5,,27,4
5,0,3,v6.1-stack,P03,opening,5,17.029,c8e6,,27,5
5,0,3,v6.1-stack,P03,opening,6,39.906,a7a5,,27,6
5,0,3,v6.1-stack,P04,opening,4,5.093,e1g1,,18,4
5,0,3,v6.1-stack,P04,opening,5,16.721,d4e5,,18,5
5,0,3,v6.1-stack,P04,opening,6,27.041,d4e5,,18,6
5,0,3,v6.1-stack,P05,opening,4,4.281,e1g1,,-11,4
5,0,3,v6.1-stack,P05,opening,5,10.461,e1g1,,-11,5
5,0,3,v6.1-stack,P05,opening,6,36.765,e1g1,,-11,6
5,0,3,v6.1-stack,P06,opening,4,5.957,f1c4,,-19,4
5,0,3,v6.1-stack,P06,opening,5,9.250,f1c4,,-19,5
5,0,3,v6.1-stack,P06,opening,6,31.078,f1c4,,-19,6
5,0,3,v6.1-stack,P07,opening,4,4.288,d6b6,,-26,4
5,0,3,v6.1-stack,P07,opening,5,19.124,g8f6,,-26,5
5,0,3,v6.1-stack,P07,opening,6,24.723,g8f6,,-26,6
5,0,3,v6.1-stack,P08,opening,4,3.647,g8f6,,19,4
5,0,3,v6.1-stack,P08,opening,5,8.598,g8f6,,19,5
5,0,3,v6.1-stack,P08,opening,6,31.500,b8c6,,19,6
5,0,3,v6.1-stack,P09,opening,4,6.566,e3e4,,158,4
5,0,3,v6.1-stack,P09,opening,5,10.964,d3c2,,158,5
5,0,3,v6.1-stack,P09,opening,6,40.617,d3c2,,158,6
5,0,3,v6.1-stack,P10,opening,4,4.720,e7e5,,13,4
5,0,3,v6.1-stack,P10,opening,5,12.942,e7e5,,13,5
5,0,3,v6.1-stack,P10,opening,6,23.106,e7e5,,13,6
5,0,3,v6.1-stack,P11,opening,4,4.370,f1d3,,-55,4
5,0,3,v6.1-stack,P11,opening,5,8.516,e4d5,,-55,5
5,0,3,v6.1-stack,P11,opening,6,27.723,e4e5,,-55,6
5,0,3,v6.1-stack,P12,opening,4,6.188,c8d7,,-14,4
5,0,3,v6.1-stack,P12,opening,5,9.585,c8d7,,-14,5
5,0,3,v6.1-stack,P12,opening,6,19.169,c8d7,,-14,6
5,0,3,v6.1-stack,P13,opening,4,2.792,b8c6,,-1,4
5,0,3,v6.1-stack,P13,opening,5,3.628,b8c6,,-1,5
5,0,3,v6.1-stack,P13,opening,6,17.248,e7e6,,-1,6
5,0,3,v6.1-stack,P14,opening,4,3.632,c6d4,,-37,4
5,0,3,v6.1-stack,P14,opening,5,9.111,c6d4,,-37,5
5,0,3,v6.1-stack,P14,opening,6,26.251,c6d4,,-37,6
5,0,3,v6.1-stack,P15,middlegame,4,6.369,h4g3,,76,4
5,0,3,v6.1-stack,P15,middlegame,5,12.867,h4g3,,76,5
5,0,3,v6.1-stack,P15,middlegame,6,33.235,h4g3,,76,6
5,0,3,v6.1-stack,P16,middlegame,4,3.418,a6a5,,-97,4
5,0,3,v6.1-stack,P16,middlegame,5,8.852,a6a5,,-97,5
5,0,3,v6.1-stack,P16,middlegame,6,28.078,c8b7,,-97,6
5,0,3,v6.1-stack,P17,middlegame,4,5.368,c6b4,,-124,4
5,0,3,v6.1-stack,P17,middlegame,5,11.368,c6b4,,-124,5
5,0,3,v6.1-stack,P17,middlegame,6,39.562,e7f5,,-124,6
5,0,3,v6.1-stack,P18,middlegame,4,4.960,c1a3,,117,4
5,0,3,v6.1-stack,P18,middlegame,5,14.792,c1e3,,117,5
5,0,3,v6.1-stack,P18,middlegame,6,32.923,c1e3,,117,6
5,0,3,v6.1-stack,P19,middlegame,4,2.061,c4d5,,-197,4
5,0,3,v6.1-stack,P19,middlegame,5,2.770,c4d5,,-197,5
5,0,3,v6.1-stack,P19,middlegame,6,3.932,c4d5,,-197,6
5,0,3,v6.1-stack,P20,middlegame,4,4.397,h7h6,,40,4
5,0,3,v6.1-stack,P20,middlegame,5,13.374,h7h6,,40,5
5,0,3,v6.1-stack,P20,middlegame,6,49.276,d8d7,,40,6
5,0,3,v6.1-stack,P21,middlegame,4,6.190,e7d5,,-46,4
5,0,3,v6.1-stack,P21,middlegame,5,10.844,e7d5,,-46,5
5,0,3,v6.1-stack,P21,middlegame,6,35.565,e7d5,,-46,6
5,0,3,v6.1-stack,P22,middlegame,4,8.189,g1h1,,69,4
5,0,3,v6.1-stack,P22,middlegame,5,14.880,g1h1,,69,5
5,0,3,v6.1-stack,P22,middlegame,6,32.523,g1h1,,69,6
5,0,3,v6.1-stack,P23,middlegame,4,4.532,e7f6,,33,4
5,0,3,v6.1-stack,P23,middlegame,5,8.673,f8e8,,33,5
5,0,3,v6.1-stack,P23,middlegame,6,29.017,e7d6,,33,6
5,0,3,v6.1-stack,P24,middlegame,4,8.454,b5c6,,156,4
5,0,3,v6.1-stack,P24,middlegame,5,13.918,b5c6,,156,5
5,0,3,v6.1-stack,P24,middlegame,6,38.235,b5c6,,156,6
5,0,3,v6.1-stack,P25,middlegame,4,4.381,d7f6,,-100,4
5,0,3,v6.1-stack,P25,middlegame,5,12.604,d7b6,,-100,5
5,0,3,v6.1-stack,P25,middlegame,6,19.788,d7b6,,-100,6
5,0,3,v6.1-stack,P26,middlegame,4,5.203,g8g7,,-298,4
5,0,3,v6.1-stack,P26,middlegame,5,8.348,g8g7,,-298,5
5,0,3,v6.1-stack,P26,middlegame,6,17.643,g8g7,,-298,6
5,0,3,v6.1-stack,P27,middlegame,4,3.683,b4c6,,-98,4
5,0,3,v6.1-stack,P27,middlegame,5,5.978,b4c6,,-98,5
5,0,3,v6.1-stack,P27,middlegame,6,18.758,b4c6,,-98,6
5,0,3,v6.1-stack,P28,middlegame,4,4.388,c3d3,,-86,4
5,0,3,v6.1-stack,P28,middlegame,5,6.867,c3d3,,-86,5
5,0,3,v6.1-stack,P28,middlegame,6,14.917,c3d3,,-86,6
5,0,3,v6.1-stack,P29,middlegame,4,5.495,d8e8,,-52,4
5,0,3,v6.1-stack,P29,middlegame,5,12.395,c8b8,,-52,5
5,0,3,v6.1-stack,P29,middlegame,6,23.281,d8e8,,-52,6
5,0,3,v6.1-stack,P30,middlegame,4,4.906,a6b4,,-100,4
5,0,3,v6.1-stack,P30,middlegame,5,16.732,f5f4,,-100,5
5,0,3,v6.1-stack,P30,middlegame,6,31.547,f5f4,,-100,6
5,0,3,v6.1-stack,P31,endgame,4,2.276,c5g1,,-280,4
5,0,3,v6.1-stack,P31,endgame,5,2.228,c5g1,,-280,5
5,0,3,v6.1-stack,P31,endgame,6,3.743,c5g1,,-280,6
5,0,3,v6.1-stack,P32,endgame,4,2.142,f2e3,,156,4
5,0,3,v6.1-stack,P32,endgame,5,3.487,f2e3,,156,5
5,0,3,v6.1-stack,P32,endgame,6,6.789,f2e3,,156,6
5,0,3,v6.1-stack,P33,endgame,4,2.915,b4a4,,-113,4
5,0,3,v6.1-stack,P33,endgame,5,3.729,b4a4,,-113,5
5,0,3,v6.1-stack,P33,endgame,6,7.349,b4a4,,-113,6
5,0,3,v6.1-stack,P34,endgame,4,1.600,a5a8,,341,4
5,0,3,v6.1-stack,P34,endgame,5,1.770,a5a8,,341,5
5,0,3,v6.1-stack,P34,endgame,6,2.252,a5a8,,341,6
5,0,3,v6.1-stack,P35,endgame,4,3.080,f2g1,,36,4
5,0,3,v6.1-stack,P35,endgame,5,6.901,f2g1,,36,5
5,0,3,v6.1-stack,P35,endgame,6,11.433,f2g1,,36,6
5,0,3,v6.1-stack,P36,endgame,4,2.650,g1f2,,-23,4
5,0,3,v6.1-stack,P36,endgame,5,3.029,g1f2,,-23,5
5,0,3,v6.1-stack,P36,endgame,6,6.116,g1f2,,-23,6
5,0,3,v6.1-stack,P37,endgame,4,2.163,g3g7,,23,4
5,0,3,v6.1-stack,P37,endgame,5,2.859,g3g7,,23,5
5,0,3,v6.1-stack,P37,endgame,6,5.246,g3g7,,23,6
5,0,3,v6.1-stack,P38,endgame,4,2.040,a4b5,,-15,4
5,0,3,v6.1-stack,P38,endgame,5,2.624,a4b5,,-15,5
5,0,3,v6.1-stack,P38,endgame,6,3.936,a4b5,,-15,6
5,0,3,v6.1-stack,P39,endgame,4,2.217,d2g2,,-37,4
5,0,3,v6.1-stack,P39,endgame,5,2.958,d2g2,,-37,5
5,0,3,v6.1-stack,P39,endgame,6,9.489,d2a2,,-37,6
5,0,3,v6.1-stack,P40,endgame,4,4.578,e3e8,,99,4
5,0,3,v6.1-stack,P40,endgame,5,6.124,e3e8,,99,5
5,0,3,v6.1-stack,P40,endgame,6,16.915,a4a5,,99,6
5,0,4,v6-ordering,P01,opening,4,7.957,g8f6,,-53,4
5,0,4,v6-ordering,P01,opening,5,11.484,g8f6,,-53,5
5,0,4,v6-ordering,P01,opening,6,28.356,b8c6,,-53,6
5,0,4,v6-ordering,P02,opening,4,5.136,b8c6,,20,4
5,0,4,v6-ordering,P02,opening,5,20.480,e8g8,,20,5
5,0,4,v6-ordering,P02,opening,6,58.405,d8a5,,20,6
5,0,4,v6-ordering,P03,opening,4,8.103,a7a5,,27,4
5,0,4,v6-ordering,P03,opening,5,20.247,c8e6,,27,5
5,0,4,v6-ordering,P03,opening,6,47.399,a7a5,,27,6
5,0,4,v6-ordering,P04,opening,4,5.877,e1g1,,18,4
5,0,4,v6-ordering,P04,opening,5,19.913,d4e5,,18,5
5,0,4,v6-ordering,P04,opening,6,32.045,d4e5,,18,6
5,0,4,v6-ordering,P05,opening,4,4.861,e1g1,,-11,4
5,0,4,v6-ordering,P05,opening,5,12.129,e1g1,,-11,5
5,0,4,v6-ordering,P05,opening,6,44.570,e1g1,,-11,6
5,0,4,v6-ordering,P06,opening,4,6.902,f1c4,,-19,4
5,0,4,v6-ordering,P06,opening,5,10.959,f1c4,,-19,5
5,0,4,v6-ordering,P06,opening,6,37.015,f1c4,,-19,6
5,0,4,v6-ordering,P07,opening,4,5.027,d6b6,,-26,4
5,0,4,v6-ordering,P07,opening,5,23.288,g8f6,,-26,5
5,0,4,v6-ordering,P07,opening,6,29.739,g8f6,,-26,6
5,0,4,v6-ordering,P08,opening,4,4.280,g8f6,,19,4
5,0,4,v6-ordering,P08,opening,5,10.437,g8f6,,19,5
5,0,4,v6-ordering,P08,opening,6,38.174,b8c6,,19,6
5,0,4,v6-ordering,P09,opening,4,7.766,e3e4,,158,4
5,0,4,v6-ordering,P09,opening,5,12.765,d3c2,,158,5
5,0,4,v6-ordering,P09,opening,6,47.512,d3c2,,158,6
5,0,4,v6-ordering,P10,opening,4,5.476,e7e5,,13,4
5,0,4,v6-ordering,P10,opening,5,15.797,e7e5,,13,5
5,0,4,v6-ordering,P10,opening,6,27.781,e7e5,,13,6
5,0,4,v6-ordering,P11,opening,4,9.619,f1d3,,-55,4
5,0,4,v6-ordering,P11,opening,5,10.713,e4d5,,-55,5
5,0,4,v6-ordering,P11,opening,6,33.229,e4e5,,-55,6
5,0,4,v6-ordering,P12,opening,4,7.445,c8d7,,-14,4
5,0,4,v6-ordering,P12,opening,5,11.657,c8d7,,-14,5
5,0,4,v6-ordering,P12,opening,6,23.371,c8d7,,-14,6
5,0,4,v6-ordering,P13,opening,4,3.024,b8c6,,-1,4
5,0,4,v6-ordering,P13,opening,5,4.184,b8c6,,-1,5
5,0,4,v6-ordering,P13,opening,6,20.543,e7e6,,-1,6
5,0,4,v6-ordering,P14,opening,4,4.067,c6d4,,-37,4
5,0,4,v6-ordering,P14,opening,5,11.310,c6d4,,-37,5
5,0,4,v6-ordering,P14,opening,6,33.036,c6d4,,-37,6
5,0,4,v6-ordering,P15,middlegame,4,7.567,h4g3,,76,4
5,0,4,v6-ordering,P15,middlegame,5,15.245,h4g3,,76,5
5,0,4,v6-ordering,P15,middlegame,6,39.950,h4g3,,76,6
5,0,4,v6-ordering,P16,middlegame,4,3.739,a6a5,,-97,4
5,0,4,v6-ordering,P16,middlegame,5,10.785,a6a5,,-97,5
5,0,4,v6-ordering,P16,middlegame,6,34.838,c8b7,,-97,6
5,0,4,v6-ordering,P17,middlegame,4,6.267,c6b4,,-124,4
5,0,4,v6-ordering,P17,middlegame,5,13.199,c6b4,,-124,5
5,0,4,v6-ordering,P17,middlegame,6,47.096,e7f5,,-124,6
5,0,4,v6-ordering,P18,middlegame,4,5.768,c1a3,,117,4
5,0,4,v6-ordering,P18,middlegame,5,18.414,c1e3,,117,5
5,0,4,v6-ordering,P18,middlegame,6,43.225,c1e3,,117,6
5,0,4,v6-ordering,P19,middlegame,4,2.582,c4d5,,-197,4
5,0,4,v6-ordering,P19,middlegame,5,3.274,c4d5,,-197,5
5,0,4,v6-ordering,P19,middlegame,6,4.765,c4d5,,-197,6
5,0,4,v6-ordering,P20,middlegame,4,4.998,h7h6,,40,4
5,0,4,v6-ordering,P20,middlegame,5,15.999,h7h6,,40,5
5,0,4,v6-ordering,P20,middlegame,6,58.459,d8d7,,40,6
5,0,4,v6-ordering,P21,middlegame,4,7.330,e7d5,,-46,4
5,0,4,v6-ordering,P21,middlegame,5,13.182,e7d5,,-46,5
5,0,4,v6-ordering,P21,middlegame,6,44.668,e7d5,,-46,6
5,0,4,v6-ordering,P22,middlegame,4,9.845,g1h1,,69,4
5,0,4,v6-ordering,P22,middlegame,5,18.407,g1h1,,69,5
5,0,4,v6-ordering,P22,middlegame,6,40.009,g1h1,,69,6
5,0,4,v6-ordering,P23,middlegame,4,5.183,e7f6,,33,4
5,0,4,v6-ordering,P23,middlegame,5,9.942,f8e8,,33,5
5,0,4,v6-ordering,P23,middlegame,6,35.314,e7d6,,33,6
5,0,4,v6-ordering,P24,middlegame,4,10.002,b5c6,,156,4
5,0,4,v6-ordering,P24,middlegame,5,16.354,b5c6,,156,5
5,0,4,v6-ordering,P24,middlegame,6,44.558,b5c6,,156,6
5,0,4,v6-ordering,P25,middlegame,4,5.055,d7f6,,-100,4
5,0,4,v6-ordering,P25,middlegame,5,15.382,d7b6,,-100,5
5,0,4,v6-ordering,P25,middlegame,6,23.836,d7b6,,-100,6
5,0,4,v6-ordering,P26,middlegame,4,4.157,g8g7,,-298,4
5,0,4,v6-ordering,P26,middlegame,5,8.052,g8g7,,-298,5
5,0,4,v6-ordering,P26,middlegame,6,20.112,g8g7,,-298,6
5,0,4,v6-ordering,P27,middlegame,4,4.430,b4c6,,-98,4
5,0,4,v6-ordering,P27,middlegame,5,7.510,b4c6,,-98,5
5,0,4,v6-ordering,P27,middlegame,6,23.157,b4c6,,-98,6
5,0,4,v6-ordering,P28,middlegame,4,5.593,c3d3,,-86,4
5,0,4,v6-ordering,P28,middlegame,5,8.747,c3d3,,-86,5
5,0,4,v6-ordering,P28,middlegame,6,19.639,c3d3,,-86,6
5,0,4,v6-ordering,P29,middlegame,4,6.225,d8e8,,-52,4
5,0,4,v6-ordering,P29,middlegame,5,14.710,c8b8,,-52,5
5,0,4,v6-ordering,P29,middlegame,6,28.368,d8e8,,-52,6
5,0,4,v6-ordering,P30,middlegame,4,5.692,a6b4,,-100,4
5,0,4,v6-ordering,P30,middlegame,5,20.267,f5f4,,-100,5
5,0,4,v6-ordering,P30,middlegame,6,38.539,f5f4,,-100,6
5,0,4,v6-ordering,P31,endgame,4,2.555,c5g1,,-280,4
5,0,4,v6-ordering,P31,endgame,5,2.621,c5g1,,-280,5
5,0,4,v6-ordering,P31,endgame,6,4.809,c5g1,,-280,6
5,0,4,v6-ordering,P32,endgame,4,3.350,f2e3,,156,4
5,0,4,v6-ordering,P32,endgame,5,4.300,f2e3,,156,5
5,0,4,v6-ordering,P32,endgame,6,8.939,f2e3,,156,6
5,0,4,v6-ordering,P33,endgame,4,3.489,b4a4,,-113,4
5,0,4,v6-ordering,P33,endgame,5,4.862,b4a4,,-113,5
5,0,4,v6-ordering,P33,endgame,6,9.608,b4a4,,-113,6
5,0,4,v6-ordering,P34,endgame,4,1.662,a5a8,,341,4
5,0,4,v6-ordering,P34,endgame,5,1.990,a5a8,,341,5
5,0,4,v6-ordering,P34,endgame,6,2.598,a5a8,,341,6
5,0,4,v6-ordering,P35,endgame,4,4.018,f2g1,,36,4
5,0,4,v6-ordering,P35,endgame,5,9.667,f2g1,,36,5
5,0,4,v6-ordering,P35,endgame,6,16.622,f2g1,,36,6
5,0,4,v6-ordering,P36,endgame,4,2.801,g1f2,,-23,4
5,0,4,v6-ordering,P36,endgame,5,3.813,g1f2,,-23,5
5,0,4,v6-ordering,P36,endgame,6,7.914,g1f2,,-23,6
5,0,4,v6-ordering,P37,endgame,4,2.411,g3g7,,23,4
5,0,4,v6-ordering,P37,endgame,5,4.079,g3g7,,23,5
5,0,4,v6-ordering,P37,endgame,6,6.971,g3g7,,23,6
5,0,4,v6-ordering,P38,endgame,4,2.268,a4b5,,-15,4
5,0,4,v6-ordering,P38,endgame,5,3.057,a4b5,,-15,5
5,0,4,v6-ordering,P38,endgame,6,4.884,a4b5,,-15,6
5,0,4,v6-ordering,P39,endgame,4,2.500,d2g2,,-37,4
5,0,4,v6-ordering,P39,endgame,5,3.567,d2g2,,-37,5
5,0,4,v6-ordering,P39,endgame,6,12.509,d2a2,,-37,6
5,0,4,v6-ordering,P40,endgame,4,6.134,e3e8,,99,4
5,0,4,v6-ordering,P40,endgame,5,8.031,e3e8,,99,5
5,0,4,v6-ordering,P40,endgame,6,23.673,a4a5,,99,6
5,0,5,v5-engine,P01,opening,4,9.834,a7a6,,-53,4
5,0,5,v5-engine,P01,opening,5,19.326,g8f6,,-53,5
5,0,5,v5-engine,P01,opening,6,40.429,b8c6,,-53,6
5,0,5,v5-engine,P02,opening,4,6.347,b8c6,,20,4
5,0,5,v5-engine,P02,opening,5,23.248,e8g8,,20,5
5,0,5,v5-engine,P02,opening,6,80.702,d8a5,,20,6
5,0,5,v5-engine,P03,opening,4,8.849,a7a5,,27,4
5,0,5,v5-engine,P03,opening,5,21.976,c8e6,,27,5
5,0,5,v5-engine,P03,opening,6,66.307,e7e6,,27,6
5,0,5,v5-engine,P04,opening,4,6.036,e1g1,,18,4
5,0,5,v5-engine,P04,opening,5,21.242,d4e5,,18,5
5,0,5,v5-engine,P04,opening,6,39.117,d4e5,,18,6
5,0,5,v5-engine,P05,opening,4,5.363,e1g1,,-11,4
5,0,5,v5-engine,P05,opening,5,14.751,e1g1,,-11,5
5,0,5,v5-engine,P05,opening,6,40.745,e1g1,,-11,6
5,0,5,v5-engine,P06,opening,4,6.896,f1c4,,-19,4
5,0,5,v5-engine,P06,opening,5,11.436,f1c4,,-19,5
5,0,5,v5-engine,P06,opening,6,39.285,f1c4,,-19,6
5,0,5,v5-engine,P07,opening,4,5.843,d6b6,,-26,4
5,0,5,v5-engine,P07,opening,5,16.494,g8f6,,-26,5
5,0,5,v5-engine,P07,opening,6,25.074,g8f6,,-26,6
5,0,5,v5-engine,P08,opening,4,4.590,g8f6,,19,4
5,0,5,v5-engine,P08,opening,5,11.862,g8f6,,19,5
5,0,5,v5-engine,P08,opening,6,36.423,g8f6,,19,6
5,0,5,v5-engine,P09,opening,4,10.069,e3e4,,158,4
5,0,5,v5-engine,P09,opening,5,16.606,d3c2,,158,5
5,0,5,v5-engine,P09,opening,6,60.738,a2a3,,158,6
5,0,5,v5-engine,P10,opening,4,6.321,e7e5,,13,4
5,0,5,v5-engine,P10,opening,5,13.796,e7e5,,13,5
5,0,5,v5-engine,P10,opening,6,25.205,e7e5,,13,6
5,0,5,v5-engine,P11,opening,4,5.354,f1d3,,-55,4
5,0,5,v5-engine,P11,opening,5,11.860,e4d5,,-55,5
5,0,5,v5-engine,P11,opening,6,40.075,e4e5,,-55,6
5,0,5,v5-engine,P12,opening,4,7.464,c8d7,,-14,4
5,0,5,v5-engine,P12,opening,5,13.462,c8d7,,-14,5
5,0,5,v5-engine,P12,opening,6,27.901,c8d7,,-14,6
5,0,5,v5-engine,P13,opening,4,3.230,b8c6,,-1,4
5,0,5,v5-engine,P13,opening,5,4.689,b8c6,,-1,5
5,0,5,v5-engine,P13,opening,6,25.874,e7e6,,-1,6
5,0,5,v5-engine,P14,opening,4,3.982,c6d4,,-37,4
5,0,5,v5-engine,P14,opening,5,9.771,c6d4,,-37,5
5,0,5,v5-engine,P14,opening,6,30.578,c6d4,,-37,6
5,0,5,v5-engine,P15,middlegame,4,8.326,h4g3,,76,4
5,0,5,v5-engine,P15,middlegame,5,17.354,h4g3,,76,5
5,0,5,v5-engine,P15,middlegame,6,36.310,h4g3,,76,6
5,0,5,v5-engine,P16,middlegame,4,4.108,a6a5,,-97,4
5,0,5,v5-engine,P16,middlegame,5,14.258,a6a5,,-97,5
5,0,5,v5-engine,P16,middlegame,6,62.078,c8b7,,-97,6
5,0,5,v5-engine,P17,middlegame,4,6.503,c6b4,,-124,4
5,0,5,v5-engine,P17,middlegame,5,13.833,c6b4,,-124,5
5,0,5,v5-engine,P17,middlegame,6,28.075,c6b4,,-124,6
5,0,5,v5-engine,P18,middlegame,4,6.674,c1a3,,117,4
5,0,5,v5-engine,P18,middlegame,5,24.671,c1e3,,117,5
5,0,5,v5-engine,P18,middlegame,6,52.221,c1e3,,117,6
5,0,5,v5-engine,P19,middlegame,4,2.311,c4d5,,-197,4
5,0,5,v5-engine,P19,middlegame,5,3.218,c4d5,,-197,5
5,0,5,v5-engine,P19,middlegame,6,4.826,c4d5,,-197,6
5,0,5,v5-engine,P20,middlegame,4,4.749,h7h6,,40,4
5,0,5,v5-engine,P20,middlegame,5,18.035,h7h6,,40,5
5,0,5,v5-engine,P20,middlegame,6,61.137,d8d7,,40,6
5,0,5,v5-engine,P21,middlegame,4,6.794,e7d5,,-46,4
5,0,5,v5-engine,P21,middlegame,5,11.587,e7d5,,-46,5
5,0,5,v5-engine,P21,middlegame,6,42.975,e7d5,,-46,6
5,0,5,v5-engine,P22,middlegame,4,11.199,e2e3,,69,4
5,0,5,v5-engine,P22,middlegame,5,25.536,g1h1,,69,5
5,0,5,v5-engine,P22,middlegame,6,46.750,g1h1,,69,6
5,0,5,v5-engine,P23,middlegame,4,6.354,e7d6,,33,4
5,0,5,v5-engine,P23,middlegame,5,16.947,f8e8,,33,5
5,0,5,v5-engine,P23,middlegame,6,43.133,f8e8,,33,6
5,0,5,v5-engine,P24,middlegame,4,11.001,b5c6,,156,4
5,0,5,v5-engine,P24,middlegame,5,19.485,b5c6,,156,5
5,0,5,v5-engine,P24,middlegame,6,47.055,b5c6,,156,6
5,0,5,v5-engine,P25,middlegame,4,6.629,d7f6,,-100,4
5,0,5,v5-engine,P25,middlegame,5,17.598,d7f6,,-100,5
5,0,5,v5-engine,P25,middlegame,6,38.963,d7f6,,-100,6
5,0,5,v5-engine,P26,middlegame,4,6.913,g8g7,,-298,4
5,0,5,v5-engine,P26,middlegame,5,10.988,g8g7,,-298,5
5,0,5,v5-engine,P26,middlegame,6,21.991,g8g7,,-298,6
5,0,5,v5-engine,P27,middlegame,4,4.918,b4c6,,-98,4
5,0,5,v5-engine,P27,middlegame,5,8.530,b4c6,,-98,5
5,0,5,v5-engine,P27,middlegame,6,30.161,g5e6,,-98,6
5,0,5,v5-engine,P28,middlegame,4,7.634,c3d3,,-86,4
5,0,5,v5-engine,P28,middlegame,5,13.408,c3d3,,-86,5
5,0,5,v5-engine,P28,middlegame,6,38.121,c3d3,,-86,6
5,0,5,v5-engine,P29,middlegame,4,7.616,d8e8,,-52,4
5,0,5,v5-engine,P29,middlegame,5,24.372,c8b8,,-52,5
5,0,5,v5-engine,P29,middlegame,6,45.035,d8e8,,-52,6
5,0,5,v5-engine,P30,middlegame,4,9.988,f5f4,,-100,4
5,0,5,v5-engine,P30,middlegame,5,17.492,f5f4,,-100,5
5,0,5,v5-engine,P30,middlegame,6,36.995,f5f4,,-100,6
5,0,5,v5-engine,P31,endgame,4,2.597,c5g1,,-280,4
5,0,5,v5-engine,P31,endgame,5,2.688,c5g1,,-280,5
5,0,5,v5-engine,P31,endgame,6,5.449,c5g1,,-280,6
5,0,5,v5-engine,P32,endgame,4,2.759,f2e3,,156,4
5,0,5,v5-engine,P32,endgame,5,5.431,f2e3,,156,5
5,0,5,v5-engine,P32,endgame,6,9.908,f2e3,,156,6
5,0,5,v5-engine,P33,endgame,4,4.300,b4a4,,-113,4
5,0,5,v5-engine,P33,endgame,5,6.143,b4a4,,-113,5
5,0,5,v5-engine,P33,endgame,6,14.509,b4a4,,-113,6
5,0,5,v5-engine,P34,endgame,4,1.707,a5a8,,341,4
5,0,5,v5-engine,P34,endgame,5,1.994,a5a8,,341,5
5,0,5,v5-engine,P34,endgame,6,2.568,a5a8,,341,6
5,0,5,v5-engine,P35,endgame,4,3.945,f2g1,,36,4
5,0,5,v5-engine,P35,endgame,5,10.736,f2g1,,36,5
5,0,5,v5-engine,P35,endgame,6,20.278,f2g1,,36,6
5,0,5,v5-engine,P36,endgame,4,2.906,g1f2,,-23,4
5,0,5,v5-engine,P36,endgame,5,3.941,g1f2,,-23,5
5,0,5,v5-engine,P36,endgame,6,8.509,g1f2,,-23,6
5,0,5,v5-engine,P37,endgame,4,3.000,g3g7,,23,4
5,0,5,v5-engine,P37,endgame,5,5.259,g3g7,,23,5
5,0,5,v5-engine,P37,endgame,6,10.827,g3g7,,23,6
5,0,5,v5-engine,P38,endgame,4,2.365,a4b5,,-15,4
5,0,5,v5-engine,P38,endgame,5,2.938,a4b5,,-15,5
5,0,5,v5-engine,P38,endgame,6,6.237,a4b5,,-15,6
5,0,5,v5-engine,P39,endgame,4,2.870,d2g2,,-37,4
5,0,5,v5-engine,P39,endgame,5,5.135,d2g2,,-37,5
5,0,5,v5-engine,P39,endgame,6,18.391,d2a2,,-37,6
5,0,5,v5-engine,P40,endgame,4,5.586,e3e8,,99,4
5,0,5,v5-engine,P40,endgame,5,8.160,e3e8,,99,5
5,0,5,v5-engine,P40,endgame,6,23.628,a4a5,,99,6
5,0,6,v4.3-counter,P01,opening,4,6.593,b8c6,,-53,4
5,0,6,v4.3-counter,P01,opening,5,13.688,g8f6,,-53,5
5,0,6,v4.3-counter,P01,opening,6,39.143,b8c6,,-53,6
5,0,6,v4.3-counter,P02,opening,4,5.777,b8c6,,20,4
5,0,6,v4.3-counter,P02,opening,5,25.525,e8g8,,20,5
5,0,6,v4.3-counter,P02,opening,6,95.483,d8a5,,20,6
5,0,6,v4.3-counter,P03,opening,4,9.353,b8a6,,27,4
5,0,6,v4.3-counter,P03,opening,5,35.178,c8e6,,27,5
5,0,6,v4.3-counter,P03,opening,6,92.887,e7e6,,27,6
5,0,6,v4.3-counter,P04,opening,4,4.339,d4e5,,18,4
5,0,6,v4.3-counter,P04,opening,5,10.345,d4e5,,18,5
5,0,6,v4.3-counter,P04,opening,6,24.079,d4e5,,18,6
5,0,6,v4.3-counter,P05,opening,4,7.568,e1g1,,-11,4
5,0,6,v4.3-counter,P05,opening,5,23.306,e1g1,,-11,5
5,0,6,v4.3-counter,P05,opening,6,52.030,e1g1,,-11,6
5,0,6,v4.3-counter,P06,opening,4,7.050,f1c4,,-19,4
5,0,6,v4.3-counter,P06,opening,5,14.942,f1b5,,-19,5
5,0,6,v4.3-counter,P06,opening,6,55.418,f1c4,,-19,6
5,0,6,v4.3-counter,P07,opening,4,6.117,d6b6,,-26,4
5,0,6,v4.3-counter,P07,opening,5,12.480,g8f6,,-26,5
5,0,6,v4.3-counter,P07,opening,6,28.971,g8f6,,-26,6
5,0,6,v4.3-counter,P08,opening,4,3.608,g8f6,,19,4
5,0,6,v4.3-counter,P08,opening,5,10.910,g8f6,,19,5
5,0,6,v4.3-counter,P08,opening,6,32.482,b8c6,,19,6
5,0,6,v4.3-counter,P09,opening,4,11.290,e3e4,,158,4
5,0,6,v4.3-counter,P09,opening,5,23.351,d3c2,,158,5
5,0,6,v4.3-counter,P09,opening,6,74.445,d3c2,,158,6
5,0,6,v4.3-counter,P10,opening,4,4.474,e7e5,,13,4
5,0,6,v4.3-counter,P10,opening,5,15.078,e7e5,,13,5
5,0,6,v4.3-counter,P10,opening,6,25.814,e7e5,,13,6
5,0,6,v4.3-counter,P11,opening,4,4.669,b1c3,,-55,4
5,0,6,v4.3-counter,P11,opening,5,10.977,f1d3,,-55,5
5,0,6,v4.3-counter,P11,opening,6,31.942,e4e5,,-55,6
5,0,6,v4.3-counter,P12,opening,4,10.041,c8d7,,-14,4
5,0,6,v4.3-counter,P12,opening,5,20.671,c8d7,,-14,5
5,0,6,v4.3-counter,P12,opening,6,44.942,c8d7,,-14,6
5,0,6,v4.3-counter,P13,opening,4,2.308,b8c6,,-1,4
5,0,6,v4.3-counter,P13,opening,5,4.121,b8c6,,-1,5
5,0,6,v4.3-counter,P13,opening,6,27.710,e7e6,,-1,6
5,0,6,v4.3-counter,P14,opening,4,4.238,c6d4,,-37,4
5,0,6,v4.3-counter,P14,opening,5,11.391,c6d4,,-37,5
5,0,6,v4.3-counter,P14,opening,6,43.493,c5d4,,-37,6
5,0,6,v4.3-counter,P15,middlegame,4,8.029,h4g3,,76,4
5,0,6,v4.3-counter,P15,middlegame,5,18.261,h4g3,,76,5
5,0,6,v4.3-counter,P15,middlegame,6,65.266,h4g3,,76,6
5,0,6,v4.3-counter,P16,middlegame,4,7.596,a6a5,,-97,4
5,0,6,v4.3-counter,P16,middlegame,5,22.542,a6a5,,-97,5
5,0,6,v4.3-counter,P16,middlegame,6,51.347,c8b7,,-97,6
5,0,6,v4.3-counter,P17,middlegame,4,7.499,c6b4,,-124,4
5,0,6,v4.3-counter,P17,middlegame,5,20.086,c6b4,,-124,5
5,0,6,v4.3-counter,P17,middlegame,6,68.238,c6b4,,-124,6
5,0,6,v4.3-counter,P18,middlegame,4,7.129,c1e3,,117,4
5,0,6,v4.3-counter,P18,middlegame,5,21.420,c1e3,,117,5
5,0,6,v4.3-counter,P18,middlegame,6,47.615,c1e3,,117,6
5,0,6,v4.3-counter,P19,middlegame,4,0.596,c4d5,,-197,4
5,0,6,v4.3-counter,P19,middlegame,5,1.780,c4d5,,-197,5
5,0,6,v4.3-counter,P19,middlegame,6,3.675,c4d5,,-197,6
5,0,6,v4.3-counter,P20,middlegame,4,6.997,h7h6,,40,4
5,0,6,v4.3-counter,P20,middlegame,5,27.379,h7h6,,40,5
5,0,6,v4.3-counter,P20,middlegame,6,93.110,d8d7,,40,6
5,0,6,v4.3-counter,P21,middlegame,4,4.197,e7d5,,-46,4
5,0,6,v4.3-counter,P21,middlegame,5,10.626,e7d5,,-46,5
5,0,6,v4.3-counter,P21,middlegame,6,42.317,e7d5,,-46,6
5,0,6,v4.3-counter,P22,middlegame,4,7.663,e2e3,,69,4
5,0,6,v4.3-counter,P22,middlegame,5,18.802,g1h1,,69,5
5,0,6,v4.3-counter,P22,middlegame,6,49.089,g1h1,,69,6
5,0,6,v4.3-counter,P23,middlegame,4,7.857,f8e8,,33,4
5,0,6,v4.3-counter,P23,middlegame,5,17.535,e7f6,,33,5
5,0,6,v4.3-counter,P23,middlegame,6,49.163,e7d6,,33,6
5,0,6,v4.3-counter,P24,middlegame,4,8.938,b5c6,,156,4
5,0,6,v4.3-counter,P24,middlegame,5,17.642,b5c6,,156,5
5,0,6,v4.3-counter,P24,middlegame,6,45.840,b5c6,,156,6
5,0,6,v4.3-counter,P25,middlegame,4,7.641,d7f6,,-100,4
5,0,6,v4.3-counter,P25,middlegame,5,20.764,d7b6,,-100,5
5,0,6,v4.3-counter,P25,middlegame,6,42.397,d7f6,,-100,6
5,0,6,v4.3-counter,P26,middlegame,4,5.072,g8g7,,-298,4
5,0,6,v4.3-counter,P26,middlegame,5,15.659,g8g7,,-298,5
5,0,6,v4.3-counter,P26,middlegame,6,49.148,g8g7,,-298,6
5,0,6,v4.3-counter,P27,middlegame,4,3.821,b4c6,,-98,4
5,0,6,v4.3-counter,P27,middlegame,5,9.782,b4c6,,-98,5
5,0,6,v4.3-counter,P27,middlegame,6,31.955,b4c6,,-98,6
5,0,6,v4.3-counter,P28,middlegame,4,12.532,c3d3,,-86,4
5,0,6,v4.3-counter,P28,middlegame,5,22.307,c3d3,,-86,5
5,0,6,v4.3-counter,P28,middlegame,6,55.581,c3d3,,-86,6
5,0,6,v4.3-counter,P29,middlegame,4,7.205,d8e8,,-52,4
5,0,6,v4.3-counter,P29,middlegame,5,26.233,c8b8,,-52,5
5,0,6,v4.3-counter,P29,middlegame,6,59.499,c8b8,,-52,6
5,0,6,v4.3-counter,P30,middlegame,4,10.435,f5f4,,-100,4
5,0,6,v4.3-counter,P30,middlegame,5,35.296,f5f4,,-100,5
5,0,6,v4.3-counter,P30,middlegame,6,87.532,f5f4,,-100,6
5,0,6,v4.3-counter,P31,endgame,4,3.465,c5g1,,-280,4
5,0,6,v4.3-counter,P31,endgame,5,4.195,c5g1,,-280,5
5,0,6,v4.3-counter,P31,endgame,6,11.502,c5g1,,-280,6
5,0,6,v4.3-counter,P32,endgame,4,2.498,f2e3,,156,4
5,0,6,v4.3-counter,P32,endgame,5,5.614,f2f3,,156,5
5,0,6,v4.3-counter,P32,endgame,6,12.502,f2e3,,156,6
5,0,6,v4.3-counter,P33,endgame,4,3.986,b4a4,,-113,4
5,0,6,v4.3-counter,P33,endgame,5,9.991,b4a4,,-113,5
5,0,6,v4.3-counter,P33,endgame,6,31.422,b4a4,,-113,6
5,0,6,v4.3-counter,P34,endgame,4,1.067,a5a6,,341,4
5,0,6,v4.3-counter,P34,endgame,5,2.405,a5a7,,341,5
5,0,6,v4.3-counter,P34,endgame,6,4.638,a5a7,,341,6
5,0,6,v4.3-counter,P35,endgame,4,4.258,f2g1,,36,4
5,0,6,v4.3-counter,P35,endgame,5,14.968,f2g1,,36,5
5,0,6,v4.3-counter,P35,endgame,6,24.393,f2g1,,36,6
5,0,6,v4.3-counter,P36,endgame,4,3.592,g1f1,,-23,4
5,0,6,v4.3-counter,P36,endgame,5,5.668,g1f2,,-23,5
5,0,6,v4.3-counter,P36,endgame,6,17.596,g1f2,,-23,6
5,0,6,v4.3-counter,P37,endgame,4,3.530,g3g7,,23,4
5,0,6,v4.3-counter,P37,endgame,5,5.456,g3g7,,23,5
5,0,6,v4.3-counter,P37,endgame,6,9.810,g8g7,,23,6
5,0,6,v4.3-counter,P38,endgame,4,0.994,a4b5,,-15,4
5,0,6,v4.3-counter,P38,endgame,5,1.704,a4b5,,-15,5
5,0,6,v4.3-counter,P38,endgame,6,4.623,a4b5,,-15,6
5,0,6,v4.3-counter,P39,endgame,4,2.076,d2g2,,-37,4
5,0,6,v4.3-counter,P39,endgame,5,4.274,d2g2,,-37,5
5,0,6,v4.3-counter,P39,endgame,6,22.935,d2a2,,-37,6
5,0,6,v4.3-counter,P40,endgame,4,5.037,e3e8,,99,4
5,0,6,v4.3-counter,P40,endgame,5,9.658,e3e8,,99,5
5,0,6,v4.3-counter,P40,endgame,6,27.643,a4a5,,99,6
5,0,7,v4.2_null,P01,opening,4,7.028,b8c6,,-53,4
5,0,7,v4.2_null,P01,opening,5,16.089,g8f6,,-53,5
5,0,7,v4.2_null,P01,opening,6,45.895,b8c6,,-53,6
5,0,7,v4.2_null,P02,opening,4,8.029,d8b6,,20,4
5,0,7,v4.2_null,P02,opening,5,30.471,e8g8,,20,5
5,0,7,v4.2_null,P02,opening,6,98.773,d8a5,,20,6
5,0,7,v4.2_null,P03,opening,4,7.292,a7a5,,27,4
5,0,7,v4.2_null,P03,opening,5,26.454,c8e6,,27,5
5,0,7,v4.2_null,P03,opening,6,80.988,e7e6,,27,6
5,0,7,v4.2_null,P04,opening,4,4.061,d4e5,,18,4
5,0,7,v4.2_null,P04,opening,5,10.524,d4e5,,18,5
5,0,7,v4.2_null,P04,opening,6,24.803,d4e5,,18,6
5,0,7,v4.2_null,P05,opening,4,7.018,e1g1,,-11,4
5,0,7,v4.2_null,P05,opening,5,24.018,e1g1,,-11,5
5,0,7,v4.2_null,P05,opening,6,54.876,e1g1,,-11,6
5,0,7,v4.2_null,P06,opening,4,8.124,f1c4,,-19,4
5,0,7,v4.2_null,P06,opening,5,24.810,f1c4,,-19,5
5,0,7,v4.2_null,P06,opening,6,60.272,f1c4,,-19,6
5,0,7,v4.2_null,P07,opening,4,6.244,d6b6,,-26,4
5,0,7,v4.2_null,P07,opening,5,12.574,g8f6,,-26,5
5,0,7,v4.2_null,P07,opening,6,30.846,g8f6,,-26,6
5,0,7,v4.2_null,P08,opening,4,3.806,g8f6,,19,4
5,0,7,v4.2_null,P08,opening,5,10.822,g8f6,,19,5
5,0,7,v4.2_null,P08,opening,6,36.995,c8f5,,19,6
5,0,7,v4.2_null,P09,opening,4,11.168,e3e4,,158,4
5,0,7,v4.2_null,P09,opening,5,20.230,d3c2,,158,5
5,0,7,v4.2_null,P09,opening,6,64.769,c1d2,,158,6
5,0,7,v4.2_null,P10,opening,4,3.714,e7e5,,13,4
5,0,7,v4.2_null,P10,opening,5,13.836,e7e5,,13,5
5,0,7,v4.2_null,P10,opening,6,30.826,e7e5,,13,6
5,0,7,v4.2_null,P11,opening,4,4.729,b1c3,,-55,4
5,0,7,v4.2_null,P11,opening,5,9.493,e4d5,,-55,5
5,0,7,v4.2_null,P11,opening,6,35.322,e4e5,,-55,6
5,0,7,v4.2_null,P12,opening,4,8.974,c8d7,,-14,4
5,0,7,v4.2_null,P12,opening,5,23.870,c8d7,,-14,5
5,0,7,v4.2_null,P12,opening,6,58.826,c8d7,,-14,6
5,0,7,v4.2_null,P13,opening,4,2.577,b8c6,,-1,4
5,0,7,v4.2_null,P13,opening,5,4.794,b8c6,,-1,5
5,0,7,v4.2_null,P13,opening,6,35.068,e7e6,,-1,6
5,0,7,v4.2_null,P14,opening,4,4.330,c6d4,,-37,4
5,0,7,v4.2_null,P14,opening,5,12.343,c6d4,,-37,5
5,0,7,v4.2_null,P14,opening,6,45.563,c5d4,,-37,6
5,0,7,v4.2_null,P15,middlegame,4,7.695,h4g3,,76,4
5,0,7,v4.2_null,P15,middlegame,5,19.762,h4g3,,76,5
5,0,7,v4.2_null,P15,middlegame,6,52.132,h4g3,,76,6
5,0,7,v4.2_null,P16,middlegame,4,4.278,a6a5,,-97,4
5,0,7,v4.2_null,P16,middlegame,5,16.303,a6a5,,-97,5
5,0,7,v4.2_null,P16,middlegame,6,51.680,c8b7,,-97,6
5,0,7,v4.2_null,P17,middlegame,4,9.881,c6b4,,-124,4
5,0,7,v4.2_null,P17,middlegame,5,23.043,c6b4,,-124,5
5,0,7,v4.2_null,P17,middlegame,6,77.767,c6b4,,-124,6
5,0,7,v4.2_null,P18,middlegame,4,7.294,c1e3,,117,4
5,0,7,v4.2_null,P18,middlegame,5,20.668,c1e3,,117,5
5,0,7,v4.2_null,P18,middlegame,6,79.342,c1a3,,117,6
5,0,7,v4.2_null,P19,middlegame,4,0.599,c4d5,,-197,4
5,0,7,v4.2_null,P19,middlegame,5,1.984,c4d5,,-197,5
5,0,7,v4.2_null,P19,middlegame,6,2.775,c4d5,,-197,6
5,0,7,v4.2_null,P20,middlegame,4,8.856,a8c8,,40,4
5,0,7,v4.2_null,P20,middlegame,5,33.521,h7h6,,40,5
5,0,7,v4.2_null,P20,middlegame,6,109.050,h7h6,,40,6
5,0,7,v4.2_null,P21,middlegame,4,4.368,e7d5,,-46,4
5,0,7,v4.2_null,P21,middlegame,5,14.158,e7d5,,-46,5
5,0,7,v4.2_null,P21,middlegame,6,43.175,e7d5,,-46,6
5,0,7,v4.2_null,P22,middlegame,4,7.502,e2e3,,69,4
5,0,7,v4.2_null,P22,middlegame,5,17.668,g1h1,,69,5
5,0,7,v4.2_null,P22,middlegame,6,45.419,g1h1,,69,6
5,0,7,v4.2_null,P23,middlegame,4,7.344,f8e8,,33,4
5,0,7,v4.2_null,P23,middlegame,5,20.192,c8e6,,33,5
5,0,7,v4.2_null,P23,middlegame,6,71.294,e7f6,,33,6
5,0,7,v4.2_null,P24,middlegame,4,10.340,b5c6,,156,4
5,0,7,v4.2_null,P24,middlegame,5,23.794,b5c6,,156,5
5,0,7,v4.2_null,P24,middlegame,6,88.430,b5c6,,156,6
5,0,7,v4.2_null,P25,middlegame,4,8.092,d7f6,,-100,4
5,0,7,v4.2_null,P25,middlegame,5,24.131,d7b6,,-100,5
5,0,7,v4.2_null,P25,middlegame,6,54.704,d7f6,,-100,6
5,0,7,v4.2_null,P26,middlegame,4,4.921,g8g7,,-298,4
5,0,7,v4.2_null,P26,middlegame,5,16.211,g8g7,,-298,5
5,0,7,v4.2_null,P26,middlegame,6,41.846,g8g7,,-298,6
5,0,7,v4.2_null,P27,middlegame,4,4.311,b4c6,,-98,4
5,0,7,v4.2_null,P27,middlegame,5,10.335,b4c6,,-98,5
5,0,7,v4.2_null,P27,middlegame,6,30.724,b4c6,,-98,6
5,0,7,v4.2_null,P28,middlegame,4,11.116,c3d3,,-86,4
5,0,7,v4.2_null,P28,middlegame,5,31.417,c3d3,,-86,5
5,0,7,v4.2_null,P28,middlegame,6,83.293,c3d3,,-86,6
5,0,7,v4.2_null,P29,middlegame,4,7.473,d8e8,,-52,4
5,0,7,v4.2_null,P29,middlegame,5,30.212,c8b8,,-52,5
5,0,7,v4.2_null,P29,middlegame,6,64.446,c8b8,,-52,6
5,0,7,v4.2_null,P30,middlegame,4,10.792,f5f4,,-100,4
5,0,7,v4.2_null,P30,middlegame,5,40.735,f5f4,,-100,5
5,0,7,v4.2_null,P30,middlegame,6,98.896,f5f4,,-100,6
5,0,7,v4.2_null,P31,endgame,4,2.128,c5g1,,-280,4
5,0,7,v4.2_null,P31,endgame,5,2.661,c5g1,,-280,5
5,0,7,v4.2_null,P31,endgame,6,4.892,c5g1,,-280,6
5,0,7,v4.2_null,P32,endgame,4,2.505,a1a6,,156,4
5,0,7,v4.2_null,P32,endgame,5,4.525,f2e3,,156,5
5,0,7,v4.2_null,P32,endgame,6,9.742,f2e3,,156,6
5,0,7,v4.2_null,P33,endgame,4,4.735,b4a4,,-113,4
5,0,7,v4.2_null,P33,endgame,5,11.479,b4a4,,-113,5
5,0,7,v4.2_null,P33,endgame,6,34.068,b4a4,,-113,6
5,0,7,v4.2_null,P34,endgame,4,1.003,a5a6,,341,4
5,0,7,v4.2_null,P34,endgame,5,2.452,a5a7,,341,5
5,0,7,v4.2_null,P34,endgame,6,4.332,a5a7,,341,6
5,0,7,v4.2_null,P35,endgame,4,4.452,f2g1,,36,4
5,0,7,v4.2_null,P35,endgame,5,14.702,f2g1,,36,5
5,0,7,v4.2_null,P35,endgame,6,24.670,f2g1,,36,6
5,0,7,v4.2_null,P36,endgame,4,3.690,g1f2,,-23,4
5,0,7,v4.2_null,P36,endgame,5,6.585,g1f2,,-23,5
5,0,7,v4.2_null,P36,endgame,6,14.529,g1f2,,-23,6
5,0,7,v4.2_null,P37,endgame,4,3.696,g3g7,,23,4
5,0,7,v4.2_null,P37,endgame,5,6.170,g3g7,,23,5
5,0,7,v4.2_null,P37,endgame,6,10.626,g8g7,,23,6
5,0,7,v4.2_null,P38,endgame,4,2.623,a4a5,,-15,4
5,0,7,v4.2_null,P38,endgame,5,3.403,a4b5,,-15,5
5,0,7,v4.2_null,P38,endgame,6,7.708,a4b5,,-15,6
5,0,7,v4.2_null,P39,endgame,4,2.175,d2g2,,-37,4
5,0,7,v4.2_null,P39,endgame,5,4.459,d2g2,,-37,5
5,0,7,v4.2_null,P39,endgame,6,24.075,d2a2,,-37,6
5,0,7,v4.2_null,P40,endgame,4,4.909,e3e8,,99,4
5,0,7,v4.2_null,P40,endgame,5,11.052,e3e8,,99,5
5,0,7,v4.2_null,P40,endgame,6,28.124,a4a5,,99,6
5,0,8,v4.1_LMR,P01,opening,4,10.643,b8c6,,-53,4
5,0,8,v4.1_LMR,P01,opening,5,22.967,g8f6,,-53,5
5,0,8,v4.1_LMR,P01,opening,6,73.825,b8c6,,-53,6
5,0,8,v4.1_LMR,P02,opening,4,16.233,d8b6,,20,4
5,0,8,v4.1_LMR,P02,opening,5,39.381,e8g8,,20,5
5,0,8,v4.1_LMR,P02,opening,6,161.795,d8a5,,20,6
5,0,8,v4.1_LMR,P03,opening,4,9.386,a7a5,,27,4
5,0,8,v4.1_LMR,P03,opening,5,31.990,c8e6,,27,5
5,0,8,v4.1_LMR,P03,opening,6,118.131,c8f5,,27,6
5,0,8,v4.1_LMR,P04,opening,4,9.556,d4e5,,18,4
5,0,8,v4.1_LMR,P04,opening,5,18.450,d4e5,,18,5
5,0,8,v4.1_LMR,P04,opening,6,70.336,d4e5,,18,6
5,0,8,v4.1_LMR,P05,opening,4,13.616,e1g1,,-11,4
5,0,8,v4.1_LMR,P05,opening,5,34.248,e1g1,,-11,5
5,0,8,v4.1_LMR,P05,opening,6,129.586,e1g1,,-11,6
5,0,8,v4.1_LMR,P06,opening,4,10.694,f1c4,,-19,4
5,0,8,v4.1_LMR,P06,opening,5,22.642,f1b5,,-19,5
5,0,8,v4.1_LMR,P06,opening,6,98.580,f1c4,,-19,6
5,0,8,v4.1_LMR,P07,opening,4,9.616,d6b6,,-26,4
5,0,8,v4.1_LMR,P07,opening,5,23.434,g8f6,,-26,5
5,0,8,v4.1_LMR,P07,opening,6,76.802,g8f6,,-26,6
5,0,8,v4.1_LMR,P08,opening,4,5.527,g8f6,,19,4
5,0,8,v4.1_LMR,P08,opening,5,14.318,g8f6,,19,5
5,0,8,v4.1_LMR,P08,opening,6,58.496,c8f5,,19,6
5,0,8,v4.1_LMR,P09,opening,4,12.838,e3e4,,158,4
5,0,8,v4.1_LMR,P09,opening,5,24.545,d3c2,,158,5
5,0,8,v4.1_LMR,P09,opening,6,93.294,c1d2,,158,6
5,0,8,v4.1_LMR,P10,opening,4,5.354,e7e5,,13,4
5,0,8,v4.1_LMR,P10,opening,5,17.148,e7e5,,13,5
5,0,8,v4.1_LMR,P10,opening,6,48.386,e7e5,,13,6
5,0,8,v4.1_LMR,P11,opening,4,6.406,b1c3,,-55,4
5,0,8,v4.1_LMR,P11,opening,5,11.290,e4d5,,-55,5
5,0,8,v4.1_LMR,P11,opening,6,55.475,e4e5,,-55,6
5,0,8,v4.1_LMR,P12,opening,4,10.024,c8d7,,-14,4
5,0,8,v4.1_LMR,P12,opening,5,27.998,c8d7,,-14,5
5,0,8,v4.1_LMR,P12,opening,6,80.350,c8d7,,-14,6
5,0,8,v4.1_LMR,P13,opening,4,3.225,b8c6,,-1,4
5,0,8,v4.1_LMR,P13,opening,5,6.828,d7d5,,-1,5
5,0,8,v4.1_LMR,P13,opening,6,50.517,e7e6,,-1,6
5,0,8,v4.1_LMR,P14,opening,4,7.500,c6d4,,-37,4
5,0,8,v4.1_LMR,P14,opening,5,14.923,c6d4,,-37,5
5,0,8,v4.1_LMR,P14,opening,6,61.044,c6d4,,-37,6
5,0,8,v4.1_LMR,P15,middlegame,4,10.729,h4g3,,76,4
5,0,8,v4.1_LMR,P15,middlegame,5,22.612,h4g3,,76,5
5,0,8,v4.1_LMR,P15,middlegame,6,94.560,h4g3,,76,6
5,0,8,v4.1_LMR,P16,middlegame,4,11.541,a6a5,,-97,4
5,0,8,v4.1_LMR,P16,middlegame,5,30.130,a6a5,,-97,5
5,0,8,v4.1_LMR,P16,middlegame,6,115.897,c8b7,,-97,6
5,0,8,v4.1_LMR,P17,middlegame,4,16.144,c6b4,,-124,4
5,0,8,v4.1_LMR,P17,middlegame,5,39.266,c6b4,,-124,5
5,0,8,v4.1_LMR,P17,middlegame,6,152.720,e7g6,,-124,6
5,0,8,v4.1_LMR,P18,middlegame,4,12.994,c1e3,,117,4
5,0,8,v4.1_LMR,P18,middlegame,5,34.458,c1e3,,117,5
5,0,8,v4.1_LMR,P18,middlegame,6,145.703,c1a3,,117,6
5,0,8,v4.1_LMR,P19,middlegame,4,0.902,c4d5,,-197,4
5,0,8,v4.1_LMR,P19,middlegame,5,3.115,c4d5,,-197,5
5,0,8,v4.1_LMR,P19,middlegame,6,5.338,c4d5,,-197,6
5,0,8,v4.1_LMR,P20,middlegame,4,10.839,a8c8,,40,4
5,0,8,v4.1_LMR,P20,middlegame,5,41.573,h7h6,,40,5
5,0,8,v4.1_LMR,P20,middlegame,6,178.036,d8d7,,40,6
5,0,8,v4.1_LMR,P21,middlegame,4,8.263,e7d5,,-46,4
5,0,8,v4.1_LMR,P21,middlegame,5,20.895,e7d5,,-46,5
5,0,8,v4.1_LMR,P21,middlegame,6,80.716,e7d5,,-46,6
5,0,8,v4.1_LMR,P22,middlegame,4,8.690,e2e3,,69,4
5,0,8,v4.1_LMR,P22,middlegame,5,18.893,g1h1,,69,5
5,0,8,v4.1_LMR,P22,middlegame,6,63.405,g1h1,,69,6
5,0,8,v4.1_LMR,P23,middlegame,4,11.082,f8e8,,33,4
5,0,8,v4.1_LMR,P23,middlegame,5,26.335,f8e8,,33,5
5,0,8,v4.1_LMR,P23,middlegame,6,97.395,e7f6,,33,6
5,0,8,v4.1_LMR,P24,middlegame,4,15.047,b5c6,,156,4
5,0,8,v4.1_LMR,P24,middlegame,5,31.036,b5c6,,156,5
5,0,8,v4.1_LMR,P24,middlegame,6,140.376,b5c6,,156,6
5,0,8,v4.1_LMR,P25,middlegame,4,14.643,d7f6,,-100,4
5,0,8,v4.1_LMR,P25,middlegame,5,51.129,d7f6,,-100,5
5,0,8,v4.1_LMR,P25,middlegame,6,175.147,d7b6,,-100,6
5,0,8,v4.1_LMR,P26,middlegame,4,6.392,g8g7,,-298,4
5,0,8,v4.1_LMR,P26,middlegame,5,20.413,g8g7,,-298,5
5,0,8,v4.1_LMR,P26,middlegame,6,82.778,g8g7,,-298,6
5,0,8,v4.1_LMR,P27,middlegame,4,6.215,b4c6,,-98,4
5,0,8,v4.1_LMR,P27,middlegame,5,13.259,b4c6,,-98,5
5,0,8,v4.1_LMR,P27,middlegame,6,47.279,b4c6,,-98,6
5,0,8,v4.1_LMR,P28,middlegame,4,14.033,c3d3,,-86,4
5,0,8,v4.1_LMR,P28,middlegame,5,34.283,c3d3,,-86,5
5,0,8,v4.1_LMR,P28,middlegame,6,115.471,c3d3,,-86,6
5,0,8,v4.1_LMR,P29,middlegame,4,9.468,d8e8,,-52,4
5,0,8,v4.1_LMR,P29,middlegame,5,35.792,c8b8,,-52,5
5,0,8,v4.1_LMR,P29,middlegame,6,109.036,d8e8,,-52,6
5,0,8,v4.1_LMR,P30,middlegame,4,16.287,f5f4,,-100,4
5,0,8,v4.1_LMR,P30,middlegame,5,59.774,f5f4,,-100,5
5,0,8,v4.1_LMR,P30,middlegame,6,177.577,f5f4,,-100,6
5,0,8,v4.1_LMR,P31,endgame,4,3.719,c5g1,,-280,4
5,0,8,v4.1_LMR,P31,endgame,5,5.385,c5g1,,-280,5
5,0,8,v4.1_LMR,P31,endgame,6,21.586,c5g1,,-280,6
5,0,8,v4.1_LMR,P32,endgame,4,3.787,a1a6,,156,4
5,0,8,v4.1_LMR,P32,endgame,5,6.098,f2e3,,156,5
5,0,8,v4.1_LMR,P32,endgame,6,11.773,f2e3,,156,6
5,0,8,v4.1_LMR,P33,endgame,4,5.543,b4a4,,-113,4
5,0,8,v4.1_LMR,P33,endgame,5,12.848,b4a4,,-113,5
5,0,8,v4.1_LMR,P33,endgame,6,27.165,b4a4,,-113,6
5,0,8,v4.1_LMR,P34,endgame,4,1.292,a5a6,,341,4
5,0,8,v4.1_LMR,P34,endgame,5,2.188,a5a6,,341,5
5,0,8,v4.1_LMR,P34,endgame,6,5.626,a5a7,,341,6
5,0,8,v4.1_LMR,P35,endgame,4,4.917,f2g1,,36,4
5,0,8,v4.1_LMR,P35,endgame,5,14.797,f2g1,,36,5
5,0,8,v4.1_LMR,P35,endgame,6,27.217,f2g1,,36,6
5,0,8,v4.1_LMR,P36,endgame,4,5.759,g1f2,,-23,4
5,0,8,v4.1_LMR,P36,endgame,5,8.917,g1f2,,-23,5
5,0,8,v4.1_LMR,P36,endgame,6,31.027,g1f2,,-23,6
5,0,8,v4.1_LMR,P37,endgame,4,6.092,g3g7,,23,4
5,0,8,v4.1_LMR,P37,endgame,5,9.904,g3g7,,23,5
5,0,8,v4.1_LMR,P37,endgame,6,21.468,g8g7,,23,6
5,0,8,v4.1_LMR,P38,endgame,4,3.279,a4a5,,-15,4
5,0,8,v4.1_LMR,P38,endgame,5,4.902,a4b5,,-15,5
5,0,8,v4.1_LMR,P38,endgame,6,15.751,a4b5,,-15,6
5,0,8,v4.1_LMR,P39,endgame,4,3.440,d2g2,,-37,4
5,0,8,v4.1_LMR,P39,endgame,5,6.636,d2g2,,-37,5
5,0,8,v4.1_LMR,P39,endgame,6,24.574,d2a2,,-37,6
5,0,8,v4.1_LMR,P40,endgame,4,5.899,e3e8,,99,4
5,0,8,v4.1_LMR,P40,endgame,5,16.505,e3e8,,99,5
5,0,8,v4.1_LMR,P40,endgame,6,39.663,a4a5,,99,6
5,0,9,v4_LMR,P01,opening,4,14.716,a7a5,,-53,4
5,0,9,v4_LMR,P01,opening,5,38.375,g8f6,,-53,5
5,0,9,v4_LMR,P01,opening,6,238.540,e7e5,,-53,6
5,0,9,v4_LMR,P02,opening,4,19.460,d8a5,,20,4
5,0,9,v4_LMR,P02,opening,5,66.221,e8g8,,20,5
5,0,9,v4_LMR,P02,opening,6,336.427,d8a5,,20,6
5,0,9,v4_LMR,P03,opening,4,12.827,a7a5,,27,4
5,0,9,v4_LMR,P03,opening,5,77.565,c8e6,,27,5
5,0,9,v4_LMR,P03,opening,6,292.664,c8e6,,27,6
5,0,9,v4_LMR,P04,opening,4,11.157,d4e5,,18,4
5,0,9,v4_LMR,P04,opening,5,33.769,d4e5,,18,5
5,0,9,v4_LMR,P04,opening,6,156.320,d4e5,,18,6
5,0,9,v4_LMR,P05,opening,4,16.013,e1g1,,-11,4
5,0,9,v4_LMR,P05,opening,5,63.655,e1g1,,-11,5
5,0,9,v4_LMR,P05,opening,6,256.168,e1g1,,-11,6
5,0,9,v4_LMR,P06,opening,4,13.415,f1c4,,-19,4
5,0,9,v4_LMR,P06,opening,5,53.652,f1c4,,-19,5
5,0,9,v4_LMR,P06,opening,6,194.254,f1c4,,-19,6
5,0,9,v4_LMR,P07,opening,4,13.131,g8f6,,-26,4
5,0,9,v4_LMR,P07,opening,5,62.753,g8f6,,-26,5
5,0,9,v4_LMR,P07,opening,6,213.642,g8f6,,-26,6
5,0,9,v4_LMR,P08,opening,4,6.734,g8f6,,19,4
5,0,9,v4_LMR,P08,opening,5,25.272,b8c6,,19,5
5,0,9,v4_LMR,P08,opening,6,184.582,b8c6,,19,6
5,0,9,v4_LMR,P09,opening,4,15.919,e3e4,,158,4
5,0,9,v4_LMR,P09,opening,5,42.646,e3e4,,158,5
5,0,9,v4_LMR,P09,opening,6,209.484,d3c2,,158,6
5,0,9,v4_LMR,P10,opening,4,6.989,g8f6,,13,4
5,0,9,v4_LMR,P10,opening,5,35.211,e7e5,,13,5
5,0,9,v4_LMR,P10,opening,6,140.950,d6d5,,13,6
5,0,9,v4_LMR,P11,opening,4,9.036,f1d3,,-55,4
5,0,9,v4_LMR,P11,opening,5,31.603,e4e5,,-55,5
5,0,9,v4_LMR,P11,opening,6,157.745,e4e5,,-55,6
5,0,9,v4_LMR,P12,opening,4,12.736,c8d7,,-14,4
5,0,9,v4_LMR,P12,opening,5,33.552,c8d7,,-14,5
5,0,9,v4_LMR,P12,opening,6,160.077,c8d7,,-14,6
5,0,9,v4_LMR,P13,opening,4,3.597,b8c6,,-1,4
5,0,9,v4_LMR,P13,opening,5,21.520,d7d5,,-1,5
5,0,9,v4_LMR,P13,opening,6,85.978,e7e6,,-1,6
5,0,9,v4_LMR,P14,opening,4,8.519,c6d4,,-37,4
5,0,9,v4_LMR,P14,opening,5,26.000,c6d4,,-37,5
5,0,9,v4_LMR,P14,opening,6,121.108,c6d4,,-37,6
5,0,9,v4_LMR,P15,middlegame,4,13.001,h4g3,,76,4
5,0,9,v4_LMR,P15,middlegame,5,46.009,h4g3,,76,5
5,0,9,v4_LMR,P15,middlegame,6,163.621,h4g3,,76,6
5,0,9,v4_LMR,P16,middlegame,4,14.987,a6a5,,-97,4
5,0,9,v4_LMR,P16,middlegame,5,45.382,a6a5,,-97,5
5,0,9,v4_LMR,P16,middlegame,6,311.406,e6e5,,-97,6
5,0,9,v4_LMR,P17,middlegame,4,23.548,c6b4,,-124,4
5,0,9,v4_LMR,P17,middlegame,5,71.827,c6b4,,-124,5
5,0,9,v4_LMR,P17,middlegame,6,309.161,e7f5,,-124,6
5,0,9,v4_LMR,P18,middlegame,4,17.385,c1e3,,117,4
5,0,9,v4_LMR,P18,middlegame,5,45.403,c1e3,,117,5
5,0,9,v4_LMR,P18,middlegame,6,138.685,c1e3,,117,6
5,0,9,v4_LMR,P19,middlegame,4,1.247,c4d5,,-197,4
5,0,9,v4_LMR,P19,middlegame,5,3.458,c4d5,,-197,5
5,0,9,v4_LMR,P19,middlegame,6,10.878,c4d5,,-197,6
5,0,9,v4_LMR,P20,middlegame,4,15.886,a8c8,,40,4
5,0,9,v4_LMR,P20,middlegame,5,69.270,h7h6,,40,5
5,0,9,v4_LMR,P20,middlegame,6,256.936,h7h6,,40,6
5,0,9,v4_LMR,P21,middlegame,4,9.462,e7d5,,-46,4
5,0,9,v4_LMR,P21,middlegame,5,31.964,e7d5,,-46,5
5,0,9,v4_LMR,P21,middlegame,6,133.872,e7d5,,-46,6
5,0,9,v4_LMR,P22,middlegame,4,15.317,f1g2,,69,4
5,0,9,v4_LMR,P22,middlegame,5,33.478,g1h1,,69,5
5,0,9,v4_LMR,P22,middlegame,6,98.041,g1h1,,69,6
5,0,9,v4_LMR,P23,middlegame,4,14.009,f8e8,,33,4
5,0,9,v4_LMR,P23,middlegame,5,50.792,e7f6,,33,5
5,0,9,v4_LMR,P23,middlegame,6,275.567,e7f6,,33,6
5,0,9,v4_LMR,P24,middlegame,4,15.319,b5c6,,156,4
5,0,9,v4_LMR,P24,middlegame,5,51.208,b5c6,,156,5
5,0,9,v4_LMR,P24,middlegame,6,244.816,f4e3,,156,6
5,0,9,v4_LMR,P25,middlegame,4,24.539,d7f6,,-100,4
5,0,9,v4_LMR,P25,middlegame,5,84.642,d7b6,,-100,5
5,0,9,v4_LMR,P25,middlegame,6,371.520,d7b6,,-100,6
5,0,9,v4_LMR,P26,middlegame,4,10.659,g8g7,,-298,4
5,0,9,v4_LMR,P26,middlegame,5,45.315,g8g7,,-298,5
5,0,9,v4_LMR,P26,middlegame,6,164.811,g8g7,,-298,6
5,0,9,v4_LMR,P27,middlegame,4,6.412,b4c6,,-98,4
5,0,9,v4_LMR,P27,middlegame,5,16.699,b4c6,,-98,5
5,0,9,v4_LMR,P27,middlegame,6,70.058,g5e6,,-98,6
5,0,9,v4_LMR,P28,middlegame,4,15.172,c3d3,,-86,4
5,0,9,v4_LMR,P28,middlegame,5,41.635,c3d3,,-86,5
5,0,9,v4_LMR,P28,middlegame,6,141.569,c3d3,,-86,6
5,0,9,v4_LMR,P29,middlegame,4,14.321,d8e8,,-52,4
5,0,9,v4_LMR,P29,middlegame,5,66.582,d8e8,,-52,5
5,0,9,v4_LMR,P29,middlegame,6,227.272,c8b8,,-52,6
5,0,9,v4_LMR,P30,middlegame,4,35.864,f5f4,,-100,4
5,0,9,v4_LMR,P30,middlegame,5,109.409,f5f4,,-100,5
5,0,9,v4_LMR,P30,middlegame,6,348.851,f5f4,,-100,6
5,0,9,v4_LMR,P31,endgame,4,4.184,c5g1,,-280,4
5,0,9,v4_LMR,P31,endgame,5,7.521,c5g1,,-280,5
5,0,9,v4_LMR,P31,endgame,6,18.015,c5g1,,-280,6
5,0,9,v4_LMR,P32,endgame,4,4.338,f2e3,,156,4
5,0,9,v4_LMR,P32,endgame,5,9.359,f2e3,,156,5
5,0,9,v4_LMR,P32,endgame,6,16.794,f2e3,,156,6
5,0,9,v4_LMR,P33,endgame,4,6.812,b4a4,,-113,4
5,0,9,v4_LMR,P33,endgame,5,16.703,b4a4,,-113,5
5,0,9,v4_LMR,P33,endgame,6,41.459,b4a4,,-113,6
5,0,9,v4_LMR,P34,endgame,4,1.703,a5a6,,341,4
5,0,9,v4_LMR,P34,endgame,5,4.238,a5a7,,341,5
5,0,9,v4_LMR,P34,endgame,6,8.900,a5a6,,341,6
5,0,9,v4_LMR,P35,endgame,4,6.819,f2g1,,36,4
5,0,9,v4_LMR,P35,endgame,5,20.568,f2g1,,36,5
5,0,9,v4_LMR,P35,endgame,6,36.527,f2g1,,36,6
5,0,9,v4_LMR,P36,endgame,4,6.425,g1f2,,-23,4
5,0,9,v4_LMR,P36,endgame,5,14.174,g1f2,,-23,5
5,0,9,v4_LMR,P36,endgame,6,35.112,g1f2,,-23,6
5,0,9,v4_LMR,P37,endgame,4,6.295,g3g7,,23,4
5,0,9,v4_LMR,P37,endgame,5,10.685,g3g7,,23,5
5,0,9,v4_LMR,P37,endgame,6,22.763,g8g7,,23,6
5,0,9,v4_LMR,P38,endgame,4,3.242,a4a5,,-15,4
5,0,9,v4_LMR,P38,endgame,5,6.367,a4b5,,-15,5
5,0,9,v4_LMR,P38,endgame,6,19.611,a4b5,,-15,6
5,0,9,v4_LMR,P39,endgame,4,3.375,d2g2,,-37,4
5,0,9,v4_LMR,P39,endgame,5,8.234,d2g2,,-37,5
5,0,9,v4_LMR,P39,endgame,6,39.029,d2a2,,-37,6
5,0,9,v4_LMR,P40,endgame,4,5.874,e3e8,,99,4
5,0,9,v4_LMR,P40,endgame,5,13.497,e3e8,,99,5
5,0,9,v4_LMR,P40,endgame,6,36.832,a4a5,,99,6
5,0,10,v3_engine,P01,opening,4,18.257,a7a5,,-53,4
5,0,10,v3_engine,P01,opening,5,65.231,b8c6,,-53,5
5,0,10,v3_engine,P01,opening,6,311.991,b8c6,,-53,6
5,0,10,v3_engine,P02,opening,4,24.022,e8g8,,20,4
5,0,10,v3_engine,P02,opening,5,145.832,e8g8,,20,5
5,0,10,v3_engine,P02,opening,6,643.100,c5b4,,20,6
5,0,10,v3_engine,P03,opening,4,16.807,a7a5,,27,4
5,0,10,v3_engine,P03,opening,5,72.521,c8e6,,27,5
5,0,10,v3_engine,P03,opening,6,297.918,c8e6,,27,6
5,0,10,v3_engine,P04,opening,4,14.128,d4e5,,18,4
5,0,10,v3_engine,P04,opening,5,58.469,d4e5,,18,5
5,0,10,v3_engine,P04,opening,6,250.685,d4e5,,18,6
5,0,10,v3_engine,P05,opening,4,21.789,e1g1,,-11,4
5,0,10,v3_engine,P05,opening,5,120.645,e1g1,,-11,5
5,0,10,v3_engine,P05,opening,6,403.515,e1g1,,-11,6
5,0,10,v3_engine,P06,opening,4,12.907,f1c4,,-19,4
5,0,10,v3_engine,P06,opening,5,72.440,f1c4,,-19,5
5,0,10,v3_engine,P06,opening,6,217.092,f1c4,,-19,6
5,0,10,v3_engine,P07,opening,4,13.904,g8f6,,-26,4
5,0,10,v3_engine,P07,opening,5,74.871,g8f6,,-26,5
5,0,10,v3_engine,P07,opening,6,263.549,g8f6,,-26,6
5,0,10,v3_engine,P08,opening,4,9.026,g8f6,,19,4
5,0,10,v3_engine,P08,opening,5,42.317,g8f6,,19,5
5,0,10,v3_engine,P08,opening,6,302.637,b8c6,,19,6
5,0,10,v3_engine,P09,opening,4,17.420,e3e4,,158,4
5,0,10,v3_engine,P09,opening,5,104.158,d3c2,,158,5
5,0,10,v3_engine,P09,opening,6,354.218,d3c2,,158,6
5,0,10,v3_engine,P10,opening,4,9.294,g8f6,,13,4
5,0,10,v3_engine,P10,opening,5,50.490,e7e5,,13,5
5,0,10,v3_engine,P10,opening,6,211.473,d6d5,,13,6
5,0,10,v3_engine,P11,opening,4,10.484,f1d3,,-55,4
5,0,10,v3_engine,P11,opening,5,44.278,e4e5,,-55,5
5,0,10,v3_engine,P11,opening,6,203.826,e4e5,,-55,6
5,0,10,v3_engine,P12,opening,4,15.743,c8d7,,-14,4
5,0,10,v3_engine,P12,opening,5,48.820,c8d7,,-14,5
5,0,10,v3_engine,P12,opening,6,137.623,c8d7,,-14,6
5,0,10,v3_engine,P13,opening,4,4.679,b8c6,,-1,4
5,0,10,v3_engine,P13,opening,5,26.125,e7e6,,-1,5
5,0,10,v3_engine,P13,opening,6,97.272,e7e6,,-1,6
5,0,10,v3_engine,P14,opening,4,7.763,c6d4,,-37,4
5,0,10,v3_engine,P14,opening,5,36.270,c6d4,,-37,5
5,0,10,v3_engine,P14,opening,6,163.648,c6d4,,-37,6
5,0,10,v3_engine,P15,middlegame,4,13.215,h4g3,,76,4
5,0,10,v3_engine,P15,middlegame,5,78.834,h4g3,,76,5
5,0,10,v3_engine,P15,middlegame,6,315.584,h4g3,,76,6
5,0,10,v3_engine,P16,middlegame,4,20.244,a6a5,,-97,4
5,0,10,v3_engine,P16,middlegame,5,94.199,a6a5,,-97,5
5,0,10,v3_engine,P16,middlegame,6,517.473,c8b7,,-97,6
5,0,10,v3_engine,P17,middlegame,4,27.162,c6b4,,-124,4
5,0,10,v3_engine,P17,middlegame,5,159.697,e7g6,,-124,5
5,0,10,v3_engine,P17,middlegame,6,770.825,c6b4,,-124,6
5,0,10,v3_engine,P18,middlegame,4,16.744,c1e3,,117,4
5,0,10,v3_engine,P18,middlegame,5,83.629,c1e3,,117,5
5,0,10,v3_engine,P18,middlegame,6,312.519,c1e3,,117,6
5,0,10,v3_engine,P19,middlegame,4,1.124,c4d5,,-197,4
5,0,10,v3_engine,P19,middlegame,5,4.685,c4d5,,-197,5
5,0,10,v3_engine,P19,middlegame,6,11.643,c4d5,,-197,6
5,0,10,v3_engine,P20,middlegame,4,18.045,h7h6,,40,4
5,0,10,v3_engine,P20,middlegame,5,99.026,h7h6,,40,5
5,0,10,v3_engine,P20,middlegame,6,380.339,h7h6,,40,6
5,0,10,v3_engine,P21,middlegame,4,11.374,e7d5,,-46,4
5,0,10,v3_engine,P21,middlegame,5,50.200,e7d5,,-46,5
5,0,10,v3_engine,P21,middlegame,6,245.166,e7d5,,-46,6
5,0,10,v3_engine,P22,middlegame,4,13.778,g1h1,,69,4
5,0,10,v3_engine,P22,middlegame,5,49.556,g1h1,,69,5
5,0,10,v3_engine,P22,middlegame,6,245.764,g1h1,,69,6
5,0,10,v3_engine,P23,middlegame,4,25.028,f8e8,,33,4
5,0,10,v3_engine,P23,middlegame,5,121.060,f8e8,,33,5
5,0,10,v3_engine,P23,middlegame,6,615.118,e7f6,,33,6
5,0,10,v3_engine,P24,middlegame,4,23.066,b5c6,,156,4
5,0,10,v3_engine,P24,middlegame,5,189.916,b5c6,,156,5
5,0,10,v3_engine,P24,middlegame,6,683.263,f4e3,,156,6
5,0,10,v3_engine,P25,middlegame,4,29.060,d7f6,,-100,4
5,0,10,v3_engine,P25,middlegame,5,153.599,d7b6,,-100,5
5,0,10,v3_engine,P25,middlegame,6,775.460,d7b6,,-100,6
5,0,10,v3_engine,P26,middlegame,4,14.051,g8g7,,-298,4
5,0,10,v3_engine,P26,middlegame,5,79.943,g8g7,,-298,5
5,0,10,v3_engine,P26,middlegame,6,451.458,g8g7,,-298,6
5,0,10,v3_engine,P27,middlegame,4,7.223,b4c6,,-98,4
5,0,10,v3_engine,P27,middlegame,5,31.015,b4c6,,-98,5
5,0,10,v3_engine,P27,middlegame,6,120.939,b4c6,,-98,6
5,0,10,v3_engine,P28,middlegame,4,27.607,c3d3,,-86,4
5,0,10,v3_engine,P28,middlegame,5,89.063,c3d3,,-86,5
5,0,10,v3_engine,P28,middlegame,6,264.118,c3d3,,-86,6
5,0,10,v3_engine,P29,middlegame,4,14.351,d8e8,,-52,4
5,0,10,v3_engine,P29,middlegame,5,81.837,d8e8,,-52,5
5,0,10,v3_engine,P29,middlegame,6,331.457,c8b8,,-52,6
5,0,10,v3_engine,P30,middlegame,4,26.800,f5f4,,-100,4
5,0,10,v3_engine,P30,middlegame,5,140.686,f5f4,,-100,5
5,0,10,v3_engine,P30,middlegame,6,555.485,f5f4,,-100,6
5,0,10,v3_engine,P31,endgame,4,11.391,c5g1,,-280,4
5,0,10,v3_engine,P31,endgame,5,29.031,c5g1,,-280,5
5,0,10,v3_engine,P31,endgame,6,61.171,c5g1,,-280,6
5,0,10,v3_engine,P32,endgame,4,3.968,f2e3,,156,4
5,0,10,v3_engine,P32,endgame,5,10.484,f2e3,,156,5
5,0,10,v3_engine,P32,endgame,6,24.662,f2e3,,156,6
5,0,10,v3_engine,P33,endgame,4,5.964,b4a4,,-113,4
5,0,10,v3_engine,P33,endgame,5,16.205,b4a4,,-113,5
5,0,10,v3_engine,P33,endgame,6,85.169,b4a4,,-113,6
5,0,10,v3_engine,P34,endgame,4,1.316,a5a6,,341,4
5,0,10,v3_engine,P34,endgame,5,4.736,a5a7,,341,5
5,0,10,v3_engine,P34,endgame,6,11.326,a5a6,,341,6
5,0,10,v3_engine,P35,endgame,4,7.463,f2g1,,36,4
5,0,10,v3_engine,P35,endgame,5,24.675,f2g1,,36,5
5,0,10,v3_engine,P35,endgame,6,56.154,f2g1,,36,6
5,0,10,v3_engine,P36,endgame,4,5.420,g1f2,,-23,4
5,0,10,v3_engine,P36,endgame,5,16.599,g1f2,,-23,5
5,0,10,v3_engine,P36,endgame,6,37.192,g1f2,,-23,6
5,0,10,v3_engine,P37,endgame,4,8.704,g3g7,,23,4
5,0,10,v3_engine,P37,endgame,5,23.804,g3g7,,23,5
5,0,10,v3_engine,P37,endgame,6,62.399,g8g7,,23,6
5,0,10,v3_engine,P38,endgame,4,2.446,a4b5,,-15,4
5,0,10,v3_engine,P38,endgame,5,9.479,a4b5,,-15,5
5,0,10,v3_engine,P38,endgame,6,36.689,a4b5,,-15,6
5,0,10,v3_engine,P39,endgame,4,4.680,d2g2,,-37,4
5,0,10,v3_engine,P39,endgame,5,15.528,d2g2,,-37,5
5,0,10,v3_engine,P39,endgame,6,67.356,d2a2,,-37,6
5,0,10,v3_engine,P40,endgame,4,7.082,e3e8,,99,4
5,0,10,v3_engine,P40,endgame,5,25.274,e3e8,,99,5
5,0,10,v3_engine,P40,endgame,6,64.898,a4a5,,99,6
5,0,11,v2_tablebase,P01,opening,4,77.660,a7a5,,-53,4
5,0,11,v2_tablebase,P01,opening,5,292.463,b8c6,,-53,5
5,0,11,v2_tablebase,P01,opening,6,1462.532,b8c6,,-53,6
5,0,11,v2_tablebase,P02,opening,4,171.058,e8g8,,20,4
5,0,11,v2_tablebase,P02,opening,5,1047.869,e8g8,,20,5
5,0,11,v2_tablebase,P02,opening,6,3900.619,c5b4,,20,6
5,0,11,v2_tablebase,P03,opening,4,85.543,a7a5,,27,4
5,0,11,v2_tablebase,P03,opening,5,370.083,c8e6,,27,5
5,0,11,v2_tablebase,P03,opening,6,1523.693,c8e6,,27,6
5,0,11,v2_tablebase,P04,opening,4,86.847,d4e5,,18,4
5,0,11,v2_tablebase,P04,opening,5,308.675,d4e5,,18,5
5,0,11,v2_tablebase,P04,opening,6,1394.098,d4e5,,18,6
5,0,11,v2_tablebase,P05,opening,4,173.002,e1g1,,-11,4
5,0,11,v2_tablebase,P05,opening,5,789.460,e1g1,,-11,5
5,0,11,v2_tablebase,P05,opening,6,2764.472,e1g1,,-11,6
5,0,11,v2_tablebase,P06,opening,4,62.957,f1c4,,-19,4
5,0,11,v2_tablebase,P06,opening,5,312.801,f1c4,,-19,5
5,0,11,v2_tablebase,P06,opening,6,1080.650,f1c4,,-19,6
5,0,11,v2_tablebase,P07,opening,4,59.428,g8f6,,-26,4
5,0,11,v2_tablebase,P07,opening,5,340.777,g8f6,,-26,5
5,0,11,v2_tablebase,P07,opening,6,1158.674,g8f6,,-26,6
5,0,11,v2_tablebase,P08,opening,4,54.509,g8f6,,19,4
5,0,11,v2_tablebase,P08,opening,5,216.999,g8f6,,19,5
5,0,11,v2_tablebase,P08,opening,6,1713.896,b8c6,,19,6
5,0,11,v2_tablebase,P09,opening,4,89.074,e3e4,,158,4
5,0,11,v2_tablebase,P09,opening,5,510.263,d3c2,,158,5
5,0,11,v2_tablebase,P09,opening,6,1873.804,d3c2,,158,6
5,0,11,v2_tablebase,P10,opening,4,51.013,g8f6,,13,4
5,0,11,v2_tablebase,P10,opening,5,250.923,e7e5,,13,5
5,0,11,v2_tablebase,P10,opening,6,1001.717,d6d5,,13,6
5,0,11,v2_tablebase,P11,opening,4,45.692,f1d3,,-55,4
5,0,11,v2_tablebase,P11,opening,5,187.405,e4e5,,-55,5
5,0,11,v2_tablebase,P11,opening,6,885.282,e4e5,,-55,6
5,0,11,v2_tablebase,P12,opening,4,77.301,c8d7,,-14,4
5,0,11,v2_tablebase,P12,opening,5,249.161,c8d7,,-14,5
5,0,11,v2_tablebase,P12,opening,6,683.521,c8d7,,-14,6
5,0,11,v2_tablebase,P13,opening,4,19.039,b8c6,,-1,4
5,0,11,v2_tablebase,P13,opening,5,103.123,e7e6,,-1,5
5,0,11,v2_tablebase,P13,opening,6,409.904,e7e6,,-1,6
5,0,11,v2_tablebase,P14,opening,4,32.947,c6d4,,-37,4
5,0,11,v2_tablebase,P14,opening,5,161.403,c6d4,,-37,5
5,0,11,v2_tablebase,P14,opening,6,870.907,c6d4,,-37,6
5,0,11,v2_tablebase,P15,middlegame,4,89.486,h4g3,,76,4
5,0,11,v2_tablebase,P15,middlegame,5,455.441,h4g3,,76,5
5,0,11,v2_tablebase,P15,middlegame,6,2262.776,h4g3,,76,6
5,0,11,v2_tablebase,P16,middlegame,4,113.999,a6a5,,-97,4
5,0,11,v2_tablebase,P16,middlegame,5,515.344,a6a5,,-97,5
5,0,11,v2_tablebase,P16,middlegame,6,2803.242,c8b7,,-97,6
5,0,11,v2_tablebase,P17,middlegame,4,188.297,c6b4,,-124,4
5,0,11,v2_tablebase,P17,middlegame,5,1018.538,e7g6,,-124,5
5,0,11,v2_tablebase,P17,middlegame,6,4975.214,c6b4,,-124,6
5,0,11,v2_tablebase,P18,middlegame,4,93.956,c1e3,,117,4
5,0,11,v2_tablebase,P18,middlegame,5,377.790,c1e3,,117,5
5,0,11,v2_tablebase,P18,middlegame,6,1657.470,c1e3,,117,6
5,0,11,v2_tablebase,P19,middlegame,4,3.747,c4d5,,-197,4
5,0,11,v2_tablebase,P19,middlegame,5,15.604,c4d5,,-197,5
5,0,11,v2_tablebase,P19,middlegame,6,39.314,c4d5,,-197,6
5,0,11,v2_tablebase,P20,middlegame,4,92.155,h7h6,,40,4
5,0,11,v2_tablebase,P20,middlegame,5,468.243,h7h6,,40,5
5,0,11,v2_tablebase,P20,middlegame,6,1961.367,h7h6,,40,6
5,0,11,v2_tablebase,P21,middlegame,4,101.707,e7d5,,-46,4
5,0,11,v2_tablebase,P21,middlegame,5,372.132,e7d5,,-46,5
5,0,11,v2_tablebase,P21,middlegame,6,2050.126,e7d5,,-46,6
5,0,11,v2_tablebase,P22,middlegame,4,92.234,g1h1,,69,4
5,0,11,v2_tablebase,P22,middlegame,5,300.840,g1h1,,69,5
5,0,11,v2_tablebase,P22,middlegame,6,1449.573,g1h1,,69,6
5,0,11,v2_tablebase,P23,middlegame,4,147.223,f8e8,,33,4
5,0,11,v2_tablebase,P23,middlegame,5,663.858,f8e8,,33,5
5,0,11,v2_tablebase,P23,middlegame,6,3557.911,e7f6,,33,6
5,0,11,v2_tablebase,P24,middlegame,4,157.928,b5c6,,156,4
5,0,11,v2_tablebase,P24,middlegame,5,1157.905,b5c6,,156,5
5,0,11,v2_tablebase,P24,middlegame,6,4596.147,f4e3,,156,6
5,0,11,v2_tablebase,P25,middlegame,4,200.455,d7f6,,-100,4
5,0,11,v2_tablebase,P25,middlegame,5,979.572,d7b6,,-100,5
5,0,11,v2_tablebase,P25,middlegame,6,4777.403,d7b6,,-100,6
5,0,11,v2_tablebase,P26,middlegame,4,73.866,g8g7,,-298,4
5,0,11,v2_tablebase,P26,middlegame,5,481.044,g8g7,,-298,5
5,0,11,v2_tablebase,P26,middlegame,6,2346.735,g8g7,,-298,6
5,0,11,v2_tablebase,P27,middlegame,4,39.533,b4c6,,-98,4
5,0,11,v2_tablebase,P27,middlegame,5,149.183,b4c6,,-98,5
5,0,11,v2_tablebase,P27,middlegame,6,672.794,b4c6,,-98,6
5,0,11,v2_tablebase,P28,middlegame,4,133.826,c3d3,,-86,4
5,0,11,v2_tablebase,P28,middlegame,5,432.613,c3d3,,-86,5
5,0,11,v2_tablebase,P28,middlegame,6,1271.404,c3d3,,-86,6
5,0,11,v2_tablebase,P29,middlegame,4,79.412,d8e8,,-52,4
5,0,11,v2_tablebase,P29,middlegame,5,468.481,d8e8,,-52,5
5,0,11,v2_tablebase,P29,middlegame,6,1733.600,c8b8,,-52,6
5,0,11,v2_tablebase,P30,middlegame,4,163.725,f5f4,,-100,4
5,0,11,v2_tablebase,P30,middlegame,5,841.906,f5f4,,-100,5
5,0,11,v2_tablebase,P30,middlegame,6,3247.045,f5f4,,-100,6
5,0,11,v2_tablebase,P31,endgame,4,51.554,c5g1,,-280,4
5,0,11,v2_tablebase,P31,endgame,5,130.542,c5g1,,-280,5
5,0,11,v2_tablebase,P31,endgame,6,256.810,c5g1,,-280,6
5,0,11,v2_tablebase,P32,endgame,4,13.756,f2e3,,156,4
5,0,11,v2_tablebase,P32,endgame,5,36.780,f2e3,,156,5
5,0,11,v2_tablebase,P32,endgame,6,91.811,f2e3,,156,6
5,0,11,v2_tablebase,P33,endgame,4,27.309,b4a4,,-113,4
5,0,11,v2_tablebase,P33,endgame,5,65.929,b4a4,,-113,5
5,0,11,v2_tablebase,P33,endgame,6,407.661,b4a4,,-113,6
5,0,11,v2_tablebase,P34,endgame,4,3.816,a5a6,,341,4
5,0,11,v2_tablebase,P34,endgame,5,14.330,a5a7,,341,5
5,0,11,v2_tablebase,P34,endgame,6,35.604,a5a6,,341,6
5,0,11,v2_tablebase,P35,endgame,4,41.852,f2g1,,36,4
5,0,11,v2_tablebase,P35,endgame,5,146.434,f2g1,,36,5
5,0,11,v2_tablebase,P35,endgame,6,363.049,f2g1,,36,6
5,0,11,v2_tablebase,P36,endgame,4,24.447,g1f2,,-23,4
5,0,11,v2_tablebase,P36,endgame,5,69.627,g1f2,,-23,5
5,0,11,v2_tablebase,P36,endgame,6,180.688,g1f2,,-23,6
5,0,11,v2_tablebase,P37,endgame,4,44.082,g3g7,,23,4
5,0,11,v2_tablebase,P37,endgame,5,117.158,g3g7,,23,5
5,0,11,v2_tablebase,P37,endgame,6,310.656,g8g7,,23,6
5,0,11,v2_tablebase,P38,endgame,4,9.005,a4b5,,-15,4
5,0,11,v2_tablebase,P38,endgame,5,37.692,a4b5,,-15,5
5,0,11,v2_tablebase,P38,endgame,6,138.972,a4b5,,-15,6
5,0,11,v2_tablebase,P39,endgame,4,18.747,d2g2,,-37,4
5,0,11,v2_tablebase,P39,endgame,5,64.706,d2g2,,-37,5
5,0,11,v2_tablebase,P39,endgame,6,287.914,d2a2,,-37,6
5,0,11,v2_tablebase,P40,endgame,4,31.987,e3e8,,99,4
5,0,11,v2_tablebase,P40,endgame,5,112.653,e3e8,,99,5
5,0,11,v2_tablebase,P40,endgame,6,292.332,a4a5,,99,6
5,0,12,v1_baseline,P01,opening,4,86.093,a7a5,,-53,4
5,0,12,v1_baseline,P01,opening,5,386.446,b8c6,,-53,5
5,0,12,v1_baseline,P01,opening,6,1806.791,b8c6,,-53,6
5,0,12,v1_baseline,P02,opening,4,225.913,e8g8,,20,4
5,0,12,v1_baseline,P02,opening,5,1226.658,e8g8,,20,5
5,0,12,v1_baseline,P02,opening,6,5519.469,c5b4,,20,6
5,0,12,v1_baseline,P03,opening,4,90.751,a7a5,,27,4
5,0,12,v1_baseline,P03,opening,5,374.036,c8e6,,27,5
5,0,12,v1_baseline,P03,opening,6,2077.490,c8e6,,27,6
5,0,12,v1_baseline,P04,opening,4,120.002,d4e5,,18,4
5,0,12,v1_baseline,P04,opening,5,398.035,d4e5,,18,5
5,0,12,v1_baseline,P04,opening,6,1726.128,d4e5,,18,6
5,0,12,v1_baseline,P05,opening,4,149.716,e1g1,,-11,4
5,0,12,v1_baseline,P05,opening,5,816.088,e1g1,,-11,5
5,0,12,v1_baseline,P05,opening,6,3396.862,e1g1,,-11,6
5,0,12,v1_baseline,P06,opening,4,87.079,f1c4,,-19,4
5,0,12,v1_baseline,P06,opening,5,478.088,f1c4,,-19,5
5,0,12,v1_baseline,P06,opening,6,1647.422,f1c4,,-19,6
5,0,12,v1_baseline,P07,opening,4,58.331,g8f6,,-26,4
5,0,12,v1_baseline,P07,opening,5,278.461,g8f6,,-26,5
5,0,12,v1_baseline,P07,opening,6,1328.627,g8f6,,-26,6
5,0,12,v1_baseline,P08,opening,4,90.003,g8f6,,19,4
5,0,12,v1_baseline,P08,opening,5,460.794,g8f6,,19,5
5,0,12,v1_baseline,P08,opening,6,2551.906,b8c6,,19,6
5,0,12,v1_baseline,P09,opening,4,115.936,e3e4,,158,4
5,0,12,v1_baseline,P09,opening,5,733.754,d3c2,,158,5
5,0,12,v1_baseline,P09,opening,6,3170.532,d3c2,,158,6
5,0,12,v1_baseline,P10,opening,4,66.810,g8f6,,13,4
5,0,12,v1_baseline,P10,opening,5,299.423,e7e5,,13,5
5,0,12,v1_baseline,P10,opening,6,1191.168,d6d5,,13,6
5,0,12,v1_baseline,P11,opening,4,55.930,f1d3,,-55,4
5,0,12,v1_baseline,P11,opening,5,251.518,e4e5,,-55,5
5,0,12,v1_baseline,P11,opening,6,1068.878,e4e5,,-55,6
5,0,12,v1_baseline,P12,opening,4,114.739,c8d7,,-14,4
5,0,12,v1_baseline,P12,opening,5,315.513,c8d7,,-14,5
5,0,12,v1_baseline,P12,opening,6,1306.652,c8d7,,-14,6
5,0,12,v1_baseline,P13,opening,4,13.541,b8c6,,-1,4
5,0,12,v1_baseline,P13,opening,5,104.343,e7e6,,-1,5
5,0,12,v1_baseline,P13,opening,6,501.504,e7e6,,-1,6
5,0,12,v1_baseline,P14,opening,4,40.453,c6d4,,-37,4
5,0,12,v1_baseline,P14,opening,5,195.842,c6d4,,-37,5
5,0,12,v1_baseline,P14,opening,6,1042.732,c6d4,,-37,6
5,0,12,v1_baseline,P15,middlegame,4,97.142,h4g3,,76,4
5,0,12,v1_baseline,P15,middlegame,5,559.819,h4g3,,76,5
5,0,12,v1_baseline,P15,middlegame,6,2496.364,h4g3,,76,6
5,0,12,v1_baseline,P16,middlegame,4,182.145,a6a5,,-97,4
5,0,12,v1_baseline,P16,middlegame,5,646.093,a6a5,,-97,5
5,0,12,v1_baseline,P16,middlegame,6,3964.408,c8b7,,-97,6
5,0,12,v1_baseline,P17,middlegame,4,259.265,c6b4,,-124,4
5,0,12,v1_baseline,P17,middlegame,5,1222.316,e7g6,,-124,5
5,0,12,v1_baseline,P17,middlegame,6,6282.535,c6b4,,-124,6
5,0,12,v1_baseline,P18,middlegame,4,90.421,c1e3,,117,4
5,0,12,v1_baseline,P18,middlegame,5,450.805,c1e3,,117,5
5,0,12,v1_baseline,P18,middlegame,6,2061.360,c1e3,,117,6
5,0,12,v1_baseline,P19,middlegame,4,3.761,c4d5,,-197,4
5,0,12,v1_baseline,P19,middlegame,5,18.056,c4d5,,-197,5
5,0,12,v1_baseline,P19,middlegame,6,59.894,c4d5,,-197,6
5,0,12,v1_baseline,P20,middlegame,4,135.947,h7h6,,40,4
5,0,12,v1_baseline,P20,middlegame,5,555.487,h7h6,,40,5
5,0,12,v1_baseline,P20,middlegame,6,2239.654,h7h6,,40,6
5,0,12,v1_baseline,P21,middlegame,4,117.413,e7d5,,-46,4
5,0,12,v1_baseline,P21,middlegame,5,430.166,e7d5,,-46,5
5,0,12,v1_baseline,P21,middlegame,6,2397.551,e7d5,,-46,6
5,0,12,v1_baseline,P22,middlegame,4,107.653,g1h1,,69,4
5,0,12,v1_baseline,P22,middlegame,5,338.573,g1h1,,69,5
5,0,12,v1_baseline,P22,middlegame,6,1747.599,g1h1,,69,6
5,0,12,v1_baseline,P23,middlegame,4,170.681,f8e8,,33,4
5,0,12,v1_baseline,P23,middlegame,5,893.933,f8e8,,33,5
5,0,12,v1_baseline,P23,middlegame,6,3900.724,e7f6,,33,6
5,0,12,v1_baseline,P24,middlegame,4,191.455,b5c6,,156,4
5,0,12,v1_baseline,P24,middlegame,5,1516.116,b5c6,,156,5
5,0,12,v1_baseline,P24,middlegame,6,5477.573,f4e3,,156,6
5,0,12,v1_baseline,P25,middlegame,4,315.208,d7f6,,-100,4
5,0,12,v1_baseline,P25,middlegame,5,1335.964,d7b6,,-100,5
5,0,12,v1_baseline,P25,middlegame,6,5670.124,d7b6,,-100,6
5,0,12,v1_baseline,P26,middlegame,4,85.889,g8g7,,-298,4
5,0,12,v1_baseline,P26,middlegame,5,601.478,g8g7,,-298,5
5,0,12,v1_baseline,P26,middlegame,6,2904.554,g8g7,,-298,6
5,0,12,v1_baseline,P27,middlegame,4,42.722,b4c6,,-98,4
5,0,12,v1_baseline,P27,middlegame,5,208.666,b4c6,,-98,5
5,0,12,v1_baseline,P27,middlegame,6,832.106,b4c6,,-98,6
5,0,12,v1_baseline,P28,middlegame,4,108.258,c3d3,,-86,4
5,0,12,v1_baseline,P28,middlegame,5,426.032,c3d3,,-86,5
5,0,12,v1_baseline,P28,middlegame,6,1298.188,c3d3,,-86,6
5,0,12,v1_baseline,P29,middlegame,4,91.215,d8e8,,-52,4
5,0,12,v1_baseline,P29,middlegame,5,469.401,c8b8,,-52,5
5,0,12,v1_baseline,P29,middlegame,6,2390.086,c8b8,,-52,6
5,0,12,v1_baseline,P30,middlegame,4,261.150,f5f4,,-100,4
5,0,12,v1_baseline,P30,middlegame,5,1110.907,f5f4,,-100,5
5,0,12,v1_baseline,P30,middlegame,6,4037.151,f5f4,,-100,6
5,0,12,v1_baseline,P31,endgame,4,59.039,c5g1,,-280,4
5,0,12,v1_baseline,P31,endgame,5,196.686,c5g1,,-280,5
5,0,12,v1_baseline,P31,endgame,6,295.028,c5g1,,-280,6
5,0,12,v1_baseline,P32,endgame,4,16.223,f2e3,,156,4
5,0,12,v1_baseline,P32,endgame,5,41.317,f2e3,,156,5
5,0,12,v1_baseline,P32,endgame,6,102.796,f2e3,,156,6
5,0,12,v1_baseline,P33,endgame,4,41.943,b4a4,,-113,4
5,0,12,v1_baseline,P33,endgame,5,127.263,b4a4,,-113,5
5,0,12,v1_baseline,P33,endgame,6,585.565,b4a4,,-113,6
5,0,12,v1_baseline,P34,endgame,4,4.849,a5a6,,341,4
5,0,12,v1_baseline,P34,endgame,5,16.470,a5a7,,341,5
5,0,12,v1_baseline,P34,endgame,6,52.621,a5a6,,341,6
5,0,12,v1_baseline,P35,endgame,4,50.208,f2g1,,36,4
5,0,12,v1_baseline,P35,endgame,5,154.267,f2g1,,36,5
5,0,12,v1_baseline,P35,endgame,6,542.487,f2g1,,36,6
5,0,12,v1_baseline,P36,endgame,4,30.407,g1f2,,-23,4
5,0,12,v1_baseline,P36,endgame,5,80.986,g1f2,,-23,5
5,0,12,v1_baseline,P36,endgame,6,200.657,g1f2,,-23,6
5,0,12,v1_baseline,P37,endgame,4,32.922,g3g7,,23,4
5,0,12,v1_baseline,P37,endgame,5,90.065,g8g7,,23,5
5,0,12,v1_baseline,P37,endgame,6,303.534,g3g7,,23,6
5,0,12,v1_baseline,P38,endgame,4,10.807,a4b5,,-15,4
5,0,12,v1_baseline,P38,endgame,5,45.661,a4b5,,-15,5
5,0,12,v1_baseline,P38,endgame,6,154.444,a4b5,,-15,6
5,0,12,v1_baseline,P39,endgame,4,29.108,d2g2,,-37,4
5,0,12,v1_baseline,P39,endgame,5,112.035,d2g2,,-37,5
5,0,12,v1_baseline,P39,endgame,6,511.763,d2a2,,-37,6
5,0,12,v1_baseline,P40,endgame,4,34.307,e3e8,,99,4
5,0,12,v1_baseline,P40,endgame,5,124.932,e3e8,,99,5
5,0,12,v1_baseline,P40,endgame,6,324.738,a4a5,,99,6
